No video found for #BLUD Demo  PC
No video found for #COMPASS COMbat Providence AnalysiS System  Mobile
No video found for #COMPASS Live Arena  Mobile
No video found for #RaceDieRun  Switch
No video found for &  Sora no Mukou de Saki Masuyou ni  Vita
No video found for '&'  Sora no Mukou de Sakimasu you ni   PC
No video found for '98 Koushien  PS1
No video found for '99 Koushien  PS1
No video found for 'Splosion Man  Xbox 360
No video found for hackLink  PSP
No video found for hack GU Last Recode  PS4
No video found for hack Versus  PS3
No video found for 0 Day Attack on Earth  Xbox 360
No video found for 0ji no Kane to Cinderella  Halloween Wedding  PSP
No video found for 007  Agent Under Fire  PS2
No video found for 007  Agent Under Fire  GameCube
No video found for 007  Everything or Nothing  GameCube
No video found for 007  Everything or Nothing  PS2
No video found for 007  From Russia With Love  PSP
No video found for 007  From Russia With Love  Xbox
No video found for 007  From Russia With Love  GameCube
No video found for 007  From Russia With Love   PS2
No video found for 007  NightFire  Xbox
No video found for 007  Nightfire  GameCube
No video found for 1,000,000 Dollar Pyramid, The  Wii
No video found for 12 summer+  PSP
No video found for 10 Days Under The Sea  PC
No video found for 10 Second Ninja X  Vita
No video found for 10 Talismans  PC
No video found for 100 Demon Fantasia   Switch
No video found for 100 Man Yen Quiz Hunter  PS1
No video found for 100% Pascal Sensei  Kanpeki Paint Bombers  3DS
No video found for 1000 Tiny Claws  PSP
No video found for 1000m Zombie Escape!  3DS
No video found for 1000m Zombie Escape!   Mobile
No video found for 1001 Spikes  3DS
No video found for 1001 Spikes  PC
No video found for 1001 Spikes  Vita
No video found for 1001 Spikes  Wii U
No video found for 1001 Touch Games  DS
No video found for 100ft Robot Golf  PC
No video found for 101 Pinball World  DS
No video found for 101 in 1 Megamix  PSP
No video found for 101in1 Party Megamix  Wii
No video found for 101in1 Sports Party Megamix  Wii
No video found for 102 Dalmatians  Puppies to the Rescue  PC
No video found for 102 Dalmatians  Puppies to the Rescue  Dreamcast
No video found for 1080  Avalanche  GameCube
No video found for 11 Eyes  CrossOver  Xbox 360
No video found for 11 Eyes  CrossOver  PSP
No video found for 11eyes  Tsumi to Batsu to Aganai no Shoujo  PC
No video found for 12Ji no Kane to Cinderella  Halloween Wedding  PSP
No video found for 12Sai Honto no Kimochi  3DS
No video found for 12Sai Koisuru Diary  3DS
No video found for 120en no Haru  120 Yen Stories  PS2
No video found for 12Riven  The PsiCliminal of Integral  PS2
No video found for 12Riven  The PsiCliminal of Integral  PC
No video found for 13 Sentinels  Aegis Rim  Switch
No video found for 13 Sentinels  Aegis Rim   PS4
No video found for 1552 Tenka Dairan  PC Engine
No video found for 18 Wheeler  American Pro Trucker  Dreamcast
No video found for 18 Wheeler  American Pro Trucker  PS2
No video found for 18 Wheeler  American Pro Trucker  GameCube
No video found for 18 Wheels of Steel  American Long Haul  PC
No video found for 18 Wheels of Steel  Extreme Trucker  PC
No video found for 18 Wheels of Steel  Extreme Trucker 2  PC
No video found for 18 Wheels of Steel  Hard Truck  PC
No video found for 18 Wheels of Steel  Haulin'  PC
No video found for 18 Wheels of Steel  Pedal to the Metal  PC
No video found for 187  Ride or Die  PS2
No video found for 187  Ride or Die  Xbox
No video found for 1917  The Alien Invasion DX  PC
No video found for 1954  Alcatraz  PC
No video found for 1nsane  PC
No video found for 200% Mixed Juice  PC
No video found for 2003nen Kaimaku  Ganbare Kyuukaiou  Iwayuru Pro Yakyuu desu ne  PS2
No video found for 2013  Infected Wars  Vita
No video found for 2020 Super Baseball  Neo Geo CD
No video found for 2048 CAT  Switch
No video found for 2064  Read Only Memories  Vita
No video found for 2064  Read Only Memories  PC
No video found for 2064  Read Only Memories INTEGRAL  Switch
No video found for 21  TwoOne  Dreamcast
No video found for 24ji no Kane to Cinderella  Halloween Wedding  PSP
No video found for 25 to Life  PC
No video found for 25 to Life  PS2
No video found for 25 to Life  Xbox
No video found for 250 Mannin no Kanken Wii de Tokoton Kanji Nou  Wii
No video found for 25th Ward  The Silver Case, The  PC
No video found for 25th Ward  The Silver Case, The  PS4
No video found for 2D Adventures of Rotating Octopus Character, The  PS3
No video found for 2Tax Gold  Saturn
No video found for 2XL ATV Offroad  Mobile
No video found for 2XL Supercross  PC
No video found for 2XL Supercross  Mobile
No video found for 2XL Supercross HD  Mobile
No video found for 2XL Trophylite Rally HD  Mobile
No video found for 3 Count Bout   Neo Geo CD
No video found for 3 Stars of Destiny  PC
No video found for 3D Ultra Radio Control Racers  PC
No video found for 3Nen BGumi Kinpachi Sensei  Densetsu no Kyoudan ni Tate!  PS2
No video found for 3 2 1 SuperCrash!  PSP
No video found for 3079  PC
No video found for 3089  Futuristic Action RPG Phr00t's Software) PC
No video found for 30XX  PC
No video found for 30XX PreAlpha Demo  PC
No video found for 32 Secs  Switch
No video found for 360 Breakout  Wii U
No video found for 3D Game Collection  55in1   3DS
No video found for 3D MahJongg  3DS
No video found for 3D Shooting Tsukuru  PS1
No video found for 3D Twist & Match  PSP
No video found for 3D Ultra MiniGolf Adventures 2  Xbox 360
No video found for 3D Ultra MiniGolf Adventures  Xbox 360
No video found for 3D Ultra Minigolf Adventures 2  PS3
No video found for 3D Ultra Minigolf Deluxe  PC
No video found for 3Souls  Wii U
No video found for 3x3 Eyes  Sanjiyan Henjou  PC Engine
No video found for 4 Elements  3DS
No video found for 4 Elements II  PC
No video found for 40 Winks  Dream Story    PS1
No video found for 404 Game RESET  Mobile
No video found for 404 Game RESET ProloguE  Mobile
No video found for 4089  Ghost Within  PC
No video found for 428  Fuusasareta Shibuya de  Wii
No video found for 4x4 Evo  Dreamcast
No video found for 4x4 Evo  PS2
No video found for 4x4 Evo 2  PC
No video found for 4x4 Evo 2  GameCube
No video found for 4x4 Evo 2  PS2
No video found for 4x4 Evolution  PS2
No video found for 5 Arcade Gems  Wii
No video found for 5in1 Solitaire  PSP
No video found for 5nin no Koi Prince  Himitsu no Keiyaku Kekkon  Vita
No video found for 50 Cent  Bulletproof  PS2
No video found for 50 Cent  Bulletproof  Xbox
No video found for 50 Classic Games   DS
No video found for 5089 The Action RPG  PC
No video found for 6180 the Moon  3DS
No video found for 6180 the moon  PC
No video found for 6180 the moon  Wii U
No video found for 6Souls  PC
No video found for 7  Molmorth no Kiheitai  PS2
No video found for 7 Days to Die  PC
No video found for 7 Mages  PC
No video found for 7 Wonders  Treasures of Seven  DS
No video found for 7 Wonders of the Ancient World  PS2
No video found for 7'scarlet  Vita
No video found for 7'scarlet  PC
No video found for 762 High Calibre  PC
No video found for 7th Dragon III Code  VFD  3DS
No video found for 8 Bit Fiesta  PC
No video found for 8Bit Bayonetta  PC
No video found for 8Bit Commando  PC
No video found for 8Bit YUNO's Great Adventure   Switch
No video found for 88 Heroes  98 Heroes Edition  Switch
No video found for 8Bit Hero  Wii U
No video found for 9 MM  Mobile
No video found for 9 RIP  Switch
No video found for 9nine Episode 1   PC
No video found for 9nine Episode 4   PC
No video found for 90 Minutes  Sega Championship Football  Dreamcast
No video found for 911  First Responders   PC
No video found for 99 Spirits  Cage of Night  PC
No video found for 9Dragons  PC
No video found for 9th Company  Roots of Terror  PC
No video found for A Collection of Bad Moments PC] PC
No video found for A King's Tale  Final Fantasy XV  PS4
No video found for A Lenda do Heroi  PC
No video found for A Quiver of Crows  PC
No video found for A Rank Thunder  Tanjouhen  Mega Drive
No video found for AMen  PC
No video found for AMen 2  PC
No video found for ARessha de Ikou 2001  PS2
No video found for ARessha de Ikou Z  Mezase! Tairiku Oudan  PS1
No video found for ATrain  All Aboard! Tourism   Switch
No video found for ATrain 6  PS2
No video found for ATrain 9   PC
No video found for ATrain   PS1
No video found for AIM 2  Clan Wars  PC
No video found for AIM$ All you need Is Money  Mobile
No video found for AIII  ARessha de Ikou 3  PC Engine
No video found for ARES Extinction Agenda  PC
No video found for AW  Phoenix Festa   Vita
No video found for A5  ARessha de Ikou 5  PS1
No video found for ABC Wipeout  Create and Crash  Wii U
No video found for ABC Wipeout 3  Wii U
No video found for ABRACA  Imagic Games  PC
No video found for ABZU  PC
No video found for ACT IT OUT! A Game of Charades  Wii U
No video found for AD&D  Eye of the Beholder  Mega Drive
No video found for ADK Tamashii  PS2
No video found for ADK World  Neo Geo CD
No video found for ADVANCED POWER DoLLS 2  PC
No video found for AER Memories of Old  Switch
No video found for AFL Challenge  PSP
No video found for AFL Evolution 2  PC
No video found for AFL Gold Edition  Mobile
No video found for AFL Live PremierShip Edition  Xbox
No video found for AFTERLOST Shoumetsu Toshi  Mobile
No video found for AG Drive  Mobile
No video found for AI  The Somnium Files  PC
No video found for AI  The Somnium Files  Switch
No video found for AI  The Somnium Files  nirvanA Initiative  Switch
No video found for AI War  Fleet Command  PC
No video found for AIPD  Artificial Intelligence Police Department  PC
No video found for AKxolotl  Switch
No video found for AKA to BLUE  Mobile
No video found for AKB1149  Ren'ai Sousenkyo  PSP
No video found for AKB148  Idol to Guam de Koishitara  PSP
No video found for AKB148  Idol to Koishitara  PSP
No video found for ALFA  Antiterror  PC
No video found for ALICE Fiction  Mobile
No video found for ALICE VR  PC
No video found for ALPHADIA GENESIS  Wii U
No video found for ALTDEUS  Beyond Chronos  PC
No video found for AM2R  Return of Samus  PC
No video found for AMEDAMA Demo  PC
No video found for AMF Bowling  World Lanes  Wii
No video found for AMF Bowling Pinbusters!  Wii
No video found for AMID EVIL  PC
No video found for AND 1 Streetball  PS2
No video found for ANNO  Mutationem  Switch
No video found for ANONYMOUS;CODE  Switch
No video found for AOD  Art of Defense  PC
No video found for ARC Squadron  Mobile
No video found for ARES  Extinction Agenda  PC
No video found for ARK  Survival Evolved  PS4
No video found for ATOMIK  RunGunJumpGun  Switch
No video found for ATRI My Dear Moments  PC
No video found for ATV Offroad Fury  PS2
No video found for ATV Offroad Fury  Blazin' Trails  PSP
No video found for ATV Offroad Fury 2  PS2
No video found for ATV Offroad Fury 3  PS2
No video found for ATV Offroad Fury 4  PS2
No video found for ATV Offroad Fury Pro  PSP
No video found for ATV Quad Power Racing 2  GameCube
No video found for AVICII Invector Encore Edition  Switch
No video found for Aa! Megamisama!  PS2
No video found for Aarklash  Legacy  PC
No video found for Aaru's Awakening  PC
No video found for Abarenbou Princess  PS2
No video found for Abigail und das Koenigreich der Jahrmaerkte  PC
No video found for Aborigenus  PC
No video found for Aborigenus  Switch
No video found for Abra Academy 2  Returning Cast  PC
No video found for Absolute Drift  Switch
No video found for Absolutely Unstoppable MineRun  Wii U
No video found for Abunai Koi no Sousashitsu  PSP
No video found for Abunai Koi no Sousashitsu  Eternal Happiness  Vita
No video found for Abyss  Wii U
No video found for Abyss of the Sacrifice  Switch
No video found for Academy of Champions  Soccer  Wii
No video found for Accel World  Ginyoku no Kakusei  PS3
No video found for Accel World  Ginyoku no Kakusei  PSP
No video found for Accel World  Kasoku no Chouten  PSP
No video found for Accel World vs Sword Art Online  Deluxe Edition  PC
No video found for Accel World vs Sword Art Online   Vita
No video found for Ace Armstrong vs the Alien Scumbags!  PSP
No video found for Ace Combat  Assault Horizon  Xbox 360
No video found for Ace Combat 4  Shattered Skies   PS2
No video found for Ace Combat 7  Skies Unknown  PS4
No video found for Ace Combat Xi  Skies of Incursion  Mobile
No video found for Ace Mathician    DS
No video found for Aces of the Luftwaffe  Squadron  PC
No video found for Aconcagua  PS1
No video found for Across Age 2  Mobile
No video found for Across Age DX  Mobile
No video found for Across the Obelisk  PC
No video found for Act of Fury  Kraine's Revenge  Mobile
No video found for ActRaiser Renaissance  PC
No video found for ActRaiser Renaissance  Switch
No video found for Action Bass  PS1
No video found for Action Girlz Racing  Wii
No video found for Action Man  Operation Extreme   PS1
No video found for Action Taimanin  Mobile
No video found for Active Life  Explorer   Wii
No video found for Active Life  Extreme Challenge  Wii
No video found for Active Life  Magical Carnival  Wii
No video found for Active Life  Outdoor Challenge  Wii
No video found for Active Neurons  Puzzle game  Switch
No video found for Active Soccer 2 DX  Vita
No video found for Activision Anthology  PC
No video found for Activision Hits Remixed  PSP
No video found for Actual Sunlight  Vita
No video found for Ad Lib Ouji  to Fuyukai na Nakamatachi!  PS1
No video found for Adabana Odd Tales   PC
No video found for Adera  Mobile
No video found for Adidas miCoach  Xbox 360
No video found for Adrenalin Misfits   Xbox 360
No video found for Adrenalin   PC
No video found for Adrenaline Rush  Miami Drive  Switch
No video found for Advan Racing  PS1
No video found for Advance Wars 1+2  ReBoot Camp  Switch
No video found for Advanced Daisenryaku  Sturm uber Europa  Der Deutsche Blitzkrieg  Dreamcast
No video found for Advanced Daisenryaku 2001  Dreamcast
No video found for Adventure  Island  The Beginning   Wii
No video found for Adventure Field 4  PC
No video found for Adventure Pals, The  Switch
No video found for Adventure Pals, The  PC
No video found for Adventure Time  Explore the Dungeon Because I DON'T KNOW!  3DS
No video found for Adventure Time  Explore the Dungeon Because I Don't Know!  Wii U
No video found for Adventure Time  Hey Ice King! Why'd You Steal Our Garbage  3DS
No video found for Adventure Time  Hey Ice King! Why'd You Steal Our Garbage  DS
No video found for Adventure Time  Hey Ice King! Why'd You Steal Our Garbage   3DS
No video found for Adventure Time  Hey Ice King! Why'd You Steal Our Garbage   DS
No video found for Adventure Time  The Secret of the Nameless Kingdom  Xbox 360
No video found for Adventure Time  The Secret of the Nameless Kingdom   3DS
No video found for Adventure Time  The Secret of the Nameless Kingdom   Vita
No video found for Adventure Time Explore the Dungeon Because I DON’T KNOW!  PS3
No video found for Adventure Time Finn & Jake Investigations  PS4
No video found for Adventure Time Game Wizard  Draw Your Own Adventure  PC
No video found for Adventure To Fate Quest To The Future  Mobile
No video found for Adventure of Tokyo Disney Sea  Ushinawareta Houseki no Himitsu  PS2
No video found for Adventurer's Tale, An  PC
No video found for Adventures of 00 Dilly, The  Switch
No video found for Adventures of Elena Temple, The  Switch
No video found for Adventures of Jimmy Neutron  Boy Genius, The  Jet Fusion  GameCube
No video found for Adventures of Jimmy Neutron  Boy Genius, The  Jet Fusion  PS2
No video found for Adventures of Jimmy Neutron Boy Genius vs Jimmy Negatron, The  PC
No video found for Adventures of Jimmy Neutron Boy Genius, The  Attack of the Twonkies  GBA
No video found for Adventures of Jimmy Neutron Boy Genius, The  Attack of the Twonkies  GBA
No video found for Adventures of Pip  Wii U
No video found for Adventures of Pip  PS4
No video found for Adventures of Pip  Switch
No video found for Adventures of Ten and Till, The  PC
No video found for Adventures of Tintin, The  Mobile
No video found for Adventures of Tintin, The  The Game   PS3
No video found for Adventures of Tintin, The  The Game   Wii
No video found for Aegis of Earth  Protonovus Assault   Vita
No video found for Aenigma Os  Wii U
No video found for Aeolis Tournament  PC
No video found for Aeon Flux  PS2
No video found for Aeon Must Die!  Switch
No video found for AereA  PC
No video found for Aerial Destruction  PC
No video found for Aerial_Knight's Never Yield  Switch
No video found for Aero Dancing i  Jikai Saku Made Matemasen  Dreamcast
No video found for Aero Elite  Combat Academy  PS2
No video found for Aero Fighters 2   Neo Geo CD
No video found for Aero Fighters 3   Neo Geo CD
No video found for AeroWings 2  Air Strike   Dreamcast
No video found for AeroWings   Dreamcast
No video found for Aerobics Revolution  PS2
No video found for AeternoBlade  PC
No video found for AeternoBlade 2  PC
No video found for Aeternum Quest  Switch
No video found for Afraid Gear  PS1
No video found for Afro Samurai  PS3
No video found for After Armageddon Gaiden  Majuu Toushouden Eclipse  Mega Drive
No video found for After Wave  Downfall  Switch
No video found for After  Wasureenu Kizuna  Dreamcast
No video found for Afterfall  InSanity Extended Edition  PC
No video found for Age of Decadence, The  PC
No video found for Age of Fear 4  The Iron Killer  PC
No video found for Age of Pirates 2  City of Abandoned Ships  PC
No video found for Age of Sail  PC
No video found for Age of Sail II  Privateer's Bounty  PC
No video found for Age of Wonders  PC
No video found for Age of Wonders II  PC
No video found for Age of Zombies  Mobile
No video found for Agent A  A Puzzle in Disguise  Mobile
No video found for Agent Hugo  Roborumble  PS2
No video found for Agent Hugo  Roborumble  PS2
No video found for Agents of Storm  Mobile
No video found for Ages of Mages  The Last Keeper  PC
No video found for Aggresive Inline  GameCube
No video found for Aggressive Inline   Xbox
No video found for Aggressors  Ancient Rome  PC
No video found for Aggressors of Dark Kombat   Neo Geo CD
No video found for Agile Warrior F111X   PS1
No video found for Ai Kiss  Switch
No video found for Ai Kiss 2  Switch
No video found for Ai Kiss 3  Cute  Switch
No video found for Ai Mai Misuto  PC
No video found for AiRace Speed  3DS
No video found for AiRace Xeno   3DS
No video found for Aika Online  PC
No video found for Aikagi  Hidamari to Kanojo no Heyagi  Dreamcast
No video found for Aikano ~Yukizora no Triangle~  Switch
No video found for Aion   PC
No video found for Air Conflicts  Aces of World War II  PSP
No video found for Air Conflicts  Pacific Carriers  PC
No video found for Air Conflicts  Vietnam  Xbox 360
No video found for Air Conflicts  Vietnam  PC
No video found for Air Management '96  Saturn
No video found for Air Twister  Switch
No video found for AirBlade  PS2
No video found for AirMech Command VR  PC
No video found for AirXonix  PC
No video found for AirXonix  Mobile
No video found for Airborne Motocross  Switch
No video found for Airforce Delta Strike   PS2
No video found for Airforce Delta   Dreamcast
No video found for Airheart  Tales of Broken Wings  PC
No video found for Airline Tycoon 2  Gold Edition  PC
No video found for Airport Tycoon 2  PC
No video found for Airport Tycoon 3  PC
No video found for Airship Q  Vita
No video found for Aishiau Kotoshika Dekinai  PS1
No video found for Aisle Lord  Mega Drive
No video found for AitakuteYour Smiles in My Heart  PS1
No video found for Aiyoku no Eustia  Switch
No video found for Aiyoku no Eustia  Angel's Blessing  Vita
No video found for Aka  PC
No video found for Akagawa Jirou  Yasoukyoku 2  PS1
No video found for Akagawa Jirou Tsuki no Hikari ~Shizumeru Kane no Satsujin~  PS2
No video found for Akai Ito  PS2
No video found for Akai Ito DS  DS
No video found for Akai Katana Shin  Switch
No video found for Akai Katana   Xbox 360
No video found for Akai Suna Ochiru Tsuki  Vita
No video found for Akane  PC
No video found for Akane Iro ni Somaru Saka  PC
No video found for Akane Iro ni Somaru Saka  Parallel  PS2
No video found for Akane The Kunoichi  PC
No video found for Akatsuki no Amaneka to Aoi Kyojin  Xbox 360
No video found for Akaya Akashiya Ayakashino  PSP
No video found for Akazukin Cha Cha  Osawagase Panic Race  PC Engine
No video found for Akiba's Beat  PS4
No video found for Akiba's Trip  Hellbound & Debriefed   Switch
No video found for Akihabara   Feel The Rhythm Remixed  Switch
No video found for Akihabara Dennougumi Pata Pies!  Dreamcast
No video found for Akinofa  Switch
No video found for Akuarium  Switch
No video found for Akuto  Showdown  Switch
No video found for AlQuadim  The Genie's Curse  PC
No video found for Aladdin in Nasira's Revenge  PS1
No video found for Alamandi  PC
No video found for Alarm for Cobra 11  Crash Time  PC
No video found for Alarm for Cobra 11  Nitro  PC
No video found for Alarm for Cobra 11 Vol 2  Hot Pursuit  PS2
No video found for Alarm für Cobra 11  Vol III  PC
No video found for Albert Odyssey  Legend of Eldean   Saturn
No video found for Albion Online  Mobile
No video found for Alchemage  PC
No video found for Alchemic Cutie  PC
No video found for Alchemic Dungeons DX  Switch
No video found for Alchemic Jousts  Switch
No video found for Alchemist's Castle  PC
No video found for Alchemist's Castle  Switch
No video found for Alchemy Mysteries  Prague Legends  PC
No video found for Alchemy Stars  Mobile
No video found for Aldred  Knight of Honor  Switch
No video found for Alea Jacta Est  PC
No video found for Alekhine's Gun  PC
No video found for Alex Ferguson's Player Manager 2001  PS1
No video found for Alex Kidd in Miracle World DX  Switch
No video found for Alexander  PC
No video found for Alice  Madness Returns  Xbox 360
No video found for Alice Closet  Mobile
No video found for Alice Gear Aegis  Mobile
No video found for Alice Gear Aegis CS  Concerto of Simulatrix  Switch
No video found for Alice Gear Aegis CS Concerto of Simulatrix  Switch
No video found for Alice Sisters  Switch
No video found for Alice in Wonderland  Wii U
No video found for Alice's Mom's Rescue  PC
No video found for Alien  Isolation  PC
No video found for Alien  Isolation  PS3
No video found for Alien Arena 2006  PC
No video found for Alien Arena 2010  PC
No video found for Alien Dominion  The Acronian Encounter  PC
No video found for Alien Flex  PC
No video found for Alien Front Online  Dreamcast
No video found for Alien Rage  PC
No video found for Alien Shooter 2  The Legend  PC
No video found for Alien Shooter Ex  Mobile
No video found for Alien With a Magnet, An  PC
No video found for Alien Zone  Mobile
No video found for Aliens Extermination  PC
No video found for Aliens Versus Predator  Extinction  Xbox
No video found for Aliens in the Attic  Wii
No video found for All Kamen Rider  Rider Generation 2  PSP
No video found for All Round Hunter  Wii
No video found for All Star Cheer Squad 2   Wii
No video found for All Star Cheer Squad   Wii
No video found for All Star Karate  Wii
No video found for All Star ProWrestling II  PS2
No video found for All Star ProWrestling III  PS2
No video found for All Zombies Must Die!  PC
No video found for AllStar Fruit Racing  Switch
No video found for Alliance Alive HD Remastered, The  Switch
No video found for Allied General  PS1
No video found for Allods Online  PC
No video found for Alluris  PC
No video found for Almightree  The Last Dreamer  PC
No video found for Alnam no Kiba  Juuzoku Juuni Shinto Densetsu  PC Engine
No video found for Alnam no Kiba  Shouzoku Juunishinto Densetsu  PS1
No video found for Alone Musc  Switch
No video found for Alone With You  Vita
No video found for Alone in the Dark  Xbox 360
No video found for Alpha Mission II   Neo Geo CD
No video found for Alpha Prime  PC
No video found for Alpha Protocol  PS3
No video found for Alpha Storm  PC
No video found for Alpha Zylon  PC
No video found for AlphaBounce    DS
No video found for Alphadia  3DS
No video found for Alphaset by POWGI  Switch
No video found for Alpine Racer 3  PS2
No video found for Alpine Racer 3   PS2
No video found for Alshark  Mega Drive
No video found for Alter Echo  Xbox
No video found for Alteric  Vita
No video found for Alternate Jake Hunter  Daedalus  The Awakening of Golden Jazz   Switch
No video found for Alto's Odyssey  Mobile
No video found for Altos Adventure  Mobile
No video found for Alundra 2  A New Legend Begins   PS1
No video found for Alvastia Chronicles  Vita
No video found for Alvin and the Chipmunks  The Squeakquel  DS
No video found for Alvora Tactics  PC
No video found for Alwa's Awakening  PC
No video found for Alwa's Awakening   Switch
No video found for Alwa's Legacy  PC
No video found for Alwa's Legacy  Switch
No video found for Amabilly  Switch
No video found for Amaekata wa Kanojo Nari ni  Vita
No video found for Amagami  PS2
No video found for Amairo Chocolata  PC
No video found for Amairo Islenauts  PC
No video found for Amanatsu Aru Manatsu no Hajimete no Ohanashi  PC
No video found for Amatsumi Sora ni! Kumo no Hatate ni  Vita
No video found for Amatsutsumi  Vita
No video found for Amayakase  Spoiling My SilverHaired Girlfriend   PC
No video found for Amayui Castle Meister  PC
No video found for Amazing Island  GameCube
No video found for Amazing Katamari Damacy  Mobile
No video found for Amazing Race, The  Wii
No video found for Amazing SpiderMan, The  Vita
No video found for Amazing Superhero Squad  Switch
No video found for Ambassador Kane  PSP
No video found for Ambition Record  Switch
No video found for Ameagari no Hanaby  PC
No video found for America's Next Top Model  Wii
No video found for America's Test Kitchen  Let's Get Cooking  DS
No video found for American Chopper  Xbox
No video found for American Chopper  PC
No video found for American Chopper 2  Full Throttle  Xbox
No video found for American Chopper 2  Full Throttle  PS2
No video found for American Chopper 2  Full Throttle  GameCube
No video found for American Chopper 2  Full Throttle  PC
No video found for American McGee's Crooked House  Mobile
No video found for American Mensa Academy  Wii
No video found for American Ninja Warrior Challenge  Switch
No video found for American Trucker  Die Simulation  PC
No video found for Amid Evil  PC
No video found for Ammo Pigs  Cocked and Loaded  Switch
No video found for Amnesia  PSP
No video found for Amnesia  Memories   Vita
No video found for Amnesia  The Dark Descent  PC
No video found for Amnesia Later  PSP
No video found for Amnesia Later x Crowd V Edition  Vita
No video found for Amnesia Rebirth  PC
No video found for Amnesia World  Vita
No video found for Amnesia for Nintendo Switch  Switch
No video found for Amoeba Battle  Microscopic RTS Action  Switch
No video found for Amok  Saturn
No video found for Amped  Freestyle Snowboarding   Xbox
No video found for Amped 2   Xbox
No video found for Ampersat  Switch
No video found for Amphora  PC
No video found for Amplitude  PS2
No video found for An American Werewolf in LA   Switch
No video found for An NPC's Odyssey   Switch
No video found for Anachronox  PC
No video found for Analogue  A Hate Story  PC
No video found for Ananias Roguelike  PC
No video found for Anarchy Reigns   Xbox 360
No video found for Ancient Battle  Rome  Mobile
No video found for Ancient Weapon Holly  Switch
No video found for AndKensaku  Wii
No video found for Andretti Racing  PS1
No video found for Anekan  Oneechan Kansatsu Nikki  PC
No video found for Ange Vierge  Girls Battle  Mobile
No video found for Angel Beats! 1st beat  PC
No video found for Angel Code  A Linda Hyde Mystery  PC
No video found for Angel Flare  PC
No video found for Angel Present  Dreamcast
No video found for Angel Wish  Kimi no Egao ni Chu!  PS2
No video found for Angel Wish  Kimi no Egao ni Chu!  Dreamcast
No video found for Angel's Feather  PS2
No video found for Angelic Concert  PS2
No video found for Angelic Concert  Xbox
No video found for Angelique  Maren no Rokukishi  PSP
No video found for Angelique Luminarise  Switch
No video found for Angelique Retour  Vita
No video found for Angelique Special 2  Saturn
No video found for Angelique Trois  PS2
No video found for Angelique Trois  Aizouhen  PS2
No video found for Anger Foot  PC
No video found for AngerForce  Reloaded  PC
No video found for Angry Birds 2  Mobile
No video found for Angry Birds Epic  Mobile
No video found for Angry Birds Go  Mobile
No video found for Angry Birds POP  Mobile
No video found for Angry Birds Racing  Mobile
No video found for Angry Birds Reloaded   Mobile
No video found for Angry Birds Reloaded   PC
No video found for Angry Birds Rio  Mobile
No video found for Angry Birds Seasons  Mobile
No video found for Angry Birds Seasons  PC
No video found for Angry Birds Space  Mobile
No video found for Angry Birds Space  PC
No video found for Angry Birds Star Wars  PS3
No video found for Angry Birds Star Wars II  PC
No video found for Angry Birds Transformers  Mobile
No video found for Angry Birds Trilogy  Wii
No video found for Angry Bunnies Colossal Carrot Crusade  Wii U
No video found for AnimA ARPG  Mobile
No video found for Anima  Ark of Sinners  Wii
No video found for Anima  Gate Of Memories  PC
No video found for Animal Crossing  City Folk   Wii
No video found for Animal Crossing  New Horizons   Switch
No video found for Animal Crossing  Pocket Camp  Mobile
No video found for Animal Crossing  Wild World   DS
No video found for Animal Gods  Wii U
No video found for Animal Kingdom  Wildlife Expedition    Wii
No video found for Animal Planet  Emergency Vets  DS
No video found for Animal Planet  Vet Life  Wii
No video found for Animal Up!  Switch
No video found for Animaniacs  The Great Edgar Hunt  GameCube
No video found for Animaniacs  The Great Edgar Hunt  PS2
No video found for Animastar  Dreamcast
No video found for Anime Slot Revolution  PachiSlot Kidou Senshi Gundam II  Ai Senshi Hen  Wii
No video found for Ankh  Curse of the Scarab King  DS
No video found for Ankh 2  Heart of Osiris  PC
No video found for Ankh 3  Battle of the Gods  PC
No video found for Annalynn  Switch
No video found for Anno 2070  PC
No video found for Ano Hi Mita Hana no Namae o Bokutachi wa Mada Shiranai  PSP
No video found for Ano Machi no Koi no Uta  PC
No video found for Anodyne  PC
No video found for Anodyne 2  PC
No video found for Anoko wa Ore Kara Hanarenai  Vita
No video found for Anomaly 2  PC
No video found for Anonymous ME  PC
No video found for Another Century's Episode  R  PS3
No video found for Another Code R  A Journey into Lost Memories   Wii
No video found for Another Code Recollection Demo  Switch
No video found for Another Eden  Mobile
No video found for Another Mind  PS1
No video found for Anpanman Niko Niko Party  Wii
No video found for Anpanman to Asobo  ABC Kyoushitsu  DS
No video found for Anpanman to Asobu  Aiueo Kyoushitsu DX  DS
No video found for Antagonist  PC
No video found for AntharioN  PC
No video found for Antiquia Lost  PC
No video found for Antiquia Lost   Vita
No video found for Antisphere  PC
No video found for Antonblast   PC
No video found for Antz Extreme Racing  Xbox
No video found for Anubis II  Wii
No video found for Ao no 6gou  Saigetsu Fumahito  Time and Tide  Dreamcast
No video found for Ao no Exorcist  Genkoku no Labyrinth  PSP
No video found for Ao no Kanata no Four Rhythm  Vita
No video found for Ao no Mama de  PS2
No video found for AoDon DS  Hanabi no Kiwami and Hanabi no Takumi  DS
No video found for Aoi Namida  Xbox
No video found for Aoi Sora no Neosphere  Nanoca Flanka Hatsumei Koubouki 2  PS2
No video found for Aoi Umi no Tristia  Nanoca Flanka Hatsumei Koubouki  PS2
No video found for Aoki Ookami to Shiroki Mejika  Genchou Hishi  PC Engine
No video found for Aoki Tsubasa no Chevalier  Vita
No video found for Aonatsu Line  Vita
No video found for Aonatsu Line Blue, Summertime Blue  Switch
No video found for Aozora to Nakamatachi  Yume no Bouken Plus  PS1
No video found for Apache  Air Assault  Xbox 360
No video found for Apache Overkill  PSP
No video found for Ape Escape 3   PS2
No video found for Ape Quest   PSP
No video found for Aperion Cyberstorm  Wii U
No video found for Aperture Desk Job  PC
No video found for Apex Construct  PC
No video found for Apocalypse  Desire Next  Xbox 360
No video found for Apocalypse Max  Better Dead Than UNDEAD  Mobile
No video found for Apocalypse Rider  PC
No video found for Apocripha0  PS2
No video found for Apocryph_ an oldschool shooter  PC
No video found for Apotheon  PC
No video found for Apotheosis Project, The  PC
No video found for Apple Slash  Switch
No video found for Apples to Apples   PS3
No video found for Appleseed EX  PS2
No video found for Aqua Aqua    PS2
No video found for Aqua GT  PS1
No video found for Aqua Lungers  Switch
No video found for Aqua Moto Racing Utopia  Switch
No video found for Aqua Moto Racing Utopia  Wii U
No video found for Aqua Panic  PC
No video found for Aqua Panic!  Wii
No video found for Aqua TV  Wii U
No video found for Aqua TV  Switch
No video found for AquaNox  PC
No video found for AquaNox 2  Revelation  PC
No video found for AquaPazza  AquaPlus Dream Match  PS3
No video found for AquaZone  Desktop Life  Saturn
No video found for Aquaman  Battle for Atlantis  GameCube
No video found for Aquaria  PC
No video found for Aquarium  Switch
No video found for Aquarius Baseball  Genkai no, sono saki he  Wii
No video found for Ar nosurge  Ode to an Unborn Star DX  PC
No video found for Ar nosurge  Ode to an Unborn Star DX  Switch
No video found for Ar tonelico Qoga  Knell of Ar Ciel   PS3
No video found for Ara Fell  PC
No video found for Arabians Doubt ~The Engagement on Desert~  PSP
No video found for Arabians Lost ~The Engagement on Desert~  DS
No video found for Aragami  PS4
No video found for Aragami  Shadow Edition  Switch
No video found for Arc Apellago  PC
No video found for Arc Rise Fantasia  Wii
No video found for Arc The Lad  End of Darkness   PS2
No video found for Arc of Alchemist for Nintendo Switch  Switch
No video found for Arc the Lad  PS1
No video found for Arc the Lad II  PS1
No video found for Arc the Lad III  PS1
No video found for Arc the Lad R  Mobile
No video found for Arca Last  Mobile
No video found for Arca's Path VR  PC
No video found for Arcade Essentials  PSP
No video found for Arcade Zone  Wii
No video found for Arcade Zone  Wii
No video found for Arcaea  Switch
No video found for Arcana Famiglia  Festa Regalo  PSP
No video found for Arcana Famiglia  La storia della Aracana Famiglia  Ancora  Vita
No video found for Arcana Famiglia  La storia della Arcana Famiglia  PSP
No video found for Arcana Famiglia  Vascello Phantasma no Majutsushi  PSP
No video found for Arcana Famiglia 2  PSP
No video found for Arcana of Paradise  The Tower   PC
No video found for Arcane Quest 3  Mobile
No video found for Archaeogem  PC
No video found for Archangel  PC
No video found for Archangel  PC
No video found for Archeland  Mobile
No video found for Archvale  Switch
No video found for Arcobaleno!  PS2
No video found for Arctic Thunder  Xbox
No video found for Arcturus  The Curse and Loss of Divinity  PC
No video found for Are You Alice  PSP
No video found for Are You Smarter Than A 5th Grader  PC
No video found for Are You Smarter Than a 5th Grader  Back to School  Wii
No video found for Arelite Core  PC
No video found for Arena Blood on the Sand VR  PC
No video found for Arena Football  PS2
No video found for Argonauts  Regular Edition  PC
No video found for Aria  The Natural ~Tooi Yume no Mirage~  PS2
No video found for Aria  The Origination ~Aoi Hoshi no El Cielo~  PS2
No video found for Arislan Senki  The Heroic Legend of Arslan  Mega Drive
No video found for Aristear Remain  PC
No video found for Arizona Rose and the Pirate's Riddles HD  Mobile
No video found for Ark Noir  PC
No video found for Arkan  The dog adventurer  Switch
No video found for Arkane Rush Multiverse Mayhem  PC
No video found for Arkanoid vs Space Invaders  Mobile
No video found for Arknights  Mobile
No video found for ArmA 2  Operation Arrowhead  PC
No video found for ArmA II  PC
No video found for Armada  Dreamcast
No video found for Armageddon Riders  PS3
No video found for Armed Emeth  PC
No video found for Armed with Wings  Rearmed  PC
No video found for Armello  The Bandit Clan  PC
No video found for Armen Noir  PS2
No video found for Armen Noir Portable  PSP
No video found for Armies of Exigo  PC
No video found for Armikrog  Wii U
No video found for Armored ACORNs  Action Squirrel Squad  Wii U
No video found for Armored Core  PS1
No video found for Armored Core  Master of Arena  PS1
No video found for Armored Core  Nexus  PS2
No video found for Armored Core  Nine Breaker  PS2
No video found for Armored Core  Project Phantasma  PS1
No video found for Armored Core  Verdict Day  PS3
No video found for Armored Core  Verdict Day  Xbox 360
No video found for Armored Core 3  PS2
No video found for Armored Core V  Xbox 360
No video found for Armored Core V  PS3
No video found for Armored Kitten  PC
No video found for Armored Lab Force VULVEHICLES   Switch
No video found for Army Men  Air Attack  PS1
No video found for Army Men  Air Attack 2  PS1
No video found for Army Men  Air Combat  The Elite Missions  GameCube
No video found for Army Men  Green Rogue  PS2
No video found for Army Men  Green Rogue   PS1
No video found for Army Men  Sarge's Heroes  Dreamcast
No video found for Army Men  Sarge's Heroes  PC
No video found for Army Men  Sarge's Heroes 2  PS1
No video found for Army Men  Sarge's Heroes 2  PS2
No video found for Army Men  World War   PS1
No video found for Army Men  World War – Land, Sea, Air  PS1
No video found for Army Men 3D  PS1
No video found for Army Men RTS  Real Time Strategy  GameCube
No video found for Army Racer  PC
No video found for Army Rescue  Wii
No video found for Army of Darkness Defense  Mobile
No video found for Aron's Adventure  PC
No video found for Arrest of a stone Buddha  Switch
No video found for Arslan  The Warriors of Legend   PS4
No video found for Arson & Plunder  PC
No video found for Arsonist Heaven  Switch
No video found for Art Academy  Home Studio  Wii U
No video found for Art Academy  Lessons for Everyone    3DS
No video found for Art Academy  SketchPad  Wii U
No video found for Art of Fighting 3  The Path of the Warrior   Neo Geo CD
No video found for Art of Fighting Anthology   PS2
No video found for Artery Gear  Fusion  Mobile
No video found for Arthur and the Invisibles   PSP
No video found for Arthur and the Revenge of Maltazard  Wii
No video found for Artifact Adventure  PC
No video found for Artificer  Science of Magic  PC
No video found for Arubarea no Otome ~Uruwashi no Seishikitachi~  PS1
No video found for Arvale  PC
No video found for Arx Fatalis  PC
No video found for Asagao Academy  Normal Boots Club  PC
No video found for Asaki, Yumemishi  PSP
No video found for Ascendance  PC
No video found for Ascension to the Throne  PC
No video found for Ascent of Kings  Wii U
No video found for Ascent of Kings  3DS
No video found for Asdivine Cross  3DS
No video found for Asdivine Dios  Vita
No video found for Asdivine Hearts  Wii U
No video found for Asdivine Hearts  PS3
No video found for Asdivine Hearts II  Vita
No video found for Asdivine Hearts II  PC
No video found for Asdivine Kamura  Switch
No video found for Aselia the Eternal  The Spirit of Eternity Sword  PC
No video found for Asguaard  PC
No video found for Ashes Cricket 2009  Wii
No video found for Ashes of the Singularity + DLCs  PC
No video found for Asoberu Eigo  Word Magic DS  DS
No video found for Asobi ni Iku Yo! Chikyuu Pinchi no Konyaku Sengen  PS2
No video found for Asphalt  Injection  Vita
No video found for Asphalt 3D   3DS
No video found for Asphalt 4  Elite Racing  Mobile
No video found for Asphalt 4  Elite Racing  Mobile
No video found for Asphalt 5  Mobile
No video found for Asphalt 6  Adrenaline  Mobile
No video found for Asphalt 7  Heat  Mobile
No video found for Asphalt 8  Airborne  Mobile
No video found for Asphalt 9  Legends  Mobile
No video found for Asphalt 9  Legends  Switch
No video found for Asphalt Nitro  Mobile
No video found for Asphalt Street Storm Racing  Mobile
No video found for Asphalt Xtreme  Mobile
No video found for Asphault 3D   3DS
No video found for Asphyxia  PC
No video found for Assassin's Creed  Altair's Chronicles  DS
No video found for Assassin's Creed  Altair's Chronicles HD   Mobile
No video found for Assassin's Creed  Rebellion  Mobile
No video found for Assassin's Creed II  Xbox 360
No video found for Assassin's Creed II  Discovery  Mobile
No video found for Assassin's Creed III + Liberation Remastered  Switch
No video found for Assassin's Creed Identity  Mobile
No video found for Assassin's Creed Odyssey  PS4
No video found for Assassin's Creed Origins  PS4
No video found for Assassin's Creed Pirates  Mobile
No video found for Assassin's Creed Valhalla  PC
No video found for Assassin’s Creed  Brotherhood  Xbox 360
No video found for Assassin’s Creed  Brotherhood  Xbox 360
No video found for Assault Android Cactus  PC
No video found for Assault Android Cactus  PS4
No video found for Assault Android Cactus+  Switch
No video found for Assault ChaingunS KM  Switch
No video found for Assault On Metaltron  PC
No video found for Assault Spy  PC
No video found for Assault Squadron  Mobile
No video found for Assault Suit Leynos  PC
No video found for Assault Suit Leynos 2  Saturn
No video found for Assault Suits Valken Declassified   Switch
No video found for Assetto Corsa  PS4
No video found for Astalon  Tears of the Earth  Switch
No video found for Aster Tatariqus  Mobile
No video found for Asteria  PC
No video found for Asterix & Obelix  Slap Them All! 2  Switch
No video found for Asterix & Obelix XXL 2  Switch
No video found for Asterix & Obelix XXL 2  Mission Wifix  PSP
No video found for Asterix & Obelix XXL3  The Crystal Menhir  Switch
No video found for Asterix & Obelix XXXL  The Ram From Hibernia   Switch
No video found for Asterix and Obelix  Slap Them All!  Switch
No video found for Asterix and Obelix XXL Romastered  Switch
No video found for Asteroid Bounty Hunter  PC
No video found for Asteroids  Recharged  Switch
No video found for Asteroids  Recharged  PC
No video found for Astervoid2000  PC
No video found for Astonishia Story R  PC
No video found for Astral Chain  Switch
No video found for Astria Ascending  Switch
No video found for Astro Bears Party  Switch
No video found for Astro Boy   PS2
No video found for Astro Flame  Starfighter  Switch
No video found for Astro Rangers  Switch
No video found for AstroKill  PC
No video found for Astrodogs  Switch
No video found for Astronarch  PC
No video found for Astroneer  PC
No video found for Astrox Imperium  PC
No video found for Atari Anthology  PS2
No video found for Atari Flashback Classics  Switch
No video found for Atelier Ayesha  The Alchemist of Dusk DX   Switch
No video found for Atelier Ayesha Plus  The Alchemist of Dusk   Vita
No video found for Atelier Escha & Logy Plus   Alchemists of the Dusk Sky   Vita
No video found for Atelier Escha and Logy  Alchemists of the Dusk Sky DX   Switch
No video found for Atelier Firis  The Alchemist and the Mysterious Journey DX  PC
No video found for Atelier Firis  The Alchemist and the Mysterious Journey DX  Switch
No video found for Atelier Firis  The Alchemist and the Mysterious Journey   Vita
No video found for Atelier Firis  The Alchemist and the Mysterious Journey   PS4
No video found for Atelier Iris 3  Grand Phantasm   PS2
No video found for Atelier Lulua  The Scion of Arland   Switch
No video found for Atelier Lulua ~The Scion of Arland~  PC
No video found for Atelier Lydie & Soeur  Fushigi na Kaiga no Renkinjutsu Samurai  Vita
No video found for Atelier Lydie & Suelle  The Alchemists and the Mysterious Paintings DX  PC
No video found for Atelier Lydie & Suelle  The Alchemists and the Mysterious Paintings DX  Switch
No video found for Atelier Lydie & Suelle  The Alchemists and the Mysterious Paintings   Switch
No video found for Atelier Marie & Elie  Salburg no Renkinjutsushi  Dreamcast
No video found for Atelier Marie  Salberg no Renkinjutsushi  PS1
No video found for Atelier Marie Remake  The Alchemist of Salburg  Switch
No video found for Atelier Meruru  The Apprentice of Arland DX   Switch
No video found for Atelier Meruru Plus  The Apprentice of Arland   Vita
No video found for Atelier Online  Alchemist of Bressisle  Mobile
No video found for Atelier Ryza  Ever Darkness & The Secret Hideout   Switch
No video found for Atelier Ryza 2  Lost Legends & The Secret Fairy   Switch
No video found for Atelier Ryza 2  Lost Legends & the Secret Fairy  PC
No video found for Atelier Ryza 3  Alchemist of the End & the Secret Key  [Switch[ Switch
No video found for Atelier Shallie  Alchemists of the Dusk Sea DX   Switch
No video found for Atelier Shallie Plus  Alchemists of the Dusk Sea   Vita
No video found for Atelier Sophie 2  The Alchemist of the Mysterious Dream  Switch
No video found for Athena no Kateiba  Family Game  PS1
No video found for Athenion  Mobile
No video found for Athens 2004  PS2
No video found for Atlas, The  Renaissance Voyager  PC Engine
No video found for Atomic Adam  Episode 1  PC
No video found for Atsumare! Guruguru Onsen  Dreamcast
No video found for Attack of the Karens  Switch
No video found for Attack on Titan 2   PS4
No video found for Attack on Titan 2   Switch
No video found for Attackerchan!  Switch
No video found for Attractio  Vita
No video found for Attrition  Tactical Fronts  PC
No video found for Audio Arena  Mobile
No video found for Auditorium  PSP
No video found for Aura Kingdom  Mobile
No video found for Aura of Worlds  PC
No video found for Aurora Quest  Otaku no Seiza in Another World  PC Engine
No video found for Auto Modellista   PS2
No video found for Auto Modellista   GameCube
No video found for Auto Modellista   Xbox
No video found for Autobahn Tokio  3DO
No video found for Avatar  The Last Airbender  GameCube
No video found for Avatar  The Path of Zuko  PC
No video found for Aven Colony  PC
No video found for Avencast  Rise of the Mage  PC
No video found for AvengeXX  PSP
No video found for Aviary Attorney  Definitive Edition  Switch
No video found for Aviator  Bush Pilot  PC
No video found for AvoCuddle  Switch
No video found for Avorion  PC
No video found for Awesome Pea  PC
No video found for Awesome Pea  Vita
No video found for Awesome Pea 2  Switch
No video found for Awesomenauts  PC
No video found for Axe and Fate  Mobile
No video found for Axiom Verge  PS4
No video found for Axiom Verge  PC
No video found for Ayaka Shibito  PS2
No video found for Ayakashi  Romance Reborn Dawn Chapter & Twilight Chapter  Switch
No video found for Ayakashi Gohan  Oomori!  Vita
No video found for Ayakashi Yuukaku  Oiran Amabie Mindanshuu  PC
No video found for Azada  3DS
No video found for Azangara  PC
No video found for Azayaka na Irodori no Naka de, Kimi Rashiku  Vita
No video found for Azkend 2  The World Beneath  Vita
No video found for Aztec Tiki Talisman  Switch
No video found for Aztech  Forgotten Gods  Switch
No video found for Aztez  PC
No video found for Azumanga Donjara Daiou  PS1
No video found for Azumi   PS2
No video found for Azur Lane  Mobile
No video found for Azur Lane  Crosswave  PS4
No video found for Azur Lane Crosswave  Switch
No video found for Azuran Tales Trials  PC
No video found for Azure Reflections  PC
No video found for Azure Saga  Pathfinder DELUXE Edition  Switch
No video found for B12  PC
No video found for BBoy  PS2
No video found for BProject  Ryuusei Fantasia  Switch
No video found for BARK  Switch
No video found for BOTS and the Robofriends  PC
No video found for B3 Game Expo For Bees  Wii U
No video found for BADLAND  Game of the Year Edition  Wii U
No video found for BANG! Gunship Elite  Dreamcast
No video found for BARRIER X  Switch
No video found for BATS  Bloodsucker AntiTerror Squad  Switch
No video found for BATTLESLOTHS  Switch
No video found for BATTOJUTSU  Switch
No video found for BCV  Battle Construction Vehicles  PS2
No video found for BEA Walker  Switch
No video found for BEEP  PC
No video found for BFF or Die  PC
No video found for BHB  BioHazard Bot  PC
No video found for BIOMUTANT  PC
No video found for BITTRIP Presents Runner2  Future Legend of Rhythm Alien  PC
No video found for BITTRIP Presents Runner2  Future Legend of Rhythm Alien  Vita
No video found for BLACK COMMAND  Mobile
No video found for BLEACH Brave Souls  PC
No video found for BLOC  Wii U
No video found for BLOK DROP U  Wii U
No video found for BLOK DROP X TWISTED FUSION  Wii U
No video found for BOKURA  Switch
No video found for BOMB  Who let the dogfight_  PC
No video found for BOXBOY! + BOXGIRL!  Switch
No video found for BOXBOY! + BOXGIRL!   Switch
No video found for BPM  Bullets Per Minute  PC
No video found for BQM BlockQuest Maker  Switch
No video found for BRICK RACE  Wii U
No video found for BROK the InvestiGator   Switch
No video found for BRUTAL RAGE  Switch
No video found for BUTCHER  Switch
No video found for Baba Is You  PC
No video found for Babar to the Rescue   GBA
No video found for Babel  PC Engine
No video found for Babel ~ Choice  PC
No video found for Baboon!  PS4
No video found for Baby Universe  PS1
No video found for Babylon's Fall  PC
No video found for Babysitting Mama   Wii
No video found for Babysitting Mania  DS
No video found for Back In 1995 64  3DS
No video found for Back in 1995  Vita
No video found for Back to Bed  Vita
No video found for Back to Bed  Wii U
No video found for BackTrack  GBA
No video found for Backbreaker  PS3
No video found for Backbreaker  Xbox 360
No video found for Backbreaker  Vengeance  Xbox 360
No video found for Backpack Hero  Switch
No video found for Backstab  Mobile
No video found for Backstreet Billiards   PS1
No video found for Backyard Baseball  GameCube
No video found for Backyard Wrestling  Don't Try This at Home  Xbox
No video found for Backyard Wrestling 2  There Goes the Neighborhood  Xbox
No video found for Bacterium  PC
No video found for Bad Apple Wars  Vita
No video found for Bad Boys  Miami Takedown  Xbox
No video found for Bad Boys  Miami Takedown  PC
No video found for Bad Boys  Miami Takedown  GameCube
No video found for Bad Piggies  PC
No video found for Bad Piggies  Mobile
No video found for Bad Piggies  Mobile
No video found for Bad Piggies 2  Mobile
No video found for Bad Rats  The Rats' Revenge  PC
No video found for Badland  Game of the Year Edition  Vita
No video found for Badland Bandits  PC
No video found for Baezult 2  PC
No video found for Bait  PC
No video found for Baja  Edge of Control  PS3
No video found for Baja  Edge of Control  Xbox 360
No video found for Baka to Test to Shoukanjuu Portable  PSP
No video found for Bakemono  Demon Brigade Tenmen Unit 01  PC
No video found for Bakemonogatari Portable  PSP
No video found for Bakery Story  Mobile
No video found for Bakery Story 2  Mobile
No video found for Bakuden  Unbalanced Zone  Mega Drive
No video found for Bakuden  Unbalanced Zone  PC Engine
No video found for Bakugan  Battle Brawlers  DS
No video found for Bakugan  Champions of Vestroia  Switch
No video found for Bakugan  Defenders of the Core  Wii
No video found for Bakugan  Defenders of the Core   DS
No video found for Bakugan Battle Brawlers  PS2
No video found for Bakugan Battle Brawlers  Wii
No video found for Bakugan Battle Brawlers  Xbox 360
No video found for Bakumatsu Koihana  Shinsengumi  PS2
No video found for Bakumatsu Renka  Karyuu Kenshiden  PS2
No video found for Bakumatsu Renka Shinsengumi  Switch
No video found for Bakumatsu Rock  Ultra Soul  Vita
No video found for Bakutsuri Bar Hunter  3DS
No video found for Balan Wonderworld  Switch
No video found for Balan Wonderworld Demo  PC
No video found for Balan Wonderworld Demo  Switch
No video found for Balatro  Switch
No video found for Baldi's Basics Plus   PC
No video found for Baldies   PS1
No video found for Baldr Bullet  Equilibrium  PS2
No video found for Baldr Force EXE  Dreamcast
No video found for Baldr Force EXE  PS2
No video found for Baldr Sky Dive1 ''Lost Memory''  PC
No video found for Baldr Sky Dive2 ''Recordare''  PC
No video found for Baldr Sky   PC
No video found for Baldur's Gate  Dark Alliance  Xbox
No video found for Baldur's Gate  Enhanced Edition  Switch
No video found for Baldur's Gate II  Enhanced Edition  Switch
No video found for Baldur's Gate III  PC
No video found for Baldy Land  Saturn
No video found for Ball Breakers   PS1
No video found for Ballad Singer, The  PC
No video found for Ballerium  PC
No video found for Ballistic Balls to the Wall  PC
No video found for Ballistic   PS1
No video found for BallisticNG  PC
No video found for Balloon Pop  Wii
No video found for Ballpoint Universe  Infinite  Wii U
No video found for Balls of Fury  Wii
No video found for Balrum  PC
No video found for Balthazar's Dream  Switch
No video found for BanG Dream! Girls Band Party!  Mobile
No video found for Banana Kong Blast  Mobile
No video found for BangOn Balls  Chronicles  PC
No video found for Bank Limit  Advanced Battle Racing  PC
No video found for Banner Saga 2, The  Mobile
No video found for Banner Saga 3, The  Eternal Arena  PC
No video found for Banner Saga, The  Mobile
No video found for Banner of the Maid  Switch
No video found for Banzai Escape  PC
No video found for Banzai Escape 2  PC
No video found for Bara ni Kakusareshi Verite  Vita
No video found for Bara no Ki Ni  Bara no Hansaku  PSP
No video found for Bara no Ki ni Bara no Hanasaku  Das Versprechen  PS2
No video found for Barbarian   GameCube
No video found for Barbie & Her Sisters  Puppy Rescue  3DS
No video found for Barbie & Her Sisters  Puppy Rescue  Wii
No video found for Barbie  Gotta Have Games  PS1
No video found for Barbie  Super Sports  PS1
No video found for Barbie Dreamhouse Adventures  Mobile
No video found for Barbie Dreamhouse Party  3DS
No video found for Barbie Dreamhouse Party  DS
No video found for Barbie Dreamhouse Party  Wii
No video found for Barbie Horse Adventures  Wild Horse Rescue  PS2
No video found for Barbie Horse Adventures  Wild Horse Rescue  Xbox
No video found for Barbie as the Island Princess  PC
No video found for Barbie as the Island Princess  PS2
No video found for Barbie as the Island Princess  Wii
No video found for Bard's Gold  Vita
No video found for Bard's Tale, The  Mobile
No video found for Bardysh  Kromeford no Juunin  PS1
No video found for Barnyard  GameCube
No video found for Barnyard  PC
No video found for Barnyard  PS2
No video found for Barnyard  Wii
No video found for Baron  Fur is Gonna Fly  Switch
No video found for Barony  PC
No video found for Baroque  Saturn
No video found for Baroque  PS1
No video found for Baroque   Wii
No video found for Baroque ~Become a MetaBeing~  Mobile
No video found for Barrage Fantasia  Switch
No video found for Barrage Musical  A Fantasy of Tempest  PC
No video found for Barrage Musical ~A Fantasy of Tempest~  PC
No video found for Barrow Hill  Curse of the Ancient Circle  PC
No video found for Baseball 2003, The  Battle Ball Park Sengen Perfect Play Pro Yakyuu  GameCube
No video found for Baseball Stars 2  Neo Geo CD
No video found for Baseball Stars Professional  Neo Geo CD
No video found for Bash The Bear  Switch
No video found for Basha Card Game Collection  PSP
No video found for Basketball Pro Management 2015  PC
No video found for BassRush Dream  ECOGEAR PowerWorm Championship  Dreamcast
No video found for Bastard  PC
No video found for Bastard Bonds  PC
No video found for Bastion  Switch
No video found for Baten Kaitos I & II HD Remaster  Switch
No video found for Baten Kaitos I & II HD Remaster Digital Art Book  Switch
No video found for Baten Kaitos Origins   GameCube
No video found for Batman  Arkham Origins Blackgate  Vita
No video found for Batman  Dark Tomorrow  GameCube
No video found for Batman  Vengeance  PC
No video found for Battalion Wars 2   Wii
No video found for Battalion Wars   GameCube
No video found for Battle Academy  Mobile
No video found for Battle Arena Nitoshinden  PS1
No video found for Battle Athletess  Daiundoukai GTO  PS1
No video found for Battle Axe  Switch
No video found for Battle Bears 1  Mobile
No video found for Battle Brothers  Beasts and Exploration  PC
No video found for Battle Bugs  PS1
No video found for Battle Calculator  Switch
No video found for Battle Cats Unite!, The  Switch
No video found for Battle Cats, The   Mobile
No video found for Battle Chasers  Nightwar  PC
No video found for Battle Chasers  Nightwar  Switch
No video found for Battle Chef Brigade  PC
No video found for Battle Crust  PC
No video found for Battle Fantasia  PS3
No video found for Battle Mages  PC
No video found for Battle Pinball  3DO
No video found for Battle Planet  Judgement Day  Switch
No video found for Battle Poker  PSP
No video found for Battle Princess Madelyn  PC
No video found for Battle Princess Madelyn  Switch
No video found for Battle Princess of Arcadias   PS3
No video found for Battle Racing Stars  Mobile
No video found for Battle Spirits  Connected Battlers  Switch
No video found for Battle Stadium DON  GameCube
No video found for Battle Stadium DON  PS2
No video found for Battle Stations  PS1
No video found for Battle Worlds Kronos  PS4
No video found for Battle of Elemental BURST  Switch
No video found for Battle of Yu Yu Hakusho Shitou Ankoku Bujutsukai 120%, The  PS2
No video found for Battle vs Chess  PS3
No video found for BattleLore  Command  PC
No video found for BattleSport  PS1
No video found for BattleTanx  Global Assault  PS1
No video found for BattleZone  PSP
No video found for Battlecorps  Mega Drive
No video found for Battlefield  Bad Company  PS3
No video found for Battlefield 2  Modern Combat  PS2
No video found for Battlefield 2  Modern Combat  Xbox
No video found for Battleheart Legacy  PC
No video found for Battlelore Command  Mobile
No video found for Battlepaths  PC
No video found for Battleship  Xbox 360
No video found for Battlestar Galactica  Deadlock Anabasis  PC
No video found for Battlestar Galactica  Xbox 360
No video found for Battlevoid  Sector Siege  PC
No video found for Battlezone  Rise of the Black Dogs  N64
No video found for Battlezone  Xbox 360
No video found for Battlloon  Switch
No video found for Bayonetta 3  Switch
No video found for Bayonetta Origins  Cereza and the Lost Demon  Switch
No video found for Bazooka Cafe  PC
No video found for Beach Buggy Racing  Switch
No video found for Beach Buggy Racing 2  Island Adventure  PC
No video found for Beach Buggy Racing 2  Island Adventure  Switch
No video found for Beach Spikers  Virtua Beach Volleyball  GameCube
No video found for Beans  The Coffee Shop Simulator  PC
No video found for Beast Quest  PS4
No video found for Beast Quest  PC
No video found for Beastie Bay DX   Switch
No video found for Beastmancer  PC
No video found for Beat Blades Haruka  PC
No video found for Beat Racer  Mobile
No video found for Beat Rush  Switch
No video found for Beat Them Up  Street Fight Band Simulator  Switch
No video found for BeatBlasters III  PC
No video found for Beatbuddy  Wii U
No video found for Beatbuddy  Tale of the Guardians  PC
No video found for Beats Runner  Switch
No video found for Beautiful Katamari   Xbox 360
No video found for Beavis and ButtHead  Bunghole in One  PC
No video found for Bebop and Tempo  PC
No video found for Bedfellows FRENZY  PC
No video found for Bee Movie Game  Wii
No video found for Bee Wars  PSP
No video found for Beekyr Reloaded  PC
No video found for Beetle Buggin'   PC
No video found for Beggar's Ride, The  Wii U
No video found for Behold the Kickmen  Switch
No video found for Beholgar  PC
No video found for Bejeweled  Mobile
No video found for Bejeweled 2 Deluxe  PC
No video found for Bejeweled Blitz  PC
No video found for Bejeweled Classic  Mobile
No video found for Bejeweled Twist  DS
No video found for Bellatia  PC
No video found for Belle Boomerang  Switch
No video found for Below Kryll  PC
No video found for Ben 10  Switch
No video found for Ben 10  Alien Force   DS
No video found for Ben 10  Alien Force  The Rise of Hex  Wii
No video found for Ben 10  Alien Force  The Rise of Hex  Xbox 360
No video found for Ben 10  Alien Force  Vilgax Attacks   DS
No video found for Ben 10  Galactic Racing  PS3
No video found for Ben 10  Galactic Racing  Wii
No video found for Ben 10  Galactic Racing  Xbox 360
No video found for Ben 10  Galactic Racing  Vita
No video found for Ben 10  Omniverse  3DS
No video found for Ben 10  Omniverse  DS
No video found for Ben 10  Omniverse  Xbox 360
No video found for Ben 10  Omniverse 2  3DS
No video found for Ben 10  Omniverse 2  PS3
No video found for Ben 10  Omniverse 2  Wii
No video found for Ben 10  Protector of Earth  DS
No video found for Ben 10  Ultimate Alien  Cosmic Destruction  Wii
No video found for Ben 10  Ultimate Alien  Cosmic Destruction  Xbox 360
No video found for Ben 10 Alien Force  Wii
No video found for Ben 10 Alien Force Vilgax Attacks  PS2
No video found for Ben 10 Alien Force Vilgax Attacks  PSP
No video found for Ben 10 Alien Force Vilgax Attacks  Wii
No video found for Ben 10 Alien Force Vilgax Attacks  Xbox 360
No video found for Bendy and the Ink Machine  PC
No video found for Beneath a Steel Sky Remastered  Mobile
No video found for Bentley's Hackpack  Mobile
No video found for Bentou no Subarashisa o Ano 2Tabi 3Tabi  Vita
No video found for Beowulf  The Game  PSP
No video found for Bermuda Triangle  Saving the Coral  Wii
No video found for Berserk  Millennium Falcon Hen Seima Senki no Shou  PS2
No video found for Berserk Boy  Switch
No video found for Berserk and the Band of the Hawk  PC
No video found for Berserk and the Band of the Hawk   PS4
No video found for Best of Board Games  3DS
No video found for Beta Bloc   PS2
No video found for Betrayal at Krondor  PC
No video found for Betrayer  PC
No video found for Bewitched  PC
No video found for Beyblade  Let it Rip!   PS1
No video found for Beyblade  Metal Fusion  Counter Leone   Wii
No video found for Beyblade Burst  Battle Zero  Switch
No video found for Beyblade VForce  Super Tournament Battle   GameCube
No video found for Beyond Divinity  PC
No video found for Bezier  PC
No video found for Bibi & Tina  The Great Hunt    DS
No video found for Bibi Blocksberg  Big Broom Race 3  PC
No video found for Bibi Blocksberg  Das gestohlene Hexbuch   DS
No video found for Bibi Blocksberg  Neustadt im HexChaos   DS
No video found for Bible Black  La Noche de Walpurgis  PC
No video found for Big Air Freestyle  GameCube
No video found for Big Bass Fishing  PS1
No video found for Big Bass World Championship   PS1
No video found for Big Blue Memory  PC
No video found for Big Brain Academy  Brain vs Brain   Switch
No video found for Big Brain Academy  Wii Degree    Wii
No video found for Big Buck Hunter Pro  Wii
No video found for Big Catch Bass Fishing 2   Wii
No video found for Big Con, The  Grift of the Year Edition  Switch
No video found for Big Crown  Showdown  Switch
No video found for Big Ichigeki! PachiSlot Taikouryku Universal Museum  Saturn
No video found for Big League Sports  Xbox 360
No video found for Big Money  PC
No video found for Big Time Rush  Dance Party  Wii
No video found for Biglands  A Game Made By Kids  PC
No video found for Bike Rider UltraDX  WORLD TOUR  Wii U
No video found for Bikkuriman 2000 Viva! Festiva!  Dreamcast
No video found for Biko  Yoru no Kaerimichi  PC
No video found for Bill and Ted's Excellent Retro Collection  Switch
No video found for Billabong Surf Trip  Mobile
No video found for Billy Bomber  Switch
No video found for Billy Hatcher and the Giant Egg   GameCube
No video found for Billy Hatcher and the Giant Egg   GameCube
No video found for Binary Star  Vita
No video found for BinchouTan  Shiawasegoyomi  PS2
No video found for Binding of Isaac, The   PC
No video found for Binding of Isaac, The  Afterbirth  PC
No video found for Binding of Isaac, The  Rebirth  Vita
No video found for Binding of Isaac, The  Rebirth  PC
No video found for Binding of Isaac, The  Rebirth  3DS
No video found for Binding of Isaac,The  Afterbirth+  Switch
No video found for Bio FREAKS  PS1
No video found for Biolab Wars  Switch
No video found for Biomass  PC
No video found for Bionic Commando  PS3
No video found for Bionic Commando  Rearmed  PC
No video found for Bionic Commando Rearmed 2  Xbox 360
No video found for Bionicle Heroes  PC
No video found for Bionicle Heroes  PS2
No video found for Bionicle Heroes  Xbox 360
No video found for Bionicle Heroes  Wii
No video found for Bios Ex  Yami no Wakusei  PC
No video found for Biosupremacy  PC
No video found for Bird Mania Party  Wii U
No video found for Bird Story, A  PC
No video found for Birthday Party Bash  Wii
No video found for Birthright  The Gorgon's Alliance  PC
No video found for Birushana  Ichijuu no Kaze  Switch
No video found for Bishi Bashi Special 3  Step Champ  PS1
No video found for Bishojou Senshi Sailor Moon S  3DO
No video found for Bishoujo Senshi Sailor Moon Super S  Various Emotion  Saturn
No video found for Bistro Cupid  Xbox
No video found for Bistro Cupid 2  Xbox
No video found for Bit Dungeon+  Wii U
No video found for Bit Dungeon+  3DS
No video found for Bit Dungeon+  Vita
No video found for Bite the Bullet  PC
No video found for Bitlogic  A Cyberpunk Arcade Adventure  Switch
No video found for Bizarre de Gozarre no Game de Gozarre  PC Engine
No video found for Black & White  PC
No video found for Black & White 2  PC
No video found for Black Baron  PC
No video found for Black Cat  Kuroneko no Concerto  DS
No video found for Black Circle  A Carol Reed Mystery  PC
No video found for Black Dahlia  PC
No video found for Black Dawn  Saturn
No video found for Black Dawn   PS1
No video found for Black Eyed Peas Experience, The  Xbox 360
No video found for Black Future '88  Switch
No video found for Black Knight Sword  PS3
No video found for Black Legend  PC
No video found for Black Matrix Advanced  Dreamcast
No video found for Black Mirror II  Reigning Evil  PC
No video found for Black Mirror III  PC
No video found for Black Paradox  PC
No video found for Black Sails  Das Geisterschiff  PC
No video found for Black Sect Remake  PC
No video found for Black Star Theater Starless  Mobile
No video found for Black Wolf  Switch
No video found for BlackJack Math  PC
No video found for BlackSmith HIT  Switch
No video found for Blackguards 2  PC
No video found for Blackhole  Complete Edition  PS4
No video found for Blacklight  Tango Down  Xbox 360
No video found for Blacksmith of the Sand Kingdom  PC
No video found for Blackthorn Arena  PC
No video found for Blackwake  PC
No video found for Blackwater  Xbox 360
No video found for Blackwell Convergence  PC
No video found for Blackwell Deception  PC
No video found for Blackwell Epiphany  PC
No video found for Blackwell Legacy, The  PC
No video found for Blackwell Unbound  PC
No video found for Blackwind  Switch
No video found for Blade Arcus Rebellion from Shining  Switch
No video found for Blade Arcus from Shining EX  PS3
No video found for Blade Arcus from Shining ~ Battle Arena  PC
No video found for Blade Arts  Tasogare no Miyako R'lyeh  PS1
No video found for Blade Force  3DO
No video found for Blade Kitten  Episode 2  PC
No video found for Blade Strangers  Switch
No video found for Blade and Bones  PC
No video found for Bladebound  Mobile
No video found for Blades of Time  PS3
No video found for Blades of Time  PC
No video found for Bladeslinger Ep1  Mobile
No video found for Bladestorm  Nightmare  PC
No video found for Blair Witch Vol I  Rustin Parr  PC
No video found for Blair Witch Vol II  The Legend of Coffin Rock  PC
No video found for Blank City  Mobile
No video found for Blasphemous  Wounds of Eventide  PC
No video found for Blast 'Em!  PC
No video found for Blast Brigade vs the Evil Legion of Dr Cread  Switch
No video found for Blast Chamber  Saturn
No video found for Blast Chamber   PS1
No video found for Blast Factor  PS3
No video found for Blast Off  PSP
No video found for Blaster Master  Blasting Again   PS1
No video found for Blaster Master Zero  Switch
No video found for Blastful  Switch
No video found for Blasting Agent  Ultimate Edition  Wii U
No video found for Blasting Agent Ultimate Edition  3DS
No video found for BlazBlue  Calamity Trigger  PS3
No video found for BlazBlue  Central Fiction  PS3
No video found for BlazBlue  Central Fiction  PS4
No video found for BlazBlue  Central Fiction  Special Edition  Switch
No video found for BlazBlue  Centralfiction Special Edition Demo  Switch
No video found for BlazBlue  Chrono Phantasma Extend  PS3
No video found for BlazBlue  Chrono Phantasma Extend  PS4
No video found for BlazBlue  Chrono Phantasma Extend  Vita
No video found for BlazBlue  Continuum Shift Extend  PSP
No video found for BlazBlue  Continuum Shift II  3DS
No video found for BlazBlue  Cross Tag Battle  Switch
No video found for BlazBlue  Cross Tag Battle  PC
No video found for BlazBlue  Cross Tag Battle Special Trial  Switch
No video found for BlazBlue  Entropy Effect   PC
No video found for BlazBlue Alternative  Dark War  Mobile
No video found for BlazBlue Calamity Trigger  PC
No video found for BlazBlue Centralfiction  PC
No video found for BlazBlue Continuum Shift Extend  PC
No video found for BlazBlue RR  The Real Action Game  Mobile
No video found for Blaze Union  Remaster Version  Switch
No video found for Blaze Union  Story to Reach the Future  PSP
No video found for Blazing Beaks  PC
No video found for Blazing Heroes    Saturn
No video found for Blazing Souls  PS2
No video found for Bleach  Erabareshi Tamashii  PS2
No video found for Bleach  Heat the Soul  PSP
No video found for Bleach  Heat the Soul 2  PSP
No video found for Bleach  Heat the Soul 3  PSP
No video found for Bleach  Heat the Soul 4  PSP
No video found for Bleach  Heat the Soul 5  PSP
No video found for Bleach  Heat the Soul 6  PSP
No video found for Bleach  Shattered Blade   Wii
No video found for Bleach  The 3rd Phantom  DS
No video found for Bleach  Versus Crusade  Wii
No video found for Bleach GC  Tasogare ni Mamieru Shinigami  GameCube
No video found for Bleep Bloop  Switch
No video found for Blek  Wii U
No video found for Blightbound  PC
No video found for Blind Men  Switch
No video found for Blinding Dark  PC
No video found for Blink Rogues  PC
No video found for Blitzcrank's Poro Roundup  Mobile
No video found for Blitzkrieg 2 Anthology  PC
No video found for Blitzkrieg 3  PC
No video found for Blitzkrieg Anthology  PC
No video found for Blizzard Arcade Collection  Switch
No video found for Block Breaker Deluxe 2  Mobile
No video found for Block Fortress  War  Mobile
No video found for Block Party  Wii
No video found for Block Party  20 Games  Wii
No video found for Block Zombies!  Wii U
No video found for Block'hood  PC
No video found for BlockForm  3DS
No video found for Blockids  PS1
No video found for Blocksworld  Mobile
No video found for Blocky Bot  Wii U
No video found for Blok Drop Chaos  3DS
No video found for Blokus Club with Bumpy Trot  PS2
No video found for Bloo Kid  Switch
No video found for Blood Alloy  Reborn  PC
No video found for Blood Bowl  DS
No video found for Blood Bowl  PSP
No video found for Blood Bowl  Chaos Edition  PC
No video found for Blood Drive  Xbox 360
No video found for Blood Drive  PS3
No video found for Blood II  The Chosen  PC
No video found for Blood Knights  PC
No video found for Blood Knights  Xbox 360
No video found for Blood Wake  Xbox
No video found for Blood Waves  PC
No video found for Blood Waves  Switch
No video found for Blood Will Tell  Tezuka Osamu's Dororo  PS2
No video found for Blood of the Werewolf  PC
No video found for Blood+ One Night Kiss  PS2
No video found for BloodRayne  GameCube
No video found for BloodRayne  PS2
No video found for BloodRayne  PC
No video found for BloodRayne  Betrayal  PS3
No video found for BloodRayne 2  PS2
No video found for BloodRayne 2  Xbox
No video found for BloodRayne 2  PC
No video found for BloodRayne Betrayal  Xbox 360
No video found for Bloody Good Time  PC
No video found for Bloody Night, A  PC
No video found for Bloody Rondo  PC
No video found for Bloom Labyrinth  PC
No video found for Bloons TD 5  Mobile
No video found for Bloons TD 5  Switch
No video found for Bloons TD 6   PC
No video found for Bloons TD6  PC
No video found for Bloopy & Droopy  Switch
No video found for Blow & Fly  Switch
No video found for BlowOut  GameCube
No video found for BlowOut  Xbox
No video found for Bloxiq  Switch
No video found for Blue Archive  Mobile
No video found for Blue Breaker  Ken Yori Bishoumi wo  Saturn
No video found for Blue Breaker Burst  Bishou o Anata to  PS1
No video found for Blue Breaker Burst  Egao no Ashita ni  PS1
No video found for Blue Guardians  Switch
No video found for Blue Horizon  PC
No video found for Blue Madonna  A Carol Reed Mystery  PC
No video found for Blue Reflection  Maboroshi ni Mau  Shoujo no Ken  Vita
No video found for Blue Reflection  Second Light   PS4
No video found for Blue Reflection  Second Light   Switch
No video found for Blue Reflection Sun  Mobile
No video found for Blue Revolver  PC
No video found for Blue Stinger  Dreamcast
No video found for Blue's Journey   Neo Geo CD
No video found for BlueCollar Astronaut  Vita
No video found for BlueSkyBlue  Aki wo Mau Tsubasa  Dreamcast
No video found for Bluey  Let's Play!  Mobile
No video found for Bluey  The Videogame  Switch
No video found for Board Game Classics  GBA
No video found for Bob's Journey  Lake of Doom  Other systems
No video found for Boboboubo Boubobo  Dasshutsu! Hajike Royale  GameCube
No video found for Body and Brain Connection    Xbox 360
No video found for Bogey  Dead 6    PS1
No video found for Bogey  Dead 6    PS1
No video found for Boiling Bolt  PC
No video found for Bokomu no Tatsujin  Dreamcast
No video found for Bokosuka Wars II  Switch
No video found for Boku Doraemon  Dreamcast
No video found for Boku no Hero Academia  Battle for All  3DS
No video found for Boku no Natsuyasumi 3  PS3
No video found for Boku no Tennis Jinsei  Dreamcast
No video found for Boku no Yumemiru Mirai  PC
No video found for Boku no Yumemiru Mirai  Mobile
No video found for Boku to Bokura no Natsu  Dreamcast
No video found for Boku wa Kimidake o Mitsumeru  PSP
No video found for Boku wa Koukuu Kanseikan  Airport Hero Kankuu  PSP
No video found for Boku wa Koukuu Kanseikan  Airport Hero Naha  PSP
No video found for Boku wa Koukuu Kanseikan  Airport Hero Narita  PSP
No video found for Boku wa Koukuu Kanseikan  Airport Hero Shinchitose  PSP
No video found for Boku wa Mori Sekai no Kami Tonaru  Vita
No video found for Boku wa Tomodachi ga Sukunai Portable  PSP
No video found for Bokuten  Why I Became an Angel   PC
No video found for Bolt  PS2
No video found for Bolt  Wii
No video found for Bolt  Xbox 360
No video found for Bomb Chicken  Switch
No video found for Bomb Rush Cyberfunk  Switch
No video found for Bomber hehhe!  Dreamcast
No video found for Bombergirl   PC
No video found for Bomberman  Mobile
No video found for Bomberman Fantasy Race  PS1
No video found for Bomberman Generation  GameCube
No video found for Bomberman Jetters  GameCube
No video found for Bomberman Online  Dreamcast
No video found for Bomberman World  PS1
No video found for Bombing Bastards  Wii U
No video found for Bombing Busters  Vita
No video found for Bombing Busters  Switch
No video found for Bombing Busters  Switch
No video found for Bombing Islands, The  PS1
No video found for Bombshell  PC
No video found for Bomsy  PC
No video found for Bonds of the Skies  Vita
No video found for Bonfire Peaks  Switch
No video found for Book Quest  Switch
No video found for Boom Beach  Mobile
No video found for Boom Bits  PC
No video found for Boom Blox Bash Party  Wii
No video found for Boombots  PS1
No video found for Boomerang X  Switch
No video found for Boost Beast  Switch
No video found for Border Break Mobile  Shippuu no Gun Front  Mobile
No video found for Border Break Scramble  PC
No video found for Border Down  Dreamcast
No video found for BorderZone  PC
No video found for Borderlands  PS3
No video found for Borderlands  The Handsome Collection  Switch
No video found for Borderlands  The PreSequel  PS3
No video found for Borderlands 2  PC
No video found for Borderlands 2  Vita
No video found for Boreal Blade  Switch
No video found for Born of Bread   PC
No video found for Boss 101  PC
No video found for Boss Rally  PC
No video found for Bot Vice  PC
No video found for Boukoku no Aegis 2035  Warship Gunner  PS2
No video found for Boulder DashXL  PC
No video found for Boulder DashXL  Xbox 360
No video found for Boulderdash 30th Anniversary  Mobile
No video found for Bouncer, The  PS2
No video found for Bouncy Bullets  Vita
No video found for Bouncy Bullets  Switch
No video found for BouncyBoi in Puzzle Land  Switch
No video found for Bound By Flame  PC
No video found for Bound By Flame  Xbox 360
No video found for Bounty Hounds  PSP
No video found for Bounty Hunter Sara  Holy Mountain no Teiou  Dreamcast
No video found for Bounty Sword  Double Edge  PS1
No video found for Bounty Sword First  PS1
No video found for Bowling 3D  PSP
No video found for Bowling Xciting   PS2
No video found for Box to the Box  Switch
No video found for Boxer's Road  PS1
No video found for Boxing    PS1
No video found for Boy and His Blob, A  Vita
No video found for Boyfriend Dungeon  Switch
No video found for Brain Age  Concentration Training    3DS
No video found for Brain Battle Q  Saturn
No video found for Brain Exercise with Dr Kawashima  Mobile
No video found for Bramble  The Mountain King  PC
No video found for Brandel no Mahoutsukai  Vita
No video found for Brandish  PC Engine
No video found for Bratz  Babyz  GBA
No video found for Bratz  Forever Diamondz  GBA
No video found for Bratz  Girlz Really Rock  PS2
No video found for Brave  The Video Game  PC
No video found for Brave  The Video Game  PS3
No video found for Brave  The Video Game  Wii
No video found for Brave Alchemist Colette  PC
No video found for Brave Dungeon + Dark Witch Story  COMBAT   Switch
No video found for Brave Dungeon  The Meaning of Justice   Switch
No video found for Brave Dungeon The Meaning of Justice Demo version  Switch
No video found for Brave Dwarves  PC
No video found for Brave Dwarves 2  PC
No video found for Brave Frontier  Mobile
No video found for Brave Frontier 2  Mobile
No video found for Brave Prove  PS1
No video found for Brave Soldier  Invasion of Cyborgs  Switch
No video found for Brave Soul  PC
No video found for Brave Sword x Blaze Soul  Mobile
No video found for Brave Tank Hero  Wii U
No video found for Braveheart  Mobile
No video found for Bravely Default  Brilliant Lights  Mobile
No video found for Bravely Default II  Switch
No video found for Bravely Default II Demo  Switch
No video found for Bravely Default II Final Demo  Switch
No video found for Breach & Clear  PC
No video found for Breach & Clear  Vita
No video found for Breach  Xbox 360
No video found for Break Arts II  PC
No video found for Break Chance Memento  PC
No video found for BreakNeck    PC
No video found for Breakdown  Xbox
No video found for Breakers  Neo Geo CD
No video found for Breakers Collection  Switch
No video found for Breakforcist Battle  Switch
No video found for Breaking Wheel  PC
No video found for Breakneck  PC
No video found for Breakneck City  Switch
No video found for Breakout Defense  3DS
No video found for Breakout Defense 2  3DS
No video found for Breakout Defense 2  Wii U
No video found for Breath  Toiki wa Akaneiro  DS
No video found for Breath of Fire 6  Hakuryuu no Shugoshatachi  Mobile
No video found for Brian Lara 2007  Pressure Play  PSP
No video found for Brian Lara 2007 Pressure Play  PSP
No video found for Brick Breaker  Wii U
No video found for Brick Race  3DS
No video found for Bridge Constructor Playground  Wii U
No video found for Bridge, The  Vita
No video found for Bridge, The  Wii U
No video found for Brigador  PC
No video found for Brigador  UpArmored Edition  PC
No video found for Brigandine  Grand Edition  PS1
No video found for Brigandine  The Legend of Forsena   PS1
No video found for Bright Memory  Infinite  Switch
No video found for Britannic  Patroness of the Mediterranean  PC
No video found for Britney's Dance Beat  PS2
No video found for Broforce  PC
No video found for Broken Age  Mobile
No video found for Broken Age  Mobile
No video found for Broken Age  Vita
No video found for Broken Armor  PC
No video found for Broken Sword 5  The Serpent's Curse  Switch
No video found for BroodStar  Switch
No video found for Brooktown High  PSP
No video found for Brotato  Switch
No video found for Brotherhood United  Switch
No video found for Brotherhood of Violence  Mobile
No video found for Brotherhood of Violence II  Mobile
No video found for Brothers  A Tale Of Two Sons  PS3
No video found for Brothers Conflict  Precious Baby  Vita
No video found for Brothers in Arms  Earned in Blood  PS2
No video found for Brothers in Arms  Road to Hill 30  PS2
No video found for Brothers in Arms 2  Global Front  Mobile
No video found for Brothers in Arms DS  DS
No video found for Brunch Club  Switch
No video found for Brunch Panic   3DS
No video found for Brunswick Pro Bowling  PSP
No video found for Brunswick Pro Bowling  PS2
No video found for Brutal Legend  PS3
No video found for Brutal Street  Mobile
No video found for Bubble Bobble 4 Friends  Switch
No video found for Bubble Cats Rescue  Switch
No video found for Bubble Gum Popper  Wii U
No video found for Bubble Symphony  Saturn
No video found for Bubble Trubble  PSP
No video found for Bubble Witch 2 Saga  Mobile
No video found for Bubble Witch 3 Saga  Mobile
No video found for Bubsy  Paws on Fire  PS4
No video found for Bubsy  Paws on Fire!  Switch
No video found for Bubsy  The Woolies Strike Back  PC
No video found for Buck Bradley 2  Switch
No video found for Bud Spencer & Terrence Hill  Slaps and Beans  PC
No video found for Buddy & Me  Dream Edition  Wii U
No video found for Buddy Mission BOND  Switch
No video found for Buddy Mission BOND Trial Version  Switch
No video found for Buff Knight  Mobile
No video found for Bug Butcher, The  PC
No video found for Bug Fables  The Everlasting Sapling  PC
No video found for Bug Fables  The Everlasting Sapling  Switch
No video found for Bug Too!   Saturn
No video found for Bug!   Saturn
No video found for Bug's Life, A  PS1
No video found for Bug's Life, A  PS1
No video found for Bugdom  PC
No video found for Bugs Bunny & Taz  Time Busters  PS1
No video found for Bugs Bunny & Taz  Time Busters  PS1
No video found for Bugs Bunny & Taz  Time Busters  PC
No video found for Bugs Bunny  Lost in Time  PS1
No video found for Bugs Bunny  Lost in Time  PC
No video found for Bugs Must Die  PC
No video found for Builder's Block   PS1
No video found for Builderland  PC Engine
No video found for Building Crush!  PS1
No video found for Bujingai  The Forsaken City    PS2
No video found for Bulby  Diamond Course  PC
No video found for Bullet Butlers  PSP
No video found for Bullet Girls Phantasia  PC
No video found for Bullet Hell Monday  Mobile
No video found for Bullet Party  PC
No video found for Bullet Soul  PC
No video found for Bullet Soul  Infinite Burst  Xbox 360
No video found for Bullet Soul  Infinite Burst  Switch
No video found for Bullet Soul  Tama Tamashii  Xbox 360
No video found for Bullet Soul   Switch
No video found for Bullet, The  Time of Revenge  Switch
No video found for Bulletstorm  PC
No video found for Bullshot  PC
No video found for Bumper Wars  PC
No video found for Bunny Black 2  PC
No video found for Bunny Black 3  PC
No video found for Bunny Must Die  Chelsea and the 7 Devils  Vita
No video found for Burai  Hachigyoku no Yuushi Densetsu  PC Engine
No video found for Burai  Hachitama no Yuushi Densetsu  Mega Drive
No video found for Burai II  Yami Koutei no Gyakushuu  PC Engine
No video found for Bureau, The  XCOM Declassified  PC
No video found for Bureau, The  XCOM Declassified  PS3
No video found for BurgerTime Party!  Switch
No video found for Buried Stars  Vita
No video found for Burly Men At Sea  Vita
No video found for Burn Zombie Burn  PS3
No video found for BurnStar  Switch
No video found for Burning Knight  PC
No video found for Burnout 3  Takedown  PS2
No video found for Burnout 3  Takedown  Xbox
No video found for Burnout Dominator  PS2
No video found for Burnout Revenge  Xbox
No video found for Burst Error  Eve the First  PSP
No video found for Bushido Blade  PS1
No video found for Bushido Blade 2  PS1
No video found for Busin 0  Wizardry Alternative Neo  PS2
No video found for Bust 'N Rush  PC
No video found for BustAMove 3000    GameCube
No video found for Bustafellows  Switch
No video found for Busy Scissors  Wii
No video found for ButtUgly Martians  Zoom or Doom!  GameCube
No video found for Button Button Up!   Switch
No video found for Buzz Aldrin's Space Program Manager  PC
No video found for Buzz! Brain of the UK  PS2
No video found for Buzz! Brain of the World  Buzz! Brain of the UK  PSP
No video found for Buzz! Brain of the World  Buzz! Danske Genier  PSP
No video found for Buzz! Brain of the World  Buzz! De Slimste van Nederland   PSP
No video found for Buzz! Brain of the World  Buzz! Deutschlands Superquiz   PSP
No video found for Buzz! Brain of the World  Buzz! Il Quizzone Nazionale   PSP
No video found for Buzz! Brain of the World  Buzz! Le Plus Malin des Français   PSP
No video found for Buzz! Brain of the World  Buzz! Que Sabes de tu Pais   PSP
No video found for Buzz! Brain of the World  Buzz! Quem é o Génio Português ~ Buzz! Sokrovishha nacii   PSP
No video found for Buzz! Brain of the World  Buzz! Svenska Genier ~ Buzz! Suomen Neropatti   PSP
No video found for Buzz! Junior  Dino Den  PS2
No video found for Buzz! Junior  Monster Rumble  PS2
No video found for Buzz! Junior  RoboJam  PS2
No video found for Buzz! Master Quiz  PSP
No video found for Buzz! Pop Quiz  PS2
No video found for Buzz! The Hollywood Quiz  PS2
No video found for Buzz! The Music Quiz  PS2
No video found for Buzz! The Sports Quiz  PS2
No video found for CAT  Cyber Attack Team  Xbox
No video found for COP The Recruit   DS
No video found for C1 Circuit  PS1
No video found for CART World Series  PS1
No video found for CAT Interstellar  PC
No video found for CATch the Stars  Switch
No video found for CD Battle  Hikari no Eiyuutachi  PC Engine
No video found for CDF Starfighter VR  PC
No video found for CHIKARA  Action Arcade Wrestling 20220209) Switch
No video found for CHOP  Switch
No video found for COLOR BOMBS  Wii U
No video found for CONSORTIUM  Rebalance  PC
No video found for CONSORTIUM  The Master Edition  PC
No video found for CRAYON SHINCHAN The Storm Called FLAMING KASUKABE RUNNER!!  Switch
No video found for CRIMSON METAL  PC
No video found for CROSSNIQ+  Switch
No video found for CUE! See You Everyday  Mobile
No video found for CUP CRITTERS  Wii U
No video found for CYNK 3030  PC
No video found for Cabela's Big Game Hunter  2005 Adventures  GameCube
No video found for Cabela's Dangerous Hunts 2013  Wii
No video found for Cabela's Hunting Expeditions  PC
No video found for Cabela's Ultimate Deer Hunt  Open Season  PS1
No video found for Cabinets of Doctor Arcana, The  PC
No video found for Cadence of Hyrule  Crypt of the NecroDancer Featuring The Legend of Zelda  Switch
No video found for Caesar III  PC
No video found for Caesars Palace 2000  Millennium Gold Edition  Dreamcast
No video found for Cafe Cuillere  Vita
No video found for Cafe Enchante   Switch
No video found for Cafe Little Wish  Mahou no Recipe  Dreamcast
No video found for Cake Invaders   Switch
No video found for Cake Ninja 3  The Legend Continues  Wii U
No video found for Cake x 3!  Ichigo Ichie  PC
No video found for Cal III  Kanketsuhen  PC Engine
No video found for Caladrius Blaze  PS3
No video found for Caladrius Blaze  PS4
No video found for Caladrius Blaze  PC
No video found for Caladrius Blaze  Switch
No video found for California Sushi Time!  Switch
No video found for Caligula Effect 2, The   Switch
No video found for Caligula Effect, The  Overdose  PC
No video found for Caligula Effect, The  Overdose   Switch
No video found for Call of Cthulhu  Dark Corners of the Earth  PC
No video found for Call of Cthulhu  The Wasted Land  PC
No video found for Call of Duty  Black Ops  Declassified  Vita
No video found for Call of Duty 3  Xbox 360
No video found for Calling All Cars!  PS3
No video found for Cally's Caves 2  Mobile
No video found for Cally's Caves 4  Mobile
No video found for Calvin Tucker's Redneck Jamboree  Wii
No video found for Camp Rock  Final Jam  DS
No video found for Campus  Sakura no Mau Naka de  PC
No video found for Can Can Bunny Extra DX  PC Engine
No video found for Can Can Bunny Premiere  Saturn
No video found for Canary  Kono Omoi wo Uta ni Nosete  PC
No video found for Canary  Kono Omoi wo Uta ni Nosete  Dreamcast
No video found for Candies n' Curses  Mobile
No video found for Candleman  Switch
No video found for Candy Crush Saga  Mobile
No video found for Candy Crush Saga  Mobile
No video found for Candy Crush Soda Saga  Mobile
No video found for Candy Hoarder  Wii U
No video found for Candy Stripe  Minarai Tenshi  Dreamcast
No video found for Canvaleon  Wii U
No video found for Canvas  Sepiairo no Motif  Dreamcast
No video found for Canvas 2 ~Akaneiro no Palette~  PC
No video found for Canvas 3  Tanshoku no Pastel  PS2
No video found for Capcom Fighting Evolution   PS2
No video found for Capcom Fighting Evolution   Xbox
No video found for Capcom Generation 5  Dai 5 Shuu Kakutoukatachi  Saturn
No video found for Capcom vs SNK 2  Millionaire Fighting 2001  Dreamcast
No video found for Capcom vs SNK 2  Millionaire Fighting 2001  PS2
No video found for Capcom vs SNK 2 EO  Xbox
No video found for Capcom vs SNK 2 EO   GameCube
No video found for Capsized  PC
No video found for Captain Backwater  Switch
No video found for Captain Earth  Mind Labyrinth  Vita
No video found for Captain Kaon  PC
No video found for Captain Pegleg  PC
No video found for Captain Rainbow  Wii
No video found for Captain Toad  Treasure Tracker Demo   Switch
No video found for Captain Tsubasa  Mega Drive
No video found for Captain Tsubasa  PS2
No video found for Captain Tsubasa  Ougon Sedai no Chousen  GameCube
No video found for Captain Velvet Meteor  The Jump+ Dimensions  Switch
No video found for Captives, The  Plot of the Demiurge  PC
No video found for Caravan Stories  Mobile
No video found for Caravan Stories  Academy of Magic  Mobile
No video found for Carcassonne  Tiles & Tactics  PC
No video found for Card Battle, THE ~ Eternal Destiny ~  Switch
No video found for Card Captor Sakura  Tomoyo no Video Daisakusen  Dreamcast
No video found for Card Shark  PSP
No video found for Card of Destiny  Hikari to Yami no Tougou Mono  Dreamcast
No video found for CardLife Cardboard Survival  PC
No video found for Cardfight!! Vanguard Dear Days  Switch
No video found for Cardfight!! Vanguard EX  Switch
No video found for Cardhalia  PC
No video found for Carebotz  Switch
No video found for Cargo 3  PC
No video found for Carmageddon  PC
No video found for Carmageddon  Max Damage  PS4
No video found for Carmageddon 2  Carpocalypse Now  PC
No video found for Carmageddon Crashers  Mobile
No video found for Carmageddon TDR 2000   PC
No video found for Carmen Sandiego Adventures in Math  The Big Ben Burglary  Wii
No video found for Carmen Sandiego Adventures in Math  The Case of the Crumbling Cathedral  Wii
No video found for Carmen Sandiego Adventures in Math  The Great Gateway Grab  Wii
No video found for Carmen Sandiego Adventures in Math  The Lady Liberty Larceny  Wii
No video found for Carmen Sandiego The Secret of the Stolen Drums  PS2
No video found for Carnage Racing  PC
No video found for Carnival Games  Wii
No video found for Carnival Games  Mini Golf  Wii
No video found for Carnival Games  Wild West 3D  3DS
No video found for Caromble!  PC
No video found for Carrier  Dreamcast
No video found for Cars  GameCube
No video found for Cars  PS2
No video found for Cars  Wii
No video found for Cars  Fast as Lightning  Mobile
No video found for Cars 2  Wii
No video found for Cars 2  The Video Game  Xbox 360
No video found for Cars 3  Driven to Win  Switch
No video found for Cartagra  PS2
No video found for Cartagra ~Affliction of the Soul~   PC
No video found for Cartoon Network  Battle Crashers  PS4
No video found for Cartoon Network  Battle Crashers  3DS
No video found for Cartoon Network  Punch Time Explosion XL  PS3
No video found for Cartoon Network  Punch Time Explosion XL  Xbox 360
No video found for Cartoon Network Match Land  Mobile
No video found for Case Closed  The Mirapolis Investigation  Wii
No video found for Case of Distrust, A  PC
No video found for Casper  Spirit Dimensions  PS2
No video found for Casper  Spirit Dimensions  GameCube
No video found for Casper  The Movie  Saturn
No video found for Cassette Beasts  PC
No video found for Cassette Beasts  Switch
No video found for Cassette Beasts  Demo Tape   PC
No video found for Castle  Never Judge a Book by its Cover  PC
No video found for Castle Explorer  PC
No video found for Castle Fantasia  PS2
No video found for Castle Fantasia 3 ~Erencia Senki~ Plus stories  PS2
No video found for Castle Fantasia 3 ~Erencia Senki~ Renewal  PC
No video found for Castle Invasion  Throne Out  Vita
No video found for Castle Morihisa  Switch
No video found for Castle Of Pixel Skulls  Switch
No video found for Castle Pals  Switch
No video found for Castle Wars VR  PC
No video found for Castle Woodwarf 2  PC
No video found for Castle of Shikigami 2    Switch
No video found for Castle on the Coast  Switch
No video found for Castlevania  Curse of Darkness   PS2
No video found for Castlevania  Grimoire of Souls  Mobile
No video found for Castlevania  Lords of Shadow 2  Xbox 360
No video found for Castlevania  Lords of Shadow Ultimate Edition  PC
No video found for Castlevania Advance Collection  Switch
No video found for Castleween   PS2
No video found for Castrol Honda Superbike 2000  PC
No video found for Castrol Honda Superbike Racing  PS1
No video found for Cat Girl Without Salad  AmuseBouche  PC
No video found for Cat Girl Without Salad  AmuseBouche  Switch
No video found for Cat Goes Fishing  PC
No video found for Cat Quest  Mobile
No video found for Cat Quest II  PC
No video found for Cat Quest II  Switch
No video found for Cate West  The Vanishing Files  DS
No video found for Caterpillar Construction Tycoon  PC
No video found for Caterpillar Royale   Switch
No video found for Cathedral  Switch
No video found for Catherine  Full Body  Vita
No video found for Catherine  Full Body  Switch
No video found for Catherine  Full Body Trial Version  Switch
No video found for Catlateral Damage  PC
No video found for Catmaze  PC
No video found for Cats & Dogs  The Revenge of Kitty Galore    DS
No video found for Cattails  PC
No video found for Caucasus ~Nanatsuki no Nie~  PC
No video found for Causality  Mobile
No video found for Cave Story 3D   3DS
No video found for Cave Story's Secret Santa  PC
No video found for Cave Story's Secret Santa  Switch
No video found for Cave, The  Wii U
No video found for Cave, The  Xbox 360
No video found for Caveblazers  Switch
No video found for Caveman Warriors   Switch
No video found for Cayne  PC
No video found for Cel Damage  GameCube
No video found for Cel Damage HD  Vita
No video found for Celebrity Sports Showdown  Wii
No video found for Celeste  PC
No video found for Celeste  Switch
No video found for Celestial Tear  Demon's Revenge  PC
No video found for Celestian Tales  Switch
No video found for Celestian Tales  Old North  PC
No video found for Cellfactor  Revolution  PC
No video found for Celtic Kings  Rage of War  PC
No video found for Center Ring Boxing    Saturn
No video found for Centipede & Millipede  Xbox 360
No video found for Centipede  PS1
No video found for Centipede  Dreamcast
No video found for Centipede  Infestation  Wii
No video found for Centipede  Infestation  3DS
No video found for Centipede  Recharged  PC
No video found for Centre Court  Hard Hitter   PS2
No video found for Chain Chronicle V  Vita
No video found for Chained Echoes  Switch
No video found for Chained Echoes  Switch
No video found for Chained Echoes Demo  PC
No video found for Chainz Galaxy  DS
No video found for Chalk Dash Carnival  Switch
No video found for Challenge Me  Brain Puzzles 2  DS
No video found for Chameleon  To Dye For!  Switch
No video found for Champion Jockey  G1 Jockey & Gallop Racer  Xbox 360
No video found for Champion Jockey  G1 Jockey & Gallop Racer  Wii
No video found for Champions of Anteria  PC
No video found for Championship Surfer  PS1
No video found for Championship Surfer  PS1
No video found for Championship Surfer  Dreamcast
No video found for Chantelise ~ A Tale of Two Sisters  PC
No video found for Chanter  ~Kimi no Uta ga Todoitara#~  PS2
No video found for Chaordic  PC
No video found for Chaos Code  PC
No video found for Chaos Code  PS3
No video found for Chaos Code  New Sign of Catastrophe  Switch
No video found for Chaos Combat Chess  PC
No video found for Chaos League  PC
No video found for Chaos Reborn  PC
No video found for Chaos Rings 3  Mobile
No video found for Chaos Sector  PC
No video found for Chaos Wars  PS2
No video found for Chaos;Child  PS3
No video found for Chaos;Child  PC
No video found for CharadeManiacs  Vita
No video found for CharadeManiacs for Nintendo Switch  Switch
No video found for Charge'n Blast  Dreamcast
No video found for Charinko Hero  GameCube
No video found for Chariot  PC
No video found for Charlie II  PC
No video found for Charlie Murder  PC
No video found for Charlie and the Chocolate Factory  PS2
No video found for Charlie and the Chocolate Factory  Xbox
No video found for Charlie the Duck  PC
No video found for Charlie's Angels  GameCube
No video found for Charnel House Trilogy, The  PC
No video found for Chasing Aurora  Wii U
No video found for Chasing Dead  Wii U
No video found for Chelseasan wa 7 no Majin o Bussatsu Saneba Naranai  Vita
No video found for ChemCaper  Act I  Petticles in Peril  PC
No video found for Cherry Tree High Girls' Fight  PC
No video found for Chess  DS
No video found for Chess of Blades  PC
No video found for Chessaria  The Tactical Adventure  PC
No video found for Chessboard Kingdoms  PC
No video found for Chessmaster LIVE  Xbox 360
No video found for Chex Quest 3  PC
No video found for Chex Quest HD  PC
No video found for Chex Quest HD  Switch
No video found for Chibi Marukochan no Taisen Puzzledama  Saturn
No video found for Chicken Invaders  PC
No video found for Chicken Invaders  Cluck of the Dark Side  PC
No video found for Chicken Invaders  Revenge of the Yolk  PC
No video found for Chicken Invaders  The Next Wave Remastered Edition  PC
No video found for Chicken Invaders  Ultimate Omlette  PC
No video found for Chicken Little  PC
No video found for Chicken Little  Xbox
No video found for Chicken Little  GameCube
No video found for Chicken Little Ace in Action  Wii
No video found for Chicken Little Ace in Action  PC
No video found for Chicken Range  Switch
No video found for Chicken Run  PS1
No video found for Chicken Wiggle  3DS
No video found for Chickip Dancers  Norinori Dance do Kokoro mo Odoru  Switch
No video found for Chico and the Magic Orchards DX  Switch
No video found for Chicory  A Colorful Tale  Switch
No video found for Chigau!!!+  Switch
No video found for Chihiro Himukai Always Walks Away   PC
No video found for Chiki Chiki Machine MouRace 2  In Space  3DO
No video found for Chikyuu Boueigun 3  Switch
No video found for Child of Eden  Xbox 360
No video found for Child of Light  PC
No video found for Child of Light  PS4
No video found for Child of Light  Vita
No video found for Children of Mana   DS
No video found for Chime  Xbox 360
No video found for Chime  PC
No video found for Chime Sharp  Switch
No video found for Chime Super Deluxe  Xbox 360
No video found for Chimpuzzle Pro  Wii U
No video found for Chinese Paladin  Sword & Fairy 6  PC
No video found for Chinese Paladin 5  PC
No video found for Chiptune Champion  PC
No video found for Chivalry  Medieval Warfare  PC
No video found for Cho Aniki Zero   PSP
No video found for Cho Dengeki Stryker  PC
No video found for Chocobo GP  Switch
No video found for Chocobo Stallion  PS1
No video found for Chocobo no Fushigi na Dungeon  PS1
No video found for Chocobo's Mystery Dungeon  Every Buddy!   PS4
No video found for Chocobo's Mystery Dungeon  Every Buddy!   Switch
No video found for ChocoboGP'   Mobile
No video found for Chocolat  Maid Cafe Curio  PS2
No video found for Chocolate  Maid Cafe ''Curio''  Dreamcast
No video found for Choju Giga Wars   Switch
No video found for Chompy Chomp Chomp Party  Wii U
No video found for Chop is Dish  Switch
No video found for Choplifter HD  PC
No video found for Choro Q Marine  QBoat  PS1
No video found for Choro Q Park  Saturn
No video found for Chou Aniki  Kyuukyoku Muteki Ginga Saikyou Otoko  PS1
No video found for Chou Kousoku Igo  PS2
No video found for Chou no Doku  Hana no Kusari  Taishou Tsuyakoi Ibun  Vita
No video found for Chou no Doku  Hana no Kusari  Taishou Tsuyakoi Ibun  Switch
No video found for Chouchou Jiken Rhapsodic  Vita
No video found for Choukou Shinki Ixseal  PC
No video found for Christmas Adventure of Rocket Penguin  Wii U
No video found for Christmas Night Archery  3DS
No video found for Chroma Blast  Wii U
No video found for Chroma Squad  Mobile
No video found for Chrome  Specforce  PC
No video found for Chrome Wolf   Switch
No video found for Chronicle Keepers  The Dreaming Garden  PC
No video found for Chronicles of Nyanya, The  PC
No video found for Chronicles of Shakespeare, The  Romeo and Juliet  PC
No video found for Chronicles of Teddy  Harmony of Exidus  PS4
No video found for Chronicles of Teddy  Harmony of Exidus  Wii U
No video found for Chronicles of a Dark Lord   Rhapsody Clash  PC
No video found for Chronicon  PC
No video found for Chrono Ark  PC
No video found for Chrono Clash  Fantasy Tactics  Switch
No video found for ChronoBelt SchwarzOath  Ayakashibito & Bullet Butlers Crossover Disk  PSP
No video found for Chronovolt  Vita
No video found for Chronus Arc  Vita
No video found for Chu Chu Rocket! Universe  PC
No video found for ChuChu Rocket!  Dreamcast
No video found for ChuSingura46+1  PC
No video found for Chuck E Cheese's Party Games  Wii
No video found for Chulip  PS2
No video found for Chunithm  PC
No video found for Chunithm Air Plus  PC
No video found for Chunithm Amazon  PC
No video found for Chunithm Amazon Plus  PC
No video found for Chunithm Crystal  PC
No video found for Chunithm Crystal Plus  PC
No video found for Chunithm New  PC
No video found for Chunithm New Plus  PC
No video found for Chunithm Paradise  PC
No video found for Chunithm Paradise Lost  PC
No video found for Chunithm Plus  PC
No video found for Chunithm Star Plus  PC
No video found for Chunithm Sun  PC
No video found for Chunithm Sun Plus  PC
No video found for Chunithm Superstar  PC
No video found for Church In The Darkness, The  PC
No video found for Chuukana Janshi Tenhoo Painyan  PS2
No video found for Chuukana Janshi Tenhoo Painyan Remix  PSP
No video found for Ciconia When They Cry  Phase 1  For You, the Replaceable Ones   PC
No video found for Ciel Nosurge  Ushinawareta Hoshi e Sasagu Uta  Vita
No video found for Ciel nosurge  Ode to a Lost Star DX  PC
No video found for Ciel nosurge  Ode to a Lost Star DX  Switch
No video found for Cinderella Phenomenon  PC
No video found for Cinders  PC
No video found for Circuit Breakers  PS1
No video found for Circuit Breakers  PS4
No video found for Circuit Dude  Switch
No video found for Citadale  Wii U
No video found for Citadale  The Legends Trilogy  Wii U
No video found for Citadel  Forged with Fire  PC
No video found for Cities  Skylines + Sunset Harbor DLC  PC
No video found for Citizens of Earth   Vita
No video found for City Mysteries  3DS
No video found for City Story  Mobile
No video found for City Story Metro  Mobile
No video found for City Super Hero 3D  Flying Legend Warriors Deluxe Simulator  Switch
No video found for Civilization  Beyond Earth  PC
No video found for Civilization  Beyond Earth  PC
No video found for Civilization II  PS1
No video found for Civilization III  PC
No video found for Civilization V  PC
No video found for ClaDun Returns  This is Sengoku!  PC
No video found for ClaDun Returns  This is Sengoku!   PS4
No video found for Claire  Extended Cut  Vita
No video found for Clan O'Conall and the Crown of the Stag  Switch
No video found for Clandestine  PC
No video found for Clannad  PS2
No video found for Clannad  PSP
No video found for Clannad  Xbox 360
No video found for Clannad  Vita
No video found for Clannad  Switch
No video found for Clans  Saga of the Twins, The  PC
No video found for Clash Force  Switch
No video found for Clash Royale  Mobile
No video found for Clash of Clans  Mobile
No video found for Clash of Panzers  Mobile
No video found for Clash of the Titans  Xbox 360
No video found for Class of Heroes 2G  Remaster Edition  PC
No video found for Clay Agent  PC
No video found for Claymates  SNES
No video found for Clear  Atarashii Kaze no Fuku Oka de  PS2
No video found for Cleopatra  A Queen's Destiny  Mobile
No video found for Cleopatra Fortune  Saturn
No video found for Clever Kids  Creepy Crawlies  DS
No video found for Clever Kids  Dino Land  DS
No video found for Clever Kids  Farmyard Fun  DS
No video found for Clever Kids  Pirates  DS
No video found for Clever Kids  Pony World  DS
No video found for Clever! Das Spiel, das Wissen schafft  DS
No video found for Click Medic  PS1
No video found for Clicker Heroes 2  PC
No video found for Cliff Diving  Vita
No video found for Clive 'N' Wrench  PC
No video found for Clive Barker's Jericho  Xbox 360
No video found for Clock Zero  Shuuen no Ichibyou  PS2
No video found for Clock Zero  Shuuen no Ichibyou ExTime  Vita
No video found for Clock Zero  Shuuen no Ichibyou Portable  PSP
No video found for Clockwork Aquario  Switch
No video found for Close Combat  Panthers in the Fog  PC
No video found for Close to  Inori no Oka  Dreamcast
No video found for Cloud Chasers  Mobile
No video found for Cloudbase Prime  PC
No video found for Cloudberry Kingdom  Wii U
No video found for Cloudberry Kingdom  PC
No video found for Cloudberry Kingdom  Xbox 360
No video found for Cloudphobia  PC
No video found for Club Penguin  Elite Penguin Force  DS
No video found for Club Penguin  Elite Penguin Force  Herbert's Revenge  DS
No video found for Club Penguin  Game Day!  Wii
No video found for Club Penguin Island  Mobile
No video found for Club Penguin Sled Racer   Mobile
No video found for Clubhouse Games  51 Worldwide Classics    Switch
No video found for Cluckles' Adventure  PC
No video found for Clumsy Rush  Ultimate Guys   Switch
No video found for Clunky Hero  Switch
No video found for Cluster Edge  PS2
No video found for Clusterball  PC
No video found for Clutter Evolution  Beyond Xtreme  Switch
No video found for CoComelon  Play with JJ  Switch
No video found for Coaster Works   Dreamcast
No video found for Cobalt  PC
No video found for Coconut Dodge  PSP
No video found for Cocoto  Alien Brick Breaker   3DS
No video found for Cocoto  Kart Racer  GBA
No video found for Cocoto  Platform Jumper  GBA
No video found for Cocoto Fun Fair  GameCube
No video found for Cocoto Kart Racer  GameCube
No video found for Code Realize  Future Blessings   Vita
No video found for Code Shifter  Switch
No video found for Code Shifter  PC
No video found for CodeRealize  Bouquet of Rainbows   Switch
No video found for CodeRealize  Future Blessings  Switch
No video found for CodeRealize  Guardian of Rebirth  Switch
No video found for CodeRealize  Guardian of Rebirth   Vita
No video found for CodeRealize  Wintertide Miracles   Vita
No video found for CodeSpells  PC
No video found for Coded Arms   PSP
No video found for Codename  Kids Next Door  Operation VIDEOGAME  PS2
No video found for Codename  Kids Next Door – Operation VIDEOGAME  Xbox
No video found for Coffee Pot Terrarium  Mobile
No video found for Coffee Rush  PC
No video found for Coffee Talk  Switch
No video found for Cognition  An Erica Reed Thriller  PC
No video found for Coin Crypt  PC
No video found for Coldfire Keep  Mobile
No video found for Colin McRae Rally 2005 Plus   PSP
No video found for Collapse  PC
No video found for Collapse Crunch  PC
No video found for Collapsed  PC
No video found for Collar x Malice  Vita
No video found for Collar x Malice Unlimited  Vita
No video found for Collar x Malice Unlimited  Switch
No video found for Collar x Malice for Nintendo Switch  Switch
No video found for Collateral Thinking  Wii U
No video found for Collection of SaGa  Final Fantasy Legend   Switch
No video found for Collidalot  Switch
No video found for Colloc  Switch
No video found for Coloball 2002  PS2
No video found for Color Guardians  Vita
No video found for Color Symphony 2  Wii U
No video found for Color Wars  PC Engine
No video found for Color Zen  Wii U
No video found for Color Zen Kids  Wii U
No video found for Colorful Aquarium  PC
No video found for Colorful Box  To Love  PS2
No video found for Colorful Logic  PS1
No video found for Colorful Logic 2  PS1
No video found for Colorful Logic 3  PS1
No video found for Colorgrid  Switch
No video found for Colossus Down  PC
No video found for Colossus Down  Switch
No video found for Combat  Task Force 121  PC
No video found for Combat Carnage   PC
No video found for Combat Core  PC
No video found for Combo Chaos!  PC
No video found for Comet Strike  PC
No video found for Comic Party  Dreamcast
No video found for Comic Party  Renewal Package  PC
No video found for Command & Conquer  Saturn
No video found for Command & Conquer  Saturn
No video found for Command & Conquer 3  Kane's Wrath  Xbox 360
No video found for Command & Conquer Remastered Collection  PC
No video found for Commander Keen in Keen Dreams  Definitive Edition  Switch
No video found for Commanders  Attack of the Genos  Xbox 360
No video found for Commandos 2  Men of Courage  PC
No video found for Company of Heroes 2  PC
No video found for Conan  Xbox 360
No video found for Conan Chop Chop  Switch
No video found for Conan Exiles  PC
No video found for Conception II  Children of the Seven Stars   Vita
No video found for Conception PLUS  Maidens of the Twelve Stars  PC
No video found for Concrete Jungle  PC
No video found for Conduct DELUXE!  PC
No video found for Confidential Money  300Hi de 3000Man Dol Kasegu Houhou  PSP
No video found for Conflict  Desert Storm II  Back to Baghdad   PS2
No video found for Conflict Zone  Modern War Strategy  Dreamcast
No video found for Confrontation  PC
No video found for Conga Master Go!  Vita
No video found for Conquest  Frontier Wars  PC
No video found for Constellation Distantia  PC
No video found for Contender     PS1
No video found for Continuity 2  The Continuation  Mobile
No video found for Contra  Rogue Corps  PS4
No video found for Contra Evolution  Mobile
No video found for Contract Killer  Switch
No video found for Contradiction  Spot the Liar  PC
No video found for Conveni 200X, The  Xbox 360
No video found for Conveni, The  Ano Machi wo Dokusen Seyo  PS1
No video found for Cookie Clicker  PC
No video found for Cookie's Bustle  PC
No video found for Cookies vs Claus  PC
No video found for Cool Boarders  Code Alien  PS2
No video found for Cool Cool Toon  Dreamcast
No video found for Core Awaken ~Jilelen and LittleSnow~  PC
No video found for Corona Blossom Vol3  Journey to the Stars  PC
No video found for Corpse Party  Blood Drive  Vita
No video found for Corpse Party  Blood Drive  Switch
No video found for Corpse Party  Sweet Sachiko's Hysteric Birthday Bash   PC
No video found for Corpse Party 2  Dead Patient   PC
No video found for Corpse Party   PSP
No video found for Corpse Party   PC
No video found for Corpse Party   PC
No video found for Corridor Z  Vita
No video found for Corrupted  PC
No video found for Cortex Command  PC
No video found for Cosmic Defenders  Switch
No video found for Cosmic Express  Switch
No video found for Cosmic Fantasy 2  Bouken Shounen Ban  PC Engine
No video found for Cosmic Fantasy 4  Ginga Shounen Densetsu  PC Engine
No video found for Cosmo Dreamer  Switch
No video found for Cosmo Player Z  Switch
No video found for Cosmonauta  Switch
No video found for Cosmonautica  PC
No video found for Cosmophony  Wii U
No video found for Cosmophony  Vita
No video found for Cosmos Bit  Switch
No video found for Costume Quest  PC
No video found for Costume Quest  Mobile
No video found for Costume Quest 2  Wii U
No video found for Cottage Of Leopold the Cat   PC
No video found for Cotton Fantasy   Switch
No video found for Cotton Guardian Force Saturn Tribute  Switch
No video found for Count of Monte Cristo, The  PC
No video found for Countdown to Angry Birds Go!  Mobile
No video found for CounterSpy  Vita
No video found for Country Dance All Stars  Xbox 360
No video found for Courier Crisis  The Saga of the Modern Fatalist  PS1
No video found for Covert Command   PS2
No video found for Cowboy Bebop  Tsuioku no Serenade  PS2
No video found for Crackdown 2   Xbox 360
No video found for Crackdown 3  PC
No video found for Crackdown   Xbox 360
No video found for Cradle  PC
No video found for Cradle Song  Kinou ni Kanaderu Ashita no Uta  PC
No video found for Cradle of Egypt  Mobile
No video found for Cradle of Rome   DS
No video found for Craft the World  Mobile
No video found for Cramped Room of Death  Switch
No video found for Crane Game Toreba  Switch
No video found for Crash Bandicoot  On the Run!  Mobile
No video found for Crash Bandicoot  On the Run!  Mobile
No video found for Crash Bandicoot  The Wrath of Cortex   PS2
No video found for Crash Bandicoot  The Wrath of Cortex   GameCube
No video found for Crash Bandicoot 4  It's About Time Demo  PS4
No video found for Crash Bandicoot Nitro Kart 3D  Mobile
No video found for Crash Bandicoot Nitro Kart 3D  Other systems
No video found for Crash Nitro Kart  Xbox
No video found for Crash Nitro Kart  PS2
No video found for Crash Nitro Kart  Xbox
No video found for Crash Nitro Kart   GameCube
No video found for Crash Tag Team Racing  Xbox
No video found for Crash Tag Team Racing   PS2
No video found for Crash Tag Team Racing   PSP
No video found for Crash Team Racing NitroFueled  Switch
No video found for Crash Time  Autobahn Pursuit   Xbox 360
No video found for Crash Time 3   Xbox 360
No video found for Crash Time 4  The Syndicate  Xbox 360
No video found for Crash Time 5  Undercover  PS3
No video found for Crash Time 5  Undercover  Xbox 360
No video found for Crash Time 5  Undercover   PC
No video found for Crash Time II   PC
No video found for Crash Twinsanity   PS2
No video found for Crash Wheels  PC
No video found for Crash of the Titans  PS2
No video found for Crash of the Titans  Wii
No video found for Crashbots  Switch
No video found for Crashday  PC
No video found for Crashed Lander  PC
No video found for Crashlands  PC
No video found for Crashsite  Mobile
No video found for Crayola Scoot  Switch
No video found for Crayon Shinchan  Arashi o Yobu Kasukabe Eiga Stars!  3DS
No video found for Crayon Shinchan  Puzzle Daimaou no Nazo  3DO
No video found for Crayon Shinchan Ora to Hakase no Natsuyasumi  Owaranai Nanokakan no Tabi  Switch
No video found for Crayon Tulip  Chidori to Koruri no Yuuwaku Jugyou  PC
No video found for Crazy BMX World   Switch
No video found for Crazy Catman  PC
No video found for Crazy Chicken  Pirates 3D  3DS
No video found for Crazy Chicken Adventure  The Pharaoh's Treasure   DS
No video found for Crazy Dreamz  Best Of  PC
No video found for Crazy Taxi  Xbox 360
No video found for Creativerse  PC
No video found for Creature Romances  Kokonoe Kokoro  PC
No video found for Creatures of Aether  PC
No video found for Creatures of Aether   Mobile
No video found for Creeper World 3 Arc Eternal  PC
No video found for Crew, The  Xbox 360
No video found for Cricket 2002  PS2
No video found for Crime Crackers  PS1
No video found for Crime Crackers 2  PS1
No video found for Crime Spree  PSP
No video found for Crimesight  PC
No video found for Criminal Girls Invite Only  PC
No video found for Crimson Empire  PS2
No video found for Crimson Gem Saga    PSP
No video found for Crimson Keep  PC
No video found for Crimson Tears  PS2
No video found for Crimsonland  Vita
No video found for Crimzon Clover WORLD IGNITION  PC
No video found for Crisis Wing  Switch
No video found for Critadel   Switch
No video found for Critical Bullet  7th Target  PS2
No video found for Critical Depth  PS1
No video found for Critical Velocity  PS2
No video found for Criticom  Saturn
No video found for Criticom   PS1
No video found for Critter Crunch  PC
No video found for Critter Crunch  PS3
No video found for Croc 2   PS1
No video found for Croket!  Ban Ou no Kiki wo Sukue  GameCube
No video found for Croods, The  Prehistoric Party!  3DS
No video found for Croods, The  Prehistoric Party!  DS
No video found for Cross Ange  Tenshi to Ryuu to Rondo tr  Vita
No video found for Cross Channel  For All People  Vita
No video found for Cross Channel  In Memory of All People  Xbox 360
No video found for Cross Edge  PS3
No video found for CrossCells  PC
No video found for CrossCode  Switch
No video found for Crossbow Warrior  The Legend of William Tell  PC
No video found for Crossed Swords  Neo Geo CD
No video found for Crossing Souls  PC
No video found for Crossy Road   PC
No video found for Crouching Pony, Hidden Dragon  PC
No video found for Crowdy Farm Puzzle  Switch
No video found for Crowdy Farm Rush  Switch
No video found for Crows  Burning Edge  PS4
No video found for Cruise Ship Tycoon  PC
No video found for CrunchTime   Switch
No video found for Crusader  No Remorse  PS1
No video found for Crusader  No Remorse  Saturn
No video found for Crusader Kings  PC
No video found for Crusader Kings 2 + DLCs  PC
No video found for Crusader Kings II  PC
No video found for Crush the Castle  Mobile
No video found for Crush the Castle  Siege Master  Mobile
No video found for Cruz Brothers  PC
No video found for Cryogear  PC
No video found for Crypt of the NecroDancer  Vita
No video found for Crypt of the Necrodancer  PC
No video found for Crypt of the Necrodancer  Amplified  Mobile
No video found for Crypt of the Necrodancer  Nintendo Switch Edition  Switch
No video found for Crypt of the Serpent King  PC
No video found for Crypt of the Serpent King  PS4
No video found for Cryptark  PC
No video found for Cryptics, The  PSP
No video found for Crypto by POWGI  Switch
No video found for Crysis  PS3
No video found for Crystal Catacombs  PC
No video found for Crystal Cosmos  PC
No video found for Crystal Crisis  Switch
No video found for Crystal Defenders  Mobile
No video found for Crystal Defenders  Mobile
No video found for Crystal Mines  PSP
No video found for Crystal Ortha  PC
No video found for Crystal Ortha  Switch
No video found for Crystal Siege  Mobile
No video found for Crystal of Reunion  Mobile
No video found for Crystalline  PC
No video found for Crystar  PS4
No video found for Crystar  PC
No video found for Crystar  Switch
No video found for Cthulhu Saves Christmas  Switch
No video found for Cthulhu Saves The World  PC
No video found for Cube Battler  Anna Miraiden  Saturn
No video found for Cube Life  Island Survival  Wii U
No video found for Cube Life  Pixel Action Heroes  Wii U
No video found for Cube World  PC
No video found for Cubemen 2  PC
No video found for Cubemen 2  Wii U
No video found for Cubicus Arcanum  PC
No video found for Cubit The Hardcore Platformer Robot HD  Wii U
No video found for Cubivore  Survival of the Fittest   GameCube
No video found for Cubivore  Survival of the Fittest   GameCube
No video found for Cubix  Robots For Everyone  Showdown  GameCube
No video found for Cubix  Robots For Everyone  Showdown  PS2
No video found for Cubix  Robots for Everyone  Race 'N Robots  PS1
No video found for Cubixx  PSP
No video found for Cubot  PC
No video found for Cuddly Animal Friends   Switch
No video found for Culdcept II  Dreamcast
No video found for Culdcept Saga  Xbox 360
No video found for Culpa Innata  PC
No video found for Cupid Parasite  Switch
No video found for Cupid Parasite  Switch
No video found for Cupid Parasite Sweet & Spicy Darling  Switch
No video found for Curious Expedition, The  PC
No video found for Curious George  Xbox
No video found for Curious George  GameCube
No video found for Curious George  PC
No video found for Curry House CoCo Ichibanya  PS2
No video found for Curse  The Eye of Isis  Xbox
No video found for Curse Crackers  For Whom the Belle Toils  Switch
No video found for Curse at Twilight  Thief of Souls  PC
No video found for Curse of Nordic Cove, The  PC
No video found for Curse of the Dead Gods  PC
No video found for Curse of the Pharaoh  Quest for Nefertiti  PC
No video found for Curse of the Sea Rats  Switch
No video found for Cursed Castilla   Switch
No video found for Cursed Castilla   3DS
No video found for Cursed Crusade, The  Xbox 360
No video found for Cursed Gem  PC
No video found for Cursed Mountain  PC
No video found for Cursed to Golf  Switch
No video found for Curses 'N Chaos  Vita
No video found for Custom Drive  PSP
No video found for Custom Mate 2 & Itsuka Dokoka de  FM Towns
No video found for Cut the Rope  Mobile
No video found for Cut the Rope  Experiments  Mobile
No video found for Cut the Rope  Magic  Mobile
No video found for Cut the Rope  Time Travel  Mobile
No video found for Cut the Rope  Triple Treat  3DS
No video found for Cut the Rope 2  Mobile
No video found for Cut the Rope Remastered  Mobile
No video found for Cutthroats  Terror on the High Seas  PC
No video found for Cyanotype Daydream The Girl Who Dreamed the World  PC
No video found for Cybarian   The Time Travelling Warrior  PC
No video found for Cybarian  The Time Traveling Warrior  Vita
No video found for Cyber City Oedo 808  Kemono no Zokusei  PC Engine
No video found for Cyber Fight  Switch
No video found for Cyber Org  PS1
No video found for Cyber Protocol  Switch
No video found for Cyber Protocol Prologue  Switch
No video found for Cyber Sentinel  PC
No video found for Cyber Troopers Virtual On Force  Xbox 360
No video found for Cyber Troopers VirtualOn Marz   PS2
No video found for Cyber Velocity Run  Switch
No video found for CyberLip  Neo Geo CD
No video found for CyberGladiators  PC
No video found for CyberRebeat The Fifth Domain of Warfare  PC
No video found for Cyberline Racing  PC
No video found for Cyberpunk 2077   PC
No video found for Cyberpunk 2077 + Phantom Liberty   PC
No video found for Cybertrash STATYX  Switch
No video found for Cybxus Heart   Switch
No video found for Cycle of Eternity  Space Anomaly  Wii U
No video found for Cyjin  The Cyborg Ninja  PC
No video found for Cyjin  The Cyborg Ninja  Switch
No video found for Cytus  Mobile
No video found for Cytus  Mobile
No video found for Cytus Alpha  Switch
No video found for Cytus II  Mobile
No video found for Cytus II  Mobile
No video found for Cytus Lambda  Vita
No video found for D+Vine   Dreamcast
No video found for DCube Planet  PSP
No video found for DC  Da Capo The Origin  PS2
No video found for DC II PS  Da Capo II Plus Situation  PS2
No video found for DC4  Da Capo 4 Plus Harmony  PC
No video found for DCFS  Da Capo Four Seasons  PS2
No video found for DCIF  Da Capo Innocent Finale  PS2
No video found for DCIII  Da Capo III  PC
No video found for DCPS  Da Capo Plus Situation  PS2
No video found for DGrayman  Sousha no Shikaku  PS2
No video found for DICE  DNA Integrated Cybernetic Enterprises  PS2
No video found for DSDal Segno  Vita
No video found for DUNKLER  3DS
No video found for DUO ~song for all~  PC
No video found for D1 Professional Drift Grand Prix Series 2005  PS2
No video found for D2 Shock  Dreamcast
No video found for D2   Dreamcast
No video found for D4DJ Groovy Mix  Mobile
No video found for DAEMON X MACHINA  Prototype Missions   Switch
No video found for DAEMON X MACHINA Prologue  Switch
No video found for DANKIRA!!! Boys, be DANCING!  Mobile
No video found for DANMAKAI  Red Forbidden Fruit  PC
No video found for DARK MINUTE  Kira's Adventure  Switch
No video found for DDRMAX  Dance Dance Revolution    PS2
No video found for DDRMAX2  Dance Dance Revolution   PS2
No video found for DEADBOLT  Switch
No video found for DEADLOCK  PC
No video found for DEEMO  Last Recital  Vita
No video found for DEEMO Reborn  PC
No video found for DEEP SPACE WAIFU  PC
No video found for DIGICALIZED  Mobile
No video found for DISTRAINT  Deluxe Edition  Vita
No video found for DJ Hero  PS3
No video found for DJ Hero  Wii
No video found for DJ Mix Tour  Mobile
No video found for DJ Star  DS
No video found for DJMAX Ray  Mobile
No video found for DJMax Respect  PS4
No video found for DJMax Respect  PS4
No video found for DNF Duel  Who's Next  Switch
No video found for DOG GONE GOLFING  PC
No video found for DON'T CRASH GO  3DS
No video found for DRAINUS  Switch
No video found for DRAMAtical Murder recode  Vita
No video found for DRAW CHILLY  Switch
No video found for DROD  The Second Sky  PC
No video found for DROD RPG Tendry's Tale  PC
No video found for DX Okuman Chouja Game  The Money Battle  PS1
No video found for DYE  PC
No video found for Da Capo I & II Plus Situation Portable  PSP
No video found for Da Vinci Code, The  PC
No video found for Daemon Detective Gaiden  PC
No video found for Daemon Summoner  PS2
No video found for Daemon X Machina  Switch
No video found for Daemonica  PC
No video found for Daggerhood  Switch
No video found for Dai Gyakuten Saiban  Naruhodou Ryuunosuke no Bouken  3DS
No video found for Dai Gyakuten Saiban 2  Naruhodou Ryuunosuke no Kakugo  3DS
No video found for Dai Senryaku VII  Exceed   PS2
No video found for Dai Senryaku VII  Modern Military Tactics   Xbox
No video found for Dai2Ji Super Robot Taisen OG  PS3
No video found for Dai3Ji Super Robot Taisen Z Jigokuhen  PS3
No video found for Dai3Ji Super Robot Taisen Z Rengokuhen  PS3
No video found for Dai3Ji Super Robot Taisen Z Tengokuhen  PS3
No video found for Daihoushinden  Mega Drive
No video found for Daikaijuu Battle  Ultra Coliseum DX  Ultra Senshi Daishuuketsu  Wii
No video found for Daikon Set  Wii U
No video found for Daikoukai Jidai V  Mobile
No video found for Daikoukai Jidai VI  Mobile
No video found for Dainikai Imouto Senbatsu Sousenkyo  366ninme no Imouto Icha Love Gojitsudan   PC
No video found for Dairoku  Agents of Sakuratani   Switch
No video found for Daisenryaku  Dai Toua Kouboushi  Tora Tora Tora Ware Kishuu ni Seikou Seri  PS2
No video found for Daisenryaku Exceed II  Vita
No video found for Daisenryaku Perfect  Senjou no Hasha  PSP
No video found for Daisenryaku Perfect  Senjou no Hasha  Vita
No video found for Daisessen  Tsuushin Taisen Logic Battle  Dreamcast
No video found for Daito Giken Koushiki PachiSlot Simulator  Ossu! Misao and Maguro Densetsu Portable  PSP
No video found for Daito Giken Koushiki PachiSlot Simulator  Shin Yoshimune  PS2
No video found for Daito Giken Premium PachiSlot Collection  Yoshimune  PS2
No video found for Daitoshokan no Hitsujikai  PC
No video found for Daitoshokan no Hitsujikai  Library Party  Vita
No video found for Daitoshokan no Hitsujikai  Library Party  Switch
No video found for Daiya no Kuni no Alice  Wonderful Mirror World  PSP
No video found for Daiya no Kuni no Alice  Wonderful Wonder World  PSP
No video found for Dakishimete Goshujinsama!  PC
No video found for Dakko Shite Gyu!  Ore no Yome wa Dakimakura   PC
No video found for DamDam StompLand  PS1
No video found for Damascus Gear  Operation Osaka  Switch
No video found for Damascus Gear  Operation Tokyo  HD Edition  PC
No video found for Damsel  PC
No video found for Damsel  Switch
No video found for Dan the Man  Mobile
No video found for DanMachi de Shooting wa Machigatteiru Darou ka  Switch
No video found for Danball Senki  PSP
No video found for Danball Senki Boost  PSP
No video found for Danball Senki W  PSP
No video found for Danball Senki W  Vita
No video found for Danball Senki W Chou Custom  3DS
No video found for Danball Senki Wars  3DS
No video found for Dance  UK  Xbox
No video found for Dance Collider  PC
No video found for Dance Dance Revolution 2nd ReMIX  PS1
No video found for Dance Dance Revolution 2nd ReMIX Append Club Version Vol 1  PS1
No video found for Dance Dance Revolution 2nd ReMIX Append Club Version Vol 2  PS1
No video found for Dance Dance Revolution 2ndMIX Dreamcast Edition  Dreamcast
No video found for Dance Dance Revolution 5thMIX  PS1
No video found for Dance Dance Revolution Club Version Dreamcast Edition  Dreamcast
No video found for Dance Dance Revolution Extreme  PS2
No video found for Dance Dance Revolution Extreme 2  PS2
No video found for Dance Dance Revolution Festival  PS2
No video found for Dance Dance Revolution Hottest Party  Wii
No video found for Dance Dance Revolution Hottest Party 2   Wii
No video found for Dance Dance Revolution Hottest Party 4  Wii
No video found for Dance Dance Revolution Party Collection  PS2
No video found for Dance Dance Revolution STRIKE  PS2
No video found for Dance Dance Revolution SuperNOVA 2   PS2
No video found for Dance Dance Revolution Ultramix 2   Xbox
No video found for Dance Dance Revolution Ultramix 4  Xbox
No video found for Dance Dance Revolution Winx Club  Wii
No video found for Dance on Broadway  Wii
No video found for Dance on Broadway  PS3
No video found for Dance! It's Your Stage  PS3
No video found for Dancing Blade Katteni Momotenshi!  Dreamcast
No video found for Dancing Stage featuring True Kiss Destination  PS1
No video found for Dancing with the Stars  We Dance!  DS
No video found for Dandara  Switch
No video found for Dandy Ace  Switch
No video found for Dandy Dungeon  Legend of Brave Yamada   Switch
No video found for Dandy Dungeon Legend of Brave Yamada  PC
No video found for Danganronpa  Trigger Happy Havoc  PC
No video found for Danganronpa  Trigger Happy Havoc  Anniversary Edition   Switch
No video found for Danganronpa  Trigger Happy Havoc   Vita
No video found for Danganronpa 1・2 Reload  PS4
No video found for Danganronpa 2  Goodbye Despair  PC
No video found for Danganronpa 2  Goodbye Despair Anniversary Edition   Switch
No video found for Danganronpa 2  Goodbye, Despair   Vita
No video found for Danganronpa Another Episode  Ultra Despair Girls   PS4
No video found for Danganronpa Another Episode  Ultra Despair Girls   PC
No video found for Danganronpa S  Ultimate Summer Camp   Switch
No video found for Danganronpa V3  Killing Harmony  PC
No video found for Danganronpa V3  Killing Harmony  Anniversary Edition   Switch
No video found for Danganronpa V3  Killing Harmony   PS4
No video found for Danger Gazers  PC
No video found for Danger Gazers  Switch
No video found for Danger Scavengers  PC
No video found for Danmaku Unlimited 2  Mobile
No video found for Danmaku Unlimited 3  Mobile
No video found for Dare Devil Derby 3D   PS1
No video found for Daredemo Shodan ni Nareru Igo Kyoushitsu  Vita
No video found for Darius Cozmic Revelation  Switch
No video found for Dark  Xbox 360
No video found for Dark Burial  Switch
No video found for Dark Deity  Switch
No video found for Dark Messiah of Might & Magic  Elements  Xbox 360
No video found for Dark Miasma  PC
No video found for Dark Mist  The Depths of Darkness  PS3
No video found for Dark Mystery  PS4
No video found for Dark Nebula  Episode One  Mobile
No video found for Dark Nebula  Episode Two  Mobile
No video found for Dark Realm  Queen of Flames  PC
No video found for Dark Realm 2  Princess of Ice Collector's Edition  PC
No video found for Dark Realm 3  Lord of the Winds Collection Edition  PC
No video found for Dark Rift  PC
No video found for Dark Savior  Saturn
No video found for Dark Souls  Remastered  Network Test Version  Switch
No video found for Dark Souls II  Xbox 360
No video found for Dark Souls II  PC
No video found for Dark Souls II  Scholar of the First Sin  Xbox 360
No video found for Dark Souls II  Scholar of the First Sin  PS4
No video found for Dark Souls II Network Test  PS3
No video found for Dark Souls III  PS4
No video found for Dark Souls III  PC
No video found for Dark Souls III Network Stress Test  PS4
No video found for Dark Summit  Xbox
No video found for Dark Summit  PS2
No video found for Dark Summit  GameCube
No video found for Dark Vengeance  PC
No video found for Dark Void  PC
No video found for Dark Void  PS3
No video found for Dark Void  Xbox 360
No video found for Dark Water  Slime Invader  Switch
No video found for Dark Witch Music Episode  Rudymical   Switch
No video found for Darkest Dungeon  Vita
No video found for Darkest Dungeon   PC
No video found for Darkest Dungeon + Crimson Court DLC  PC
No video found for Darkest Dungeon  Ancestral Edition  Switch
No video found for Darkest Dungeon  Tablet Edition  Mobile
No video found for Darkfall Online  PC
No video found for Darkness Within  In Pursuit of Loath Nolder  PC
No video found for Darkness, The  Xbox 360
No video found for Darkout  PC
No video found for Darkside Detective, The  PC
No video found for Darkside Detective, The  Switch
No video found for Darkside Detective, The  A Fumble in the Dark  Switch
No video found for Darksiders  Warmastered Edition  Switch
No video found for Darksiders II  PS3
No video found for Darksiders III  PC
No video found for Darkstalkers Resurrection   PS3
No video found for Darkstar One  PC
No video found for Darkstone  PC
No video found for Darkstone   PS1
No video found for Darkwatch  PS2
No video found for Darkwatch  Xbox
No video found for Darkwood  PC
No video found for Darts Up  Wii U
No video found for Dashing Dodgems  Switch
No video found for Data Hacker Initiation  PC
No video found for DateALive Twin Edition  Rio Reincarnation  Vita
No video found for Datenshi no Amai Yuuwaku x Kaikan Phrase  DS
No video found for Dave Mirra Freestyle BMX 2  Xbox
No video found for Davyria  Heroes of Eternity  PC
No video found for Dawn Rising  Mobile
No video found for Dawn of Andromeda  Subterfuge  PC
No video found for Dawn of Empire  Taejo Wang Geon Jegukui Achim  PC
No video found for Dawn of Mana   PS2
No video found for Dawn of Titans  Mobile
No video found for Dawn's Light 3  PC
No video found for DawnFirst War VR, The  PC
No video found for Day of the Tentacle Remastered  Vita
No video found for Daydreamer  PC
No video found for Days of Thunder  Arcade  Xbox 360
No video found for Dead Ahead  Zombie Warfare  Vita
No video found for Dead Block  PC
No video found for Dead Effect  Mobile
No video found for Dead End  Orchestral Manoeuvres in the Dead End  PSP
No video found for Dead End Job  Switch
No video found for Dead End Junction  PC
No video found for Dead In Vinland  The Vallhund  PC
No video found for Dead Nation  Vita
No video found for Dead Nation  PS3
No video found for Dead Rising 4  PC
No video found for Dead Rising 4  Frank's Big Package   PS4
No video found for Dead of the Brain 1 & 2  PC Engine
No video found for Dead or Alive  PS1
No video found for Dead or Alive Paradise  PSP
No video found for Dead or Alive   PS1
No video found for Dead to Rights  Xbox
No video found for Dead to Rights  PS2
No video found for Dead to Rights  GameCube
No video found for Dead to Rights  PC
No video found for Dead to Rights  Retribution  Xbox 360
No video found for Dead to Rights II  Xbox
No video found for Dead to Rights II  PS2
No video found for Dead to Rights II   PC
No video found for Deadbeat Heroes  PC
No video found for Deadhunt  PC
No video found for Deadliest Catch  Alaskan Storm  Xbox 360
No video found for Deadliest Warrior  Legends  Xbox 360
No video found for Deadliest Warrior  The Game  Xbox 360
No video found for Deadlings  Switch
No video found for Deadlings  Rotten Edition  PC
No video found for Deadly Creatures  Wii
No video found for Deadly Dungeons  Mobile
No video found for Deadly Edge  PC
No video found for Deadly Premonition 2  A Blessing in Disguise  Switch
No video found for Deadly Premonition Origins  Switch
No video found for Deadly Premonition   Xbox 360
No video found for Deadly Sin 2  PC
No video found for Deadly Tower of Monsters, The  PC
No video found for Dear Girl  Stories Hibiki  Hibiki Tokkun Daisakusen!  DS
No video found for Dear Magi Mahou Shounen Gakka  Switch
No video found for Dear My Friend  Love Like Powdery Snow  PS2
No video found for Dear Red Extended  PC
No video found for DearS  PS2
No video found for Deardrops Distortion  PSP
No video found for Death Bringer  Himerata Monshou  Mega Drive
No video found for Death Bringer  The Knight of Darkness  PC Engine
No video found for Death Connection  PS2
No video found for Death Connection Portable  PSP
No video found for Death Crimson 2  Meraniito no Saidan  Dreamcast
No video found for Death Goat  PC
No video found for Death Mark   Vita
No video found for Death Point  Mobile
No video found for Death Rally  PC
No video found for Death Road  PC
No video found for Death Road to Canada  PC
No video found for Death Stranding  Director's Cut  PC
No video found for Death Throttle  Kakuzetsu Toshi kara no Dasshutsu  Saturn
No video found for Death Track  Resurrection  PC
No video found for Death end re;Quest  PS4
No video found for Death end re;Quest  Switch
No video found for Death end re;Quest 2  Switch
No video found for Death's Door  PC
No video found for Death's Door  Switch
No video found for Death's Gambit  Afterlife  Switch
No video found for Deathrow  Xbox
No video found for Deathrun TV  Switch
No video found for Deathsmiles I and II  Switch
No video found for Deathstate Abyssal Edition  PC
No video found for Deathverse  Let It Die  PC
No video found for Debris Infinity  PC
No video found for Debtor  Switch
No video found for Deca Sports    Wii
No video found for Decay of Logos  PC
No video found for Deception IV  The Nightmare Princess   PS4
No video found for Deception IV  The Nightmare Princess   Vita
No video found for Deck of Ashes  PC
No video found for Decksplash   PC
No video found for Deemo  Mobile
No video found for Deemo  Switch
No video found for Deemo  Mobile
No video found for Deemo  Mobile
No video found for Deemo  Mobile
No video found for Deemo Reborn  Switch
No video found for Deep Black  Episode One  Xbox 360
No video found for Deep Fighter  Dreamcast
No video found for Deep Ones  Vita
No video found for Deep Paths, The  Labyrinth of Andokost  PC
No video found for Deep Space Waifu  FANTASY  PC
No video found for Deepak Chopra's Leela  Xbox 360
No video found for Deer God, The  Vita
No video found for Defcon 5  PS1
No video found for Defcon 5  Saturn
No video found for Defend your Crypt  Wii U
No video found for Defender's Quest  Valley of the Forgotten DX  Vita
No video found for Defenders of Ekron  PC
No video found for Defense Dome  Wii U
No video found for Defense Grid  The Awakening  PC
No video found for Defense Grid 2  PC
No video found for Defense Technica  PC
No video found for Defense Zone 3 Ultra HD  PC
No video found for Deflector  PSP
No video found for Deflector  Switch
No video found for Deiland  PC
No video found for Dejiko no Maibura  Dreamcast
No video found for Dekaron  PC
No video found for Dekoboko Densetsu  Hashiru Wagamanmar  PC Engine
No video found for Delivery From The Pain  Mobile
No video found for Delphinia Chronicle  PC
No video found for Delta Strike  First Assault  Vita
No video found for Deltarune  Chapter 1  Switch
No video found for Deltarune  Chapter 1&2  PC
No video found for Deltatraveler   PC
No video found for Delusions of Von Sottendorff and His Squared Mind, The  3DS
No video found for Dementia Book of the Dead  Mobile
No video found for Demolition Man  3DO
No video found for Demon Chaos   PS2
No video found for Demon Crystal 4, The  Switch
No video found for Demon Crystal II, The  Knither  Switch
No video found for Demon Crystal, The  Switch
No video found for Demon Gaze  Vita
No video found for Demon Gaze EXTRA  Switch
No video found for Demon Gaze II  Vita
No video found for Demon Stone  PC
No video found for Demon Sword  Incubus   Switch
No video found for Demon Turf  Switch
No video found for Demon Turf  Neon Splash  Switch
No video found for Demon's Crystals  PC
No video found for Demon's Rise  Mobile
No video found for Demon's Rise  War for the Deep  PC
No video found for Demon's Rise 2 Lords of Chaos  Mobile
No video found for Demon's Score  Mobile
No video found for Demon's Score  Mobile
No video found for Demon's Tier+  Switch
No video found for Demong Hunter  Mobile
No video found for Demong Hunter  Switch
No video found for Demong Hunter 3  Mobile
No video found for Demoniaca  Everlasting Night  PC
No video found for Demoniaca  Everlasting Night  Switch
No video found for Demonic Karma Summoner  Wii U
No video found for Demonic Supremacy  Switch
No video found for Demons With Shotguns  PC
No video found for DemonsTier  PC
No video found for Dengeki Gakuen RPG  Cross of Venus  DS
No video found for Dengeki Gakuen RPG  Cross of Venus Special  DS
No video found for Dengen Tenshi Taisen Mahjong Shangrila  Dreamcast
No video found for Denki Blocks!  PSP
No video found for Dennou Tenshi  Digital Angel  PC Engine
No video found for Denpashounenteki Kenshouseikatsu Soft Nasubi no Heya  Dreamcast
No video found for Densetsu no Ogre Battle  The March of the Black Queen  Saturn
No video found for Densha de Go! 2  Kousokuhen 3000bandai  Dreamcast
No video found for Densha de Go! EX  Saturn
No video found for Deoxynn Act 1   PC
No video found for Deputy Dangle  PC
No video found for Derby Racing  Xtreme Driver  Switch
No video found for Derby Tsuku  Derby Uma wo Tsukurou  Dreamcast
No video found for Derby Tsuku 2  Dreamcast
No video found for Derby Tsuku 3  Derby Uma wo Tsukurou!  GameCube
No video found for Deron Dero Dero  Saturn
No video found for Descent  PC
No video found for Descent  PS1
No video found for Descent  PS1
No video found for Descent II  PC
No video found for Descent II  PC
No video found for Descent II The Infinite Abyss  PC
No video found for Descent II The Vertigo Series  PC
No video found for Descent Maximum  PS1
No video found for Descent Underground  PC
No video found for Descent to Undermountain  PC
No video found for Desert Child   Switch
No video found for Desert Kingdom  PS2
No video found for Desert Kingdom Portable  PSP
No video found for Desert Thunder  PC
No video found for Desire  PS2
No video found for Desire  Remaster Ver  Vita
No video found for Desktop Dungeons  PC
No video found for Desolate  PC
No video found for Desperados  Wanted Dead or Alive  PC
No video found for Desperados 2  Cooper's Revenge  PC
No video found for Desperados III  PC
No video found for Despicable Me  PS2
No video found for Despicable Me  Wii
No video found for Destination  Treasure Island  Mobile
No video found for Destination Dungeon  Crypts of Warthallow  PC
No video found for Destination Dungeon  Crypts of Warthallow  PC
No video found for Destroy All Humans!  Path of the Furon  Xbox 360
No video found for Destroy School Simulator  Switch
No video found for Desync  PC
No video found for Detective Conan Runner  Race to the Truth  Mobile
No video found for Detective Pikachu   3DS
No video found for DethKarz  PC
No video found for Detonator Orgun  Mega Drive
No video found for Detonator   PS2
No video found for Deus Ex  The Conspiracy   PS2
No video found for Deus Ex  The Fall  PC
No video found for DevastationZone Troopers  PC
No video found for Devastator  Switch
No video found for Devil Dice ]  PS1
No video found for Devil Engine  Switch
No video found for Devil Inside, The  PC
No video found for Devil Kings   PS2
No video found for Devil May Cry  PS2
No video found for Devil May Cry  Switch
No video found for Devil May Cry  Peak of Combat  Mobile
No video found for Devil May Cry 2  PS2
No video found for Devil May Cry 2  Switch
No video found for Devil May Cry 3  Dante's Awakening  Special Edition  PS2
No video found for Devil May Cry 3  Dante's Awakening   PS2
No video found for Devil May Cry 5   PS4
No video found for Devil May Cry HD Collection  PS3
No video found for Devil Sealing Stone  PC
No video found for Devil Slayer  Raksasi  PC
No video found for Devil Summoner  Soul Hackers  Saturn
No video found for Devious Dungeon  Mobile
No video found for Devious Dungeon  Switch
No video found for Devious Dungeon  Vita
No video found for Devious Dungeon 2  Mobile
No video found for Devious Dungeon 2  Vita
No video found for Devious Dungeon 2  Switch
No video found for Dewy's Adventure   Wii
No video found for Di Gi Charat Fantasy Excellent  PS2
No video found for DiGi Charat Fantasy  Dreamcast
No video found for Diablo II  Resurrected  PC
No video found for Diablo III  PC
No video found for Diabolic  Switch
No video found for Diabolik Lovers  Chaos Lineage  Switch
No video found for Diabolik Lovers  Dark Fate  Vita
No video found for Diabolik Lovers  Lost Eden  Vita
No video found for Diabolik Lovers  Lunatic Parade  Vita
No video found for Diabolik Lovers  Vandead Carnival  Vita
No video found for Diabolik Lovers  moreBlood  Limited V Edition  Vita
No video found for Diadra Empty  PC
No video found for Dice Mage 2  Mobile
No video found for Dicetiny  The Lord of the Dice  PC
No video found for Dicey Dungeons  PC
No video found for Dicey Dungeons  Switch
No video found for Dick Wilde 2  PC
No video found for Dies Irae  Amantes Amentes  Switch
No video found for Dies irae ~Amantes amentes~  PC
No video found for Digerati Indie Bundle  INK & HackyZack  Switch
No video found for Diggers 2  Extractors  The Hanging Worlds of Zarg  PC
No video found for Digimon AllStar Rumble  PS3
No video found for Digimon ReArise  Mobile
No video found for Digimon Rumble Arena 2  PS2
No video found for Digimon Rumble Arena   PS1
No video found for Digimon Story  Cyber Sleuth  PC
No video found for Digimon Story Cyber Sleuth  PS4
No video found for Digimon Story Cyber Sleuth  Complete Edition  Switch
No video found for Digimon Story Cyber Sleuth  Hacker's Memory  Vita
No video found for Digimon Survive  PC
No video found for Digimon Survive  Switch
No video found for Digimon Universe  Appli Monsters  3DS
No video found for Digimon World  Next Order  Vita
No video found for Digimon World  Next Order  Switch
No video found for Digimon World 4   GameCube
No video found for Digimon World 4   Xbox
No video found for Digimon World Data Squad   PS2
No video found for Digital Angel  Dennou Tenshi Spiral Story  Saturn
No video found for Digital Keiba Shinbun  My Trackman  Dreamcast
No video found for Dimension Drive  Switch
No video found for Dimension Drive  PC
No video found for Din's Curse  PC
No video found for Diner Dash  PC
No video found for Dino Dini's Kick Off Revival  PS4
No video found for Dino Dini's Kick Off Revival  Vita
No video found for Dino Galaxy Tennis  Switch
No video found for Dino Pets   DS
No video found for Dino Tales  Switch
No video found for Dinosaur Resurrection  PC
No video found for Dinotopia  The Sunstone Odyssey  GameCube
No video found for Dinotopia  The Sunstone Odyssey  Xbox
No video found for Dinotopia  The Sunstone Odyssey  Xbox
No video found for Dinox  Wii U
No video found for DioField Chronicle, The  Switch
No video found for Disappearing of Gensokyo, The  PC
No video found for Disaster Report 4  Summer Memories   Switch
No video found for Disaster Report 4  Summer Memories   Switch
No video found for Disaster Report    PS2
No video found for Disco Cannon Airlines   Switch
No video found for Disco Dodgeball Remix  Switch
No video found for Disco Elysium  PC
No video found for Disco Elysium  The Final Cut  Switch
No video found for Disgaea 4 Complete+   Switch
No video found for Disgaea 5  Alliance of Vengeance   PS4
No video found for Disgaea 5 Complete  Switch
No video found for Disgaea RPG  Mobile
No video found for Disgaea RPG  Mobile
No video found for Dishonored  PC
No video found for Dishwasher, The  Vampire Smile  PC
No video found for Disjunction Unleashed  PC
No video found for Disney Art Academy  3DS
No video found for Disney Dreamlight Valley  PC
No video found for Disney Epic Mickey 2  The Power of Two  PS3
No video found for Disney Golf   PS2
No video found for Disney Infinity  Xbox 360
No video found for Disney Infinity  Wii U
No video found for Disney Infinity  Wii
No video found for Disney Infinity  Edition 20  Marvel Super Heroes  Vita
No video found for Disney Infinity  Marvel Super Heroes 20  PS3
No video found for Disney Princess  Enchanted Journey   Wii
No video found for Disney Princess  Magical Jewels   DS
No video found for Disney SpellStruck  PC
No video found for Disney Sports  Basketball  GameCube
No video found for Disney Sports  Football   GameCube
No video found for Disney Sports Skateboarding  GameCube
No video found for Disney Star Smash  Mobile
No video found for Disney TH!NK Fast   Wii
No video found for Disney Tangled  PC
No video found for Disney Tsum Tsum Festival  Switch
No video found for Disney Universe  Wii
No video found for Disney's Dinosaur  PC
No video found for Disney's Mahjongg  PC
No video found for Disney's PK  Out of the Shadows  PS2
No video found for Disney's PK  Out of the Shadows  GameCube
No video found for Disney's Peter Pan  The Legend of NeverLand  PS2
No video found for Disney's Read to Read With Pooh  PC
No video found for Disneyland Adventures  Xbox 360
No video found for Dissidia  Final Fantasy NT  PS4
No video found for Distant Worlds  PC
No video found for Distant Worlds  Legends  PC
No video found for Dive  PC
No video found for Dive  The Medes Islands Secret  Wii
No video found for Divekick  PC
No video found for Diver's Dream   PS1
No video found for Divine Divinity  PC
No video found for Divine Paradox, The  PC
No video found for Divine   Mobile
No video found for Divinity  Dragon Commander  PC
No video found for Divinity II  Developer's Cut  PC
No video found for Divinity II  Ego Draconis  Xbox 360
No video found for Dizzy Hearts  Chapter 1  PC
No video found for Dizzy Knight  Mobile
No video found for DmC  Devil May Cry  Definitive Edition  PS4
No video found for DoDonPachi Daioujou Black Label Extra  Xbox 360
No video found for DoDonPachi Resurrection  Switch
No video found for DoDonPachi Saidaioujou  Xbox 360
No video found for Dobutsu Shogi World   Switch
No video found for Docchi Mecha!  PS1
No video found for Doctor Fizzwizzle's Animal Rescue  Wii
No video found for Doctor Who  The Edge of Time  PC
No video found for Doctor Who  The Eternity Clock  Vita
No video found for Doctor Who  The Eternity Clock  PC
No video found for Dodge Racing  Charger vs Challenger  DS
No video found for DodgeBox  3DS
No video found for Dodgeball Academia  Switch
No video found for Dodonpachi II  Bee Storm  Other systems
No video found for Does not Commute  Mobile
No video found for Dog Island, The   Wii
No video found for Dog Island, The   PS2
No video found for Dog of Bay  PS2
No video found for Dog, The  Happy Life  PSP
No video found for Doggie Ninja  The Burning Strikers   Switch
No video found for Doggie Ninja  The Golden Mission   Switch
No video found for Dogurai  Switch
No video found for Doguu Senki  Haou  Dreamcast
No video found for Dohna Dohna Issho ni Warui Koto o Shiyou  PC
No video found for Dokapon Kingdom  Wii
No video found for Dokapon Kingdom  Connect  Switch
No video found for Doki Doki Idol Star Seeker Remix  Dreamcast
No video found for Doki Doki Literature Club  PC
No video found for Doki Doki Literature Club Plus!  PC
No video found for Doki Doki Literature Club Plus!  Switch
No video found for Doki Majo Plus  DS
No video found for DokiDoki Universe  Vita
No video found for Dokidoki Majo Shinpan!  DS
No video found for Dokidoki Majo Shinpan! 2  DS
No video found for Doko e Iku no, Ano Hi  PC
No video found for Dokuro  Vita
No video found for Dollar Dash  PC
No video found for Dolphin Up  Wii U
No video found for Dolphin Wave  Mobile
No video found for Domina  PC
No video found for Dominions 4  Thrones of Ascension  PC
No video found for Dominions 5  Warriors of the Faith  PC
No video found for Domino Rally    Wii
No video found for Dominos App feat Hastune Miku  Mobile
No video found for Domiverse  PC
No video found for Don't Die, Mr Robot!  Vita
No video found for Don't Starve  PC
No video found for Donald Duck  Goin' Quackers   Dreamcast
No video found for Donkey Kong Country  Tropical Freeze  Switch
No video found for Donkey Konga  GameCube
No video found for Donkey Konga 2   GameCube
No video found for Donkey Konga 3  TabeHoudai Haru Mogitate 50 Kyoku  GameCube
No video found for Donut County  PC
No video found for Donut County  Switch
No video found for Doodle Champion Island Games  PC
No video found for Doodle Devil  Vita
No video found for Doodle God  Crime City  Switch
No video found for Doodle God  Genesis Secrets  PC
No video found for Doodle Pool  PSP
No video found for Doom  PS1
No video found for Doom  PS1
No video found for Door Kickers  PC
No video found for Door Kickers  Action Squad  PC
No video found for Door Kickers  Action Squad  Switch
No video found for Doors of Insanity ~Early Access~ PC
No video found for Dora the Explorer  Barnyard Buddies  PS1
No video found for Dora the Explorer  Journey to the Purple Planet  GameCube
No video found for Doraemon  Nobita no Getsumen Tansaki  Switch
No video found for Doraemon  Nobita no Shin Kyouryuu  Switch
No video found for Doraemon  Nobita to Fukkatsu no Hoshi  Saturn
No video found for Doraemon  Nobita's Little Star Wars 2021  Switch
No video found for Doraemon  Story of Seasons   Switch
No video found for Doraemon Gadget Rush  Mobile
No video found for Dorori Ama Ero Gohoushi Seikatsu!  PC
No video found for Dota 2  PC
No video found for Dota Underlords  Mobile
No video found for Double Breakout  Wii U
No video found for Double Breakout  3DS
No video found for Double Breakout II  Wii U
No video found for Double Dragon  Neo Geo CD
No video found for Double Dragon  Mobile
No video found for Double Dragon Gaiden  Rise of the Dragons  Switch
No video found for Double Dragon II  Wander of the Dragons  Xbox 360
No video found for Double Dragon IV  Switch
No video found for Double Reaction! Plus  PS2
No video found for Double Shot Gals  Switch
No video found for Doughlings  Arcade  Switch
No video found for Doukoku Soshite Remastered  Vita
No video found for Doukyuusei  PC Engine
No video found for Doukyuusei  PC
No video found for Doukyuusei 2  PC
No video found for Doukyuusei II  PC Engine
No video found for Doushite, Sonna ni Kuroi Kami ga Suki na no  PC
No video found for Dousoukai 2  Again & Refrain  Dreamcast
No video found for Down the World  Mervil's Ambition  SNES
No video found for Down to Hell  Switch
No video found for Downstream Panic!   PSP
No video found for Downwell  Mobile
No video found for Downwell  Vita
No video found for Downwell  Switch
No video found for Dr Kawashima's Brain Training for Nintendo Switch   Switch
No video found for Dr Fetus' Mean Meat Machine  Switch
No video found for Dr Kobushi's Labyrinthine Laboratory  PC
No video found for Dr Luigi  Wii U
No video found for Dr Mario World  Mobile
No video found for Dr Mario World  Mobile
No video found for Dr Maybee and the Adventures of Scarygirl  PSP
No video found for Dr Muto  GameCube
No video found for Dr Oil  Switch
No video found for Dr Seuss' The Cat in the Hat  Xbox
No video found for Draconus  Cult of the Wyrm   Dreamcast
No video found for Dragalia Lost   Mobile
No video found for Dragalia Lost   Mobile
No video found for Dragalia Lost   Mobile
No video found for Dragalia Lost   Mobile
No video found for Dragalia Lost   Mobile
No video found for Dragalia Lost   Mobile
No video found for Dragalia Lost   Mobile
No video found for Dragalia Lost   Mobile
No video found for Drago Noka  Switch
No video found for DragoDino  PC
No video found for Dragon Age  Origins  PC
No video found for Dragon Age  Origins  PS3
No video found for Dragon Age  Origins  Xbox 360
No video found for Dragon Ball  Fusions  3DS
No video found for Dragon Ball  Raging Blast  PS3
No video found for Dragon Ball  Raging Blast  Xbox 360
No video found for Dragon Ball  Raging Blast 2  PS3
No video found for Dragon Ball  Raging Blast 2  Xbox 360
No video found for Dragon Ball  The Breakers Beta  Switch
No video found for Dragon Ball  Xenoverse 2  PS4
No video found for Dragon Ball FighterZ  Open Beta  Switch
No video found for Dragon Ball Z  Battle of Z  Vita
No video found for Dragon Ball Z  Budokai Tenkaichi 2   Wii
No video found for Dragon Ball Z  Budokai Tenkaichi 2   PS2
No video found for Dragon Ball Z  Burst Limit  Xbox 360
No video found for Dragon Ball Z  Burst Limit  PS3
No video found for Dragon Ball Z  Dokkan Battle  Mobile
No video found for Dragon Ball Z  Extreme Butoden  3DS
No video found for Dragon Ball Z  Infinite World  PS2
No video found for Dragon Ball Z  Sagas  GameCube
No video found for Dragon Ball Z  Shin Butouden  Saturn
No video found for Dragon Ball Z  Ultimate Tenkaichi  Xbox 360
No video found for Dragon Ball Z  Ultimate Tenkaichi   Xbox 360
No video found for Dragon Blade  Wrath of Fire   Wii
No video found for Dragon Cliff  PC
No video found for Dragon Drive  DMasters Shot  GameCube
No video found for Dragon Fang  3DS
No video found for Dragon Fantasy  The Black Tome of Ice  Vita
No video found for Dragon Fantasy  The Black Tome of Ice  PC
No video found for Dragon Fantasy Book I  Vita
No video found for Dragon Fin Soup  PC
No video found for Dragon Hills 2  Switch
No video found for Dragon Hunters   DS
No video found for Dragon Lapis  Mobile
No video found for Dragon Lapis  Switch
No video found for Dragon Marked For Death  Switch
No video found for Dragon Poker  Mobile
No video found for Dragon Quest & Final Fantasy in Itadaki Street Special  PS2
No video found for Dragon Quest  Shounen Yangus to Fushigi no Dungeon  PS2
No video found for Dragon Quest Builders 2   Switch
No video found for Dragon Quest Builders   Switch
No video found for Dragon Quest Characters  Torneko no Daibouken 3  Fushigi no Dungeon  PS2
No video found for Dragon Quest Heroes I  Yamiryuu to Sekaiju no Shiro  PC
No video found for Dragon Quest Monster Battle Road Victory  Wii
No video found for Dragon Quest Monsters  The Dark Prince Demo   Switch
No video found for Dragon Quest Monsters Super Light  Mobile
No video found for Dragon Quest Swords  The Masked Queen and the Tower of Mirrors   Wii
No video found for Dragon Quest Tact  Mobile
No video found for Dragon Quest The Adventure of Dai  A Hero's Bonds   Mobile
No video found for Dragon Quest Treasures  Switch
No video found for Dragon Quest X  Mezameshi 5tsu no Shuzoku Online  Wii
No video found for Dragon Quest X  Rise of the Five Tribes Offline   Switch
No video found for Dragon Quest X Beta test  Wii U
No video found for Dragon Quest of the Stars  Mobile
No video found for Dragon Riders  Chronicles of Pern  Dreamcast
No video found for Dragon Saga   PC
No video found for Dragon Sinker  3DS
No video found for Dragon Sinker  Mobile
No video found for Dragon Sinker  Vita
No video found for Dragon Sinker  Switch
No video found for Dragon Skills  Wii U
No video found for Dragon Slayer  The Legend of Heroes   PC Engine
No video found for Dragon Spear  PC
No video found for Dragon Star Varnir   Switch
No video found for Dragon's Crown Pro  PS4
No video found for Dragon's Dogma  Xbox 360
No video found for Dragon's Dogma  Dark Arisen  Xbox 360
No video found for Dragon's Dogma Dark Arisen  PC
No video found for Dragon's Dogma Quest  Vita
No video found for Dragon's Dungeon  Awakening  PC
No video found for Dragon's Lair  PSP
No video found for Dragon's Lair 3D  Return to the Lair   GameCube
No video found for DragonFangZ  The Rose & Dungeon of Time  PC
No video found for DragonFangZ  The Rose & Dungeon of Time   Switch
No video found for Dragonia  PC
No video found for Dragons Online  Vita
No video found for Dragonseeds   PS1
No video found for Drake of the 99 Dragons  Xbox
No video found for Drakensang  The Dark Eye  PC
No video found for Drakerider  Mobile
No video found for Dramatic Soccer Game  Nihon Daihyou Senshu ni Narou!  PS2
No video found for Draw 2 Survive  Wii U
No video found for Draw Puzzle  PC
No video found for Draw The Way  PC
No video found for Draw a Stickman  EPIC 2  Wii U
No video found for Drawing's Journey, A  Wii U
No video found for Drawn  Dark Flight  PC
No video found for Drawn  The Painted Tower  Mobile
No video found for Drawn Down Abyss  PC
No video found for Drawn to Life  Mobile
No video found for Drawn to Life  The Next Chapter  Wii
No video found for Dreadhalls  PC
No video found for Dream Alone  PC
No video found for Dream Chronicles  Xbox 360
No video found for Dream Daddy  A Dad Dating Simulator  Mobile
No video found for Dream Girlfriend   Mobile
No video found for Dream Mix TV  World Fighters  GameCube
No video found for Dream Pinball 3D  Wii
No video found for Dream of Pixels  Mobile
No video found for DreamBall  Switch
No video found for DreamFlyer  Dreamcast
No video found for DreamMix TV  World Fighters  PS2
No video found for DreamMix TV  World Fighters  GameCube
No video found for DreamStudio  Dreamcast
No video found for Dreamals  Dream Quest  Wii U
No video found for Dreamcast BIOS  Dreamcast
No video found for Dreaming Sarah  PC
No video found for Dreamlands, The  Aisling's Quest  Vita
No video found for Dreamscape  PC
No video found for Dreamwalker  Vita
No video found for Drift Horizon Online  PC
No video found for Drift Into Eternity  PC
No video found for Drift King  Shutokou Battle '97  Saturn
No video found for Drift Mania Championship  Mobile
No video found for Drift Mania Championship 2  Mobile
No video found for Drift Spirits  Mobile
No video found for Drift Tuner 2019  PC
No video found for Drift86  PC
No video found for Drifting Lands  PC
No video found for Driftland  The Magic Revival  PC
No video found for Driftmoon  PC
No video found for Driv3r  Xbox
No video found for Drive Girls   Vita
No video found for Driven  PS2
No video found for Driven  GameCube
No video found for Driver  Mobile
No video found for Driver  Parallel Lines  Xbox
No video found for Driver  Parallel Lines  Wii
No video found for Driving Emotion TypeS  PS2
No video found for Drome Racers  PC
No video found for Drone Fight  3DS
No video found for Drone Fight  Switch
No video found for Drop Zone  Under Fire  3DS
No video found for Dropship  United Peace Force  PS2
No video found for Dropship Down  PC
No video found for Dropsy  PC
No video found for Drowning  Vita
No video found for Drug Wars   PC
No video found for Druid Kingdom  PC
No video found for Druid's Duel, A  PC
No video found for Druidstone The Secret of the Menhir Forest  PC
No video found for DrunkFu  Wasted Masters  PC
No video found for DrunkFu  Wasted Masters  Switch
No video found for Drunken Fist 2  Zombie Hangover  Switch
No video found for Duael Invaders  PSP
No video found for Dual Blade  Battle of the Female Ninja  PC
No video found for Dual Hearts  PS2
No video found for Dual Souls  The Last Bearer  Switch
No video found for Dub Dash  PC
No video found for DubWars  PC
No video found for Ducati World  Racing Challenge  Dreamcast
No video found for Duck Life  Space  PC
No video found for DuckTales Remastered  Xbox 360
No video found for DuckTales Remastered  Wii U
No video found for DuckTales Remastered  PS3
No video found for Dude, Stop  Switch
No video found for DueMa de Asobou! 2022  Switch
No video found for Duel Princess  Switch
No video found for Duel Savior Destiny  PS2
No video found for Dujanah  PC
No video found for Duke Dashington Remastered  PC
No video found for Duke Nukem  Land of the Babes  PS1
No video found for Duke Nukem  Manhattan Project  PC
No video found for Duke Nukem  Manhattan Project  Xbox 360
No video found for Duke Nukem Forever  PS3
No video found for Duke Nukem Forever  Xbox 360
No video found for Dukes of Hazzard  Return of the General Lee, The  Xbox
No video found for Dumpy & Bumpy  Switch
No video found for Dune 2000   PS1
No video found for Dungeon Crawlers Metal  Mobile
No video found for Dungeon Defenders Eternity  PC
No video found for Dungeon Defenders Second Wave  Mobile
No video found for Dungeon Encounters  Switch
No video found for Dungeon Explorer II  PC Engine
No video found for Dungeon Gambit Boy  PC
No video found for Dungeon Girl  PC
No video found for Dungeon Hunter  Mobile
No video found for Dungeon Hunter  Mobile
No video found for Dungeon Hunter  Alliance   Vita
No video found for Dungeon Hunter 2 HD  Mobile
No video found for Dungeon Hunter 4  Mobile
No video found for Dungeon Hunter 5  Mobile
No video found for Dungeon Keeper 2  PC
No video found for Dungeon Keeper Gold  PC
No video found for Dungeon Legends  Mobile
No video found for Dungeon Lords MMXII  PC
No video found for Dungeon Master  Theron's Quest  PC Engine
No video found for Dungeon Master II  Skullkeep  Mega Drive
No video found for Dungeon Master Nexus  Saturn
No video found for Dungeon Munchies  PC
No video found for Dungeon Rats  PC
No video found for Dungeon Rush  Mobile
No video found for Dungeon Rush  PC
No video found for Dungeon Shooting  Switch
No video found for Dungeon Siege II  PC
No video found for Dungeon Stars  Switch
No video found for Dungeon Travelers 22  Yamiochi no Otome to Hajimari no Sho  Vita
No video found for DungeonRift  PC
No video found for DungeonTop  PC
No video found for DungeonUp  PC
No video found for Dungeons & Doomknights  Switch
No video found for Dungeons & Dragons  Daggerdale  PC
No video found for Dungeons  The Dark Lord  PC
No video found for Dungeons 2  PC
No video found for Dungeons 3  PC
No video found for Dungeons of Aether  Switch
No video found for Dungeons of Chaos REVAMPED ED  Mobile
No video found for Dungeons of Shalnor  Switch
No video found for Dungreed  PC
No video found for Dunk Lords  Switch
No video found for Duo Princess  PC
No video found for Durarara!! 3way Standoff  PSP
No video found for Durarara!! 3way Standoff  Alley  PSP
No video found for Durarara!! 3way Standoff alley V  Vita
No video found for Durarara!! Relay  Vita
No video found for Dusk  Switch
No video found for Dusk Diver 2   Switch
No video found for Dust & Neon   Switch
No video found for Dust  An Elysian Tail  Xbox 360
No video found for Dust and Salt  PC
No video found for Dustforce  Vita
No video found for Dustforce DX  PC
No video found for Dustwind  PC
No video found for Dusty Raging Fist  Switch
No video found for Dusty Raging Fist  PC
No video found for Dux  Dreamcast
No video found for Dwarves, The  PS4
No video found for Dweller's Empty Path  PC
No video found for Dwerve  Switch
No video found for Dying  Reborn  Vita
No video found for Dying Light  Hellraid  PC
No video found for Dyna Bomb  Switch
No video found for Dynamic Chord featKyohso V edition  Vita
No video found for Dynamic Chord featLiarS V edition  Vita
No video found for Dynamic Chord feat V edition  Vita
No video found for Dynamic Chord featapplepolisher V edition  Vita
No video found for Dynamic Country Club  Mega Drive
No video found for Dynamite Jack  Mobile
No video found for DynamoKid Touch  Mobile
No video found for Dynasty Tactics   PS2
No video found for Dynasty Warriors  Gundam 2   PS2
No video found for Dynasty Warriors 3   PS2
No video found for Dynasty Warriors 3   Xbox
No video found for Dynasty Warriors 4  Empires   PS2
No video found for Dynasty Warriors 4  Xtreme Legends   PS2
No video found for Dynasty Warriors 4   PS2
No video found for Dynasty Warriors 4   Xbox
No video found for Dynasty Warriors 5  Empires   PS2
No video found for Dynasty Warriors 5 Empires   Xbox 360
No video found for Dynasty Warriors 7   Xbox 360
No video found for Dynasty Warriors 8  Xtreme Legends  Complete Edition   PS4
No video found for Dynasty Warriors 8  Xtreme Legends  Definitive Edition   Switch
No video found for Dynasty Warriors 8   Xbox 360
No video found for Dynasty Warriors 9 Empires   Switch
No video found for Dynasty Warriors Online   PC
No video found for Dysfunctional Systems  Learning to Manage Chaos  PC
No video found for E School Life  Switch
No video found for E'tude Prologue  Yureugoku Kokoro no Katachi  PS2
No video found for ET Armies  PC
No video found for EX Troopers  3DS
No video found for EYE Divine Cybermancy  PC
No video found for EA Playground  Wii
No video found for EA Playground   Wii
No video found for EARTHLOCK  Festival of Magic  PC
No video found for EARTHLOCK  Festival of Magic  Wii U
No video found for ECHO  PC
No video found for ECLIPSE Zettai Reido Keikaku Soushitsu Shoujo  PC
No video found for ECW  Hardcore Revolution  Dreamcast
No video found for ECW Anarchy Rulz  PS1
No video found for EF  A Fairy Tale of the Two  PC
No video found for EGGLIA Rebirth  Switch
No video found for ELMIA  PC
No video found for ELMIA  PC
No video found for EMIT Vol 1  Toki no Maigo  3DO
No video found for ENCODE  PC
No video found for ENYO Arcade  PC
No video found for EPIC  Battle for Moonhaven  Mobile
No video found for EQUILIBRIO  Wii
No video found for ESPN International Track & Field   Dreamcast
No video found for ESPN International Winter Sports 2002    GameCube
No video found for ESPN MLS ExtraTime 2002  GameCube
No video found for ESPN MLS Gamenight  PS1
No video found for ESPN XGames Pro Boarder   PS1
No video found for ESPgaluda  PS2
No video found for ETERNAL  Mobile
No video found for ETROM  The Astral Essence  PC
No video found for EVE  Burst Error Plus  PS2
No video found for EVE  New Generation  PS2
No video found for EVE  rebirth terror  Vita
No video found for EVE Burst Error R  Vita
No video found for EVE Online  PC
No video found for EVE ghost enemies  Switch
No video found for EVERSPACE 2 ~EARLY ACCESS~  PC
No video found for EXTREME BIKE X  Switch
No video found for EZRA The Stranger  PC
No video found for Eador  Genesis  PC
No video found for Eador Imperium  PC
No video found for Earth Atlantis  PC
No video found for Earth Defense Force  Insect Armageddon  PS3
No video found for Earth Defense Force  Insect Armageddon  Xbox 360
No video found for Earth Defense Force  Iron Rain  PS4
No video found for Earth Defense Force 2017 Portable  Vita
No video found for Earth Defense Force 2017   Xbox 360
No video found for Earth Seeker  Wii
No video found for Earth's Dawn  PC
No video found for EarthNight  Switch
No video found for Earthen Dragon  Switch
No video found for Earthfall   Invasion  PC
No video found for Earthlock  PC
No video found for Earthworm Jim 1 and 2 The Whole Can 'O Worms  PC
No video found for East New World, The  Mobile
No video found for Eat Beat Deadspikesan  Switch
No video found for Eba & Egg  A Hatch Trip  Wii U
No video found for Ecchi Sketch Draw Cute Girls Every Day!  PC
No video found for Ecco the Dolphin  Defender of the Future  Dreamcast
No video found for Ecco the Dolphin  Defender of the Future  PS2
No video found for Echo Prime  PC
No video found for Echoed Memories  PC
No video found for Echoes  PSP
No video found for Echoes of Mana  Mobile
No video found for Echoes of Mana   Mobile
No video found for Ed, Edd n Eddy  MisEdventures, The  PS2
No video found for Ed, Edd n Eddy  The MisEdventures  Xbox
No video found for Edel Blume  PS2
No video found for Eden Renaissance  Mobile
No video found for Eden no Tobira  Mobile
No video found for Eden of Grisaia, The  PC
No video found for Eden's Aegis  PC
No video found for Edge of Eternity  PS4
No video found for Edge of Eternity BETA  PC
No video found for Edge of Twilight Athyr Above  Mobile
No video found for Ednaldo Pereira  Mescladasso  PC
No video found for Ednaldo Pereira  Mescladasso   PC
No video found for Eekeemoo  Splinters of the Dark Shard  Switch
No video found for Eets  PC
No video found for Eets  Chowdown!  Xbox 360
No video found for Efera & Jiliora  The Emblem from Darkness  PC Engine
No video found for Egg Inc  Mobile
No video found for Egg Mania  Eggstreme Madness    GameCube
No video found for Egg Mania  Eggstreme Madness   PS2
No video found for Eggggg  The Platform Puker  Switch
No video found for Ego Protocol  PC
No video found for Egypt  Old Kingdom  PC
No video found for Eien no Aseria  Kono Daichi no Hate de  PSP
No video found for Eiga Sumikko Gurashi  Aoi Tsukiyo no Mahou no Ko  Game de Asobo! Eiga no Sekai  Switch
No video found for Eiga Sumikko Gurashi  Tobidasu Ehon to Himitsu no Ko  Game de Asobou! Ehon no Sekai  Switch
No video found for Eigengrau  Switch
No video found for Eight Dragons  Switch
No video found for Eigo wo Taberu Fushigi na Ikimono  Marsh  DS
No video found for Eikan wa Kimi ni  Koukou Yakyuu Zenkoku Taikai  PC Engine
No video found for Eikan wa Kimi ni  Koushien he no Michi  PS2
No video found for EikenOu  Jun2Kyuuhen  DS
No video found for Ein's Sword  Switch
No video found for Einlanzer  PC
No video found for Eisei Meijin III  Game Creator Yoshimura Nobuhiro no Zunou  Dreamcast
No video found for Eisei Meijin VI  GameCube
No video found for Eisei Meijin VI  Tsuushin Shougi Club  PS2
No video found for Eisenwald  Blood of November  PC
No video found for Eiyuu Densetsu  Ao no Kiseki Kai  Switch
No video found for Eiyuu Densetsu  Hajimari no Kiseki  Switch
No video found for Eiyuu Densetsu  Kuro no Kiseki  PS4
No video found for Eiyuu Densetsu  Sen no Kiseki II Kai  The Erebonian Civil War  Switch
No video found for Eiyuu Densetsu  Sen no Kiseki Kai  Thors Military Academy 1204  Switch
No video found for Eiyuu Densetsu  Zero no Kiseki Kai  Switch
No video found for Eiyuu Sangokushi  PC Engine
No video found for Eiyuu Senki  Vita
No video found for Eiyuu Senki  The World Conquest  PC
No video found for Ekstase  Switch
No video found for El Tigre  The Adventures of Manny Rivera  PS2
No video found for Elden  Path of the Forgotten  PC
No video found for Elden Ring  PS4
No video found for Elden Ring Network Test Ver  PS4
No video found for Elder Scrolls  Blades, The   Mobile
No video found for Elder Scrolls III, The  Morrowind  PC
No video found for Elder Scrolls III, The  Morrowind  Xbox
No video found for Elder Scrolls IV, The  Oblivion  PC
No video found for Elder Scrolls IV, The  Oblivion  PS3
No video found for Elder Scrolls V, The  Skyrim  PS3
No video found for Elder Scrolls V, The  Skyrim  Xbox 360
No video found for Elderand  Switch
No video found for Elderborn  PC
No video found for Eldgear  Switch
No video found for Eldritch Hunter  PC
No video found for EleMetals  Death Metal Death Match!  Switch
No video found for Elebits  The Adventures of Kai & Zero    DS
No video found for Elebits   Wii
No video found for Electronic Super Joy  Wii U
No video found for Electronic Super Joy  Switch
No video found for Electronic Super Joy  Groove City  Wii U
No video found for Electronic Super Joy 2  Switch
No video found for Element4l  Vita
No video found for Elemental Gimmick Gear  Dreamcast
No video found for Elements Defender  Mobile
No video found for Elendia Ceus  PC
No video found for Elf All Stars Datsui Jan 3  PC
No video found for Eliminator  PS1
No video found for Elisa the Innkeeper  PC
No video found for EliumPrison Escape  PC
No video found for Elkrone no Atelier  Dear for Otomate  PSP
No video found for Ellen's Garden Restoration  Mobile
No video found for Elliot Quest  Wii U
No video found for Elliot Quest  3DS
No video found for Elliot Quest  Switch
No video found for Ellipsis  Switch
No video found for Elminage  Yami no Fujo to Kamigami no Yubiwa  PS2
No video found for Elminage DS Remix  Yami no Fuo to Kamigami no Yubiwa  DS
No video found for Elminage II  Sousei no Megami to Unmei no Daichi  PSP
No video found for Elminage Original   PSP
No video found for Else HeartBreak  PC
No video found for Elta7  Switch
No video found for Elvandia Story  PS2
No video found for Elven Assassin  PC
No video found for Elysion  PC
No video found for Elysion  Eien no Sanctuary  Dreamcast
No video found for Ember Kaboom  PC
No video found for Emerald Dragon  PC Engine
No video found for Emerald Shores  Vita
No video found for Emerald Tablet, The  PC
No video found for Emergency 2013  PC
No video found for Emergency 5  PC
No video found for Emergency Heroes  Wii
No video found for Emily  My Personal Diary  DS
No video found for Emit Vol 1  Toki no Maigo  Saturn
No video found for Emit Vol 2  Inochigake no Tabi  Saturn
No video found for Emit Vol 3  Watashi ni Sayonara wo  Saturn
No video found for Emma  Lost in Memories  Switch
No video found for Empire  Total War  PC
No video found for Empire Earth  PC
No video found for Empire Earth  The Art of Conquest  PC
No video found for Empire Earth III  PC
No video found for Empire Four Kingdoms  Mobile
No video found for Empire Story  Mobile
No video found for Empires  Dawn of the Modern World  PC
No video found for Empires Apart  PC
No video found for Empress of the Deep 3  Legacy of the Phoenix  PC
No video found for Encased  A SciFi PostApocalyptic RPG  PC
No video found for Enchanted Cave 2, The  Mobile
No video found for Enchanted Cavern  PSP
No video found for Enchanted Portals  Switch
No video found for Enclave  Xbox
No video found for End is Nigh, The  PC
No video found for End of Twilight  PC
No video found for Endgame  PS2
No video found for Endica VII  The Dream King  PC
No video found for Endless Fables 2  Frozen Path  PC
No video found for Endless Legend  PC
No video found for Endless Ocean  Blue World    Wii
No video found for Endless Ocean Luminous  Switch
No video found for Endless Ocean   Wii
No video found for Endless Space  PC
No video found for Endocrisis  Switch
No video found for Enemy Front  PC
No video found for Enemy Mind  PC
No video found for Enemy Strike 2  Mobile
No video found for Energy Airforce  PS2
No video found for Energy Balance  Vita
No video found for Energy Cycle  Vita
No video found for Energy Cycle Edge  Vita
No video found for Energy Invasion  Vita
No video found for Enforcer  Police, Crime, Action  PC
No video found for Engacho!  PS1
No video found for Engage Kill  Mobile
No video found for Englisch Macht Spass  Eine Reise nach London!  DS
No video found for Enigmatis  The Ghosts of Maple Creek  PC
No video found for Enigmo 2  PC
No video found for Enkaku Sousa  Shinjitsu e no 23 Nichikan  PSP
No video found for Enkan no Memoria  Kakera Tomoshi  Vita
No video found for Enraged Red Ogre  Switch
No video found for Enryuu Seiken XiaoMei  Switch
No video found for Enslaved  Odyssey to the West  Xbox 360
No video found for Enter the Gungeon  Switch
No video found for Enthralling Realms, The  The Witch and the Elven Princess  PC
No video found for Entropy Rising  PC
No video found for Entwined  Vita
No video found for Environmental Station Alpha  PC
No video found for Eon Altar  PC
No video found for Ephemeral  Fantasy on Dark  Vita
No video found for Ephemeral  Fantasy on Dark  Switch
No video found for Ephemeral Unnatural Balance  PC
No video found for Epic Battle Fantasy 5  PC
No video found for Epic Dumpster Bear  Wii U
No video found for Epic Mickey 2  The Power Of Two  Xbox 360
No video found for Epic Mickey   Wii
No video found for Epic Seven  Mobile
No video found for Epic Tavern  PC
No video found for Epic War TD 2  Mobile
No video found for Epic of Kings  Mobile
No video found for Epitasis  PC
No video found for Equalizer  PC
No video found for Equestria Girls  Mobile
No video found for Equilibrium of Divinity  PC
No video found for Eradicator  PC
No video found for Eragon  PS2
No video found for Erannorth Reborn   PC
No video found for Erde  Nezu no Izuki no Shita de  PS2
No video found for Erde  Nezu no Ki no Shita de  Dreamcast
No video found for Escape From BioStation  PC
No video found for Escape From Flare Industries  Wii U
No video found for Escape From Frankensteins Tower  PC
No video found for Escape Goat  PC
No video found for Escape Zombie Land  PC
No video found for Escape from Terror City  Switch
No video found for Escaped Chasm  PC
No video found for Escapists 2, The  PC
No video found for Escapists, The  PC
No video found for Eschalon  Book I  PC
No video found for Eschalon  Book II  PC
No video found for Eschalon  Book III  PC
No video found for Espgaluda II  Switch
No video found for Estiman  Switch
No video found for Eternal Card Game  PC
No video found for Eternal Cylinder, The  PC
No video found for Eternal Darkness  Sanity's Requiem   GameCube
No video found for Eternal Destiny  PC
No video found for Eternal Dread  PC
No video found for Eternal Edge +  PC
No video found for Eternal Legacy  Mobile
No video found for Eternal Poison   PS2
No video found for Eternal Radiance  Switch
No video found for Eternal Return  PC
No video found for Eternal Senia  PC
No video found for Eternam  PC
No video found for Eternity  The Last Unicorn  PC
No video found for Eternity Warriors  Mobile
No video found for Ether Loop  PC
No video found for Ethereal Enigma  PC
No video found for Ethereal Legends  PC
No video found for Etherium  PC
No video found for Etherlords  PC
No video found for Etherlords II  PC
No video found for Etrian Odyssey I HD  PC
No video found for Etrian Odyssey II HD  PC
No video found for Etrian Odyssey III HD  PC
No video found for Etrian Odyssey Origins Collection   Switch
No video found for Euclidean  PC
No video found for Eufloria HD  PC
No video found for Eureka Seven Vol 1  The New Wave   PS2
No video found for Eureka Seven Vol 2  The New Vision  PS2
No video found for Europa Universalis  Rome  PC
No video found for Europa Universalis IV  Golden Century  PC
No video found for Evan's Remains  Switch
No video found for Evangelion Shin Gekijoban  3nd Impact  PSP
No video found for Eve  Burst Error  Saturn
No video found for Eve  Rebirth Terror  Switch
No video found for Eve  The Lost One  Saturn
No video found for Eve Zero Perfect Edition  Ark of the Matter  Dreamcast
No video found for Evenicle  PC
No video found for Evenicle 2  PC
No video found for Evening Star  PC
No video found for Eventide Night  PC
No video found for Ever 17  The Out of Infinity  Dreamcast
No video found for Ever 17  The Out of Infinity   PS2
No video found for Ever17  Xbox 360
No video found for Ever17  The Out of Infinity Premium Edition  PSP
No video found for Everblue 2  PS2
No video found for Everdark Tower   Switch
No video found for Evergate  Switch
No video found for Everhood  PC
No video found for Everspace  PC
No video found for Everspace  Encounters  PC
No video found for Every Extend Extra  PSP
No video found for Everybody 12 Switch!  Switch
No video found for Evhacon 2  Mobile
No video found for Evil Dead  A Fistful of Boomstick  Xbox
No video found for Evil Dead  Regeneration  PS2
No video found for Evil Genius  PC
No video found for Evil Genius 2  World Domination  PC
No video found for Evil Genome  PC
No video found for Evil Twin  Cyprien's Chronicles  PS2
No video found for Evil Twin  Cyprien's Chronicles  Dreamcast
No video found for Evil Within, The  The Assignment  PC
No video found for EvoFish  Wii U
No video found for Evoland  Legendary Edition  Switch
No video found for Evolution  The World of Sacred Device   Dreamcast
No video found for Evolution 2  Far Off Promise   Dreamcast
No video found for Evolution Skateboarding  GameCube
No video found for Evolution Worlds  GameCube
No video found for Evolva  PC
No video found for Evolve  PS4
No video found for Evy  Magic Spheres  PC
No video found for ExZodiac Demo  PC
No video found for ExZodiac Demo  PC
No video found for ExZeus  PS2
No video found for ExaSkeleton  Xbox
No video found for Exanima  PC
No video found for Exception  Switch
No video found for Excubitor  PC
No video found for Exector  PS1
No video found for Exhibition of Speed  Dreamcast
No video found for Exile  Wicked Phenomenon   PC Engine
No video found for Exile   PC Engine
No video found for Exile's End  Vita
No video found for Exile's End  Wii U
No video found for Eximius  Seize the Frontline  PC
No video found for Exist Archive  The Other Side of the Sky  PS4
No video found for ExitMan Deluxe  Switch
No video found for Exitium Saviors of Vardonia  Mobile
No video found for Exodus Wars  Fractured Empire  PC
No video found for Exodus from the Earth  PC
No video found for Expect The Unexpected  PC
No video found for Expeditions  Conquistador  PC
No video found for Expeditions  Viking  PC
No video found for Expendable    Dreamcast
No video found for Explodemon  PC
No video found for Explody Bomb  Wii U
No video found for Explosive Candy World  Switch
No video found for Explosive Dinosaurs  Switch
No video found for Explosive Jake  Switch
No video found for Exstetra  3DS
No video found for External Visions  PC
No video found for Extinction Deluxe Edition  PC
No video found for Extreme Exorcism  Wii U
No video found for Extreme Paintbrawl  PC
No video found for Extreme Skate Adventure  GameCube
No video found for Extreme Wintersports  PC
No video found for Eye of Judgment, The  PS3
No video found for Eyeshield 21  Field Saikyou no Senshitachi  Wii
No video found for Ezaron Chronicles  PC
No video found for Ezaron Defense  PC
No video found for FZero GX  GameCube
No video found for FEX  Forced Evolution Experiment  PC
No video found for FIST Forged in Shadow Torch  PS4
No video found for F1 2000  PS1
No video found for F1 2011  3DS
No video found for F1 2013  PC
No video found for F1 Circus CD  Mega Drive
No video found for F1 Circus Special  Pole to Win  PC Engine
No video found for F1 Race Stars  Xbox 360
No video found for F1 Team Simulation  Project F  PC Engine
No video found for F1 World Grand Prix  Dreamcast
No video found for F1 World Grand Prix  1999 Season  PS1
No video found for F1 World Grand Prix II  Dreamcast
No video found for F355 Challenge  Passione Rossa  Dreamcast
No video found for FANTASIAN  PC
No video found for FEDA  The Emblem of Justice  SNES
No video found for FIFA 13  PS3
No video found for FIFA 14  PS3
No video found for FIFA 14  Legacy Edition  3DS
No video found for FIFA 15  Wii
No video found for FIFA 15  Legacy Edition  3DS
No video found for FIFA 2000 Major League Soccer    PS1
No video found for FIFA 2001 Major League Soccer   PS1
No video found for FIFA 2005  Other systems
No video found for FIFA 99   PS1
No video found for FIFA Manager 13  PC
No video found for FIFA Soccer 12   3DS
No video found for FIFA Soccer 13  Wii
No video found for FIFA Soccer 13   3DS
No video found for FIFA Soccer 2002   GameCube
No video found for FIFA Soccer 2003    GameCube
No video found for FIFA Soccer 2003   Xbox
No video found for FIFA Soccer 2004   GameCube
No video found for FIFA Soccer 2004   PS2
No video found for FIFA Soccer 2004   Xbox
No video found for FIFA Soccer 2005   PS2
No video found for FIFA Soccer 2005   GameCube
No video found for FIFA Soccer 2005   Xbox
No video found for FIFA Soccer 96  Saturn
No video found for FIFA Street  Xbox
No video found for FIFA Street 2  Xbox
No video found for FIFA Street 2  Xbox
No video found for FILMECHANISM  Switch
No video found for FIST OF AWESOME  PC
No video found for FIVE  Champions of Canaan  PC
No video found for FL337 ~Fleet~  PC
No video found for FLY'N  PC
No video found for FNAF World  PC
No video found for FORECLOSED  PC
No video found for FOTONICA  PC
No video found for FXUnit Yuki The Henshin Engine  PC Engine
No video found for Fab 5 Soccer  DS
No video found for FabStyle  DS
No video found for Fable  The Journey  Xbox 360
No video found for Fable  The Lost Chapters  Xbox
No video found for Face Noir  PC
No video found for Facening de Hyoujou Yutaka ni Inshou Up  Otona no DS Kao Training  DS
No video found for Faces of War  PC
No video found for Factorio   PC
No video found for Factotum 90  Vita
No video found for Fading Shadows  PSP
No video found for Fae Tactics  PC
No video found for Faerie Dust Story  Meikyuu no Elfine  PC Engine
No video found for Faery  Legends of Avalon  PC
No video found for Faery  Legends of Avalon  Xbox 360
No video found for Fairly OddParents  Breakin' da Rules, The  Xbox
No video found for Fairly OddParents  Shadow Showdown, The  PC
No video found for Fairly OddParents!  Breakin' da Rules, The  GameCube
No video found for Fairly OddParents!  Breakin' da Rules, The  PS2
No video found for Fairly OddParents!  Shadow Showdown, The  GameCube
No video found for Fairly OddParents!  Shadow Showdown, The  PS2
No video found for Fairune  3DS
No video found for Fairune 2  3DS
No video found for Fairune Collection  Switch
No video found for Fairy Bloom Freesia  PC
No video found for Fairy Fencer F  PS3
No video found for Fairy Fencer F  Advent Dark Force  PS4
No video found for Fairy Fencer F  Advent Dark Force  Switch
No video found for Fairy Tail  Portable Guild  PSP
No video found for Fairyland  The Guild  PC
No video found for Fairytale Fights  PS3
No video found for Falcata  Astran Pardma no Monshou  PS1
No video found for Falcom Classics  Saturn
No video found for Falcom Classics II  Saturn
No video found for Fallen Enchantress  Legendary Heroes  PC
No video found for Fallen Enchantress Ultimate Edition  PC
No video found for Fallen Knight  PC
No video found for Fallen Knight  Switch
No video found for Fallen Mage  PC
No video found for Falling Stars  PC
No video found for Falling Stars  PS2
No video found for Fallout  New Vegas  PS3
No video found for Fallout  New Vegas  PS3
No video found for Fallout  New Vegas  Xbox 360
No video found for Fallout 2  PC
No video found for Fallout 3  PS3
No video found for Fallout 3  PS3
No video found for Fallout 4  PC
No video found for Fallout 76  PC
No video found for Fallout 76  Wastelanders Deluxe Edition  PC
No video found for Fallout Shelter  Mobile
No video found for Fallout Shelter  Switch
No video found for Family Card Games Fun Pak  PS1
No video found for Family Feud  2012 Edition  Xbox 360
No video found for Family Game Night 4  The Game Show  Xbox 360
No video found for Family Guy  Back to the Multiverse  PS3
No video found for Family Guy  Back to the Multiverse  Xbox 360
No video found for Family Party  30 Great Games Obstacle Arcade   Wii U
No video found for Family Party  30 Great Games Winter Fun   Wii
No video found for FanaticBlader  PC
No video found for Fancy Pants Adventures  Mobile
No video found for Fantasia ReBuild  Mobile
No video found for Fantasica  Mobile
No video found for Fantastic 4  GameCube
No video found for Fantastic Four  Rise of the Silver Surfer  Wii
No video found for Fantasy Forest Story  Mobile
No video found for Fantasy Hero  Unsigned Legacy  Switch
No video found for Fantavision  PS2
No video found for Far Frontier, The  PC
No video found for Far Sky  PC
No video found for FarOut  PC
No video found for Farabel  PC
No video found for Farjius no Jakoutei  Neo Metal Fantasy  PC Engine
No video found for Farland Story  Habou no Mai  Saturn
No video found for Farland Story VIII   PC
No video found for Farland Symphony  PC
No video found for Farm Frenzy  PSP
No video found for Farm Frenzy 2  PSP
No video found for Farm Frenzy 2  Pizza Party  PSP
No video found for Farm Frenzy 3  PSP
No video found for Farm Story  Mobile
No video found for Farm Story 2  Mobile
No video found for Farming Simulator  Nintendo Switch Edition  Switch
No video found for Farpoint  PS4
No video found for Fashion Story  Mobile
No video found for Fast Food Panic   Wii
No video found for Fast RMX  Switch
No video found for Fast Striker  Dreamcast
No video found for Fast Striker  Vita
No video found for Fast and the Furious, The  PS2
No video found for Fastlane  Road to Revenge  Mobile
No video found for Fat City  Vita
No video found for Fat Dragons  3DS
No video found for Fat Dragons  Wii U
No video found for Fat Mask  PC
No video found for Fat Princess  Piece of Cake  Vita
No video found for Fat Princess Adventures  PS4
No video found for Fat Princess   PS3
No video found for Fata Morgana no Yakata  Vita
No video found for Fatal Fury  Battle Archives Volume 1   PS2
No video found for Fatal Fury  Battle Archives Volume 2   PS2
No video found for Fatal Fury  Mark of the Wolves   Dreamcast
No video found for Fatal Inertia  Xbox 360
No video found for Fatal Stormer  PC
No video found for Fatal Twelve  PC
No video found for Fatal Twelve  Switch
No video found for Fate Extella  The Umbral Star  Switch
No video found for Fate Extella Link  Vita
No video found for Fate Grand Order  Mobile
No video found for FateDream Striker  Mobile
No video found for FateStay Night Realta Nua  PS2
No video found for FateStay Night   Vita
No video found for Fatehollow ataraxia  Vita
No video found for Fault  Milestone One  PC
No video found for Fear & Hunger  PC
No video found for Fearful Symmetry & The Cursed Prince  PC
No video found for Fearless Fantasy  PC
No video found for Featherpunk Prime  PC
No video found for Feeble Light  Switch
No video found for Feeding Frenzy  PC
No video found for Fell Seal  Arbiters Mark  PC
No video found for Feng Zhi Dalu   Mobile
No video found for Fernz Gate  Vita
No video found for Ferrari Challenge  Trofeo Pirelli  PS2
No video found for Ferrari GT  Evolution  Mobile
No video found for Festa!! Hyper Girls Party  PS2
No video found for Feudal Alloy  Switch
No video found for Fever 8  Sankyo Koushiki Pachinko Simulation  PS2
No video found for Fez  PC
No video found for Fez  PC
No video found for Fibrillation  PC
No video found for Fictorum  PC
No video found for Fidel Dungeon Rescue  PC
No video found for Field of Glory II  Immortal Fire  PC
No video found for Fieldrunners  PSP
No video found for Fieldrunners 2  PC
No video found for Fiesta Online  PC
No video found for Fifi and the Flowertots  DS
No video found for Fight Club  PS2
No video found for Fight Club  Xbox
No video found for Fight Crab  Switch
No video found for Fight Night  Round 3  PS2
No video found for Fight Night  Round 3  Xbox
No video found for Fight Night Champion  PS3
No video found for Fight Night Champion  Xbox 360
No video found for Fight Night Round 2  PS2
No video found for Fight of Animals  Switch
No video found for Fight of Steel  Infinity Warrior  Switch
No video found for Fightback  Mobile
No video found for Fighter's History Dynamite  Saturn
No video found for Fighting Fantasy  Talisman of Death  PSP
No video found for Fighting Fantasy Legends Portal  PC
No video found for Fighting Vipers 2  Dreamcast
No video found for Fighting Vipers  Xbox 360
No video found for FiguatMate  PC
No video found for Filcher  PC
No video found for Fillit  Switch
No video found for Final Approach 2  1st Priority Portable  PSP
No video found for Final DOOM  PS1
No video found for Final Doom  PS1
No video found for Final Fantasy Agito  Mobile
No video found for Final Fantasy Crystal Chronicles  Remastered Edition  Switch
No video found for Final Fantasy Crystal Chronicles  The Crystal Bearers  Wii
No video found for Final Fantasy Dimensions II   Mobile
No video found for Final Fantasy Fables  Chocobo's Dungeon   Wii
No video found for Final Fantasy II  Mobile
No video found for Final Fantasy III  Mobile
No video found for Final Fantasy Record Keeper  Mobile
No video found for Final Fantasy Record Keeper  Mobile
No video found for Final Fantasy Tactics  PS1
No video found for Final Fantasy Tactics  The War of the Lions   Mobile
No video found for Final Fantasy Type0  PSP
No video found for Final Fantasy Type0 Demo Natsubi  PSP
No video found for Final Fantasy Type0 HD  PS4
No video found for Final Fantasy VI  PS1
No video found for Final Fantasy VII The First Soldier  Mobile
No video found for Final Fantasy X HD Remaster  Vita
No video found for Final Fantasy XI  Ultimate Collection  Seekers Edition   Xbox 360
No video found for Final Fantasy XII  The Zodiac Age  PC
No video found for Final Fantasy XIV Online  The Complete Experience  PS4
No video found for Final Fantasy XV  War for Eos   Mobile
No video found for Final Fantasy XV Pocket Edition HD  Switch
No video found for Final Fury Pro  Mobile
No video found for Find Love 2  Rhapsody  Saturn
No video found for Finder Love  Hara Fumina  Futari no Futari de  PSP
No video found for Finding Nemo  Xbox
No video found for Finding Nemo  GameCube
No video found for Finding Nemo  PS2
No video found for Finding Paradise  PC
No video found for Fingun  Switch
No video found for Fire  Ungh's Quest  Wii U
No video found for Fire Emblem  Path of Radiance   GameCube
No video found for Fire Emblem  Radiant Dawn   Wii
No video found for Fire Emblem Engage  Switch
No video found for Fire Emblem Fates   3DS
No video found for Fire Emblem Heroes  Mobile
No video found for Fire Pro Joshi Dome Choujo Taisen  Zenjo vs JWP  PC Engine
No video found for Fire Pro Wrestling D  Dreamcast
No video found for Fire Pro Wrestling G  PS1
No video found for Fire Pro Wrestling  Xbox 360
No video found for FireStarter  PC
No video found for Firebugs  PS1
No video found for Firegirl  Hack 'n Splash Rescue DX  Switch
No video found for Fireman Sam  To The Rescue  3DS
No video found for Fireworks  Vita
No video found for First Kiss Monogatari  PC Engine
No video found for First Kiss Story 2  Anata Gairu Kara  Dreamcast
No video found for First Templar, The  PC
No video found for First Tree, The  PC
No video found for FirstQueen1NEXT  Switch
No video found for Fishdom 3  PC
No video found for Fisherman's Challenge  PS2
No video found for Fishing Resort   Wii
No video found for Fist of the North Star  Ken's Rage   Xbox 360
No video found for Fist of the North Star  Ken's Rage 2   Xbox 360
No video found for Fist of the North Star  Legends ReVIVE   Mobile
No video found for Fistful of Frags  PC
No video found for Fistful of Gun, A  PC
No video found for Fit Boxing Presents HOP! STEP! DANCE!  Switch
No video found for Fitness Boxing  Switch
No video found for Fitness Boxing 2  Rhythm & Exercise Demo Version  Switch
No video found for Fitness Boxing Demo  Switch
No video found for Fitness Boxing Fist of the North Star   Switch
No video found for Fitness Boxing feat Hatsune Miku  Switch
No video found for Fitness Runner  Switch
No video found for Five Card Quest  Mobile
No video found for Five Nights at Freddy's  PC
No video found for Five Nights at Freddy's  Help Wanted  PC
No video found for Five Nights at Freddy's 2  PC
No video found for Five Nights at Freddy's 3  PC
No video found for Five Nights at Freddy's 4  PC
No video found for Flag to Flag   Dreamcast
No video found for Flamebreak  PC
No video found for Flappy Nyan  flying cat wings  Mobile
No video found for Flash Motor Karen  PSP
No video found for Flash Point  Fire Rescue  PC
No video found for Flashback  PS3
No video found for Flashout 2  Mobile
No video found for Flat Kingdom  PC
No video found for Flat Kingdom  Paper's Cut Edition  Switch
No video found for FlatOut  Xbox
No video found for FlatOut 3  Chaos & Destruction  PC
No video found for Flatout Pixel Racing  Switch
No video found for Flewfie's Adventure  Switch
No video found for Flick Fishing  PSP
No video found for Flight of Light  Wii U
No video found for FlingSmash   Wii
No video found for Flinthook  PC
No video found for Flintstones in Viva Rock Vegas, The  PS2
No video found for Flip Wars  Switch
No video found for Flip the Core    DS
No video found for Flipper    DS
No video found for Flipper 2  Flush the Goldfish  ]  DS
No video found for Flipping Death  PC
No video found for Flockers  PC
No video found for Floogen  Switch
No video found for Floral Flowlove  PC
No video found for Florence  Switch
No video found for Florist Shop  DS
No video found for Flowers  Fuyuhen  Vita
No video found for Flowers  Natsuhen  PSP
No video found for Flowers  Natsuhen  Vita
No video found for Flowers  Tokihen  Vita
No video found for Flowers Le Volume sur Automne  PC
No video found for Flowers Le Volume sur Hiver  PC
No video found for Flowers Le Volume sur Printemps  PC
No video found for Flowers Le Volume sur Été  PC
No video found for Flowerworks HD  Follie's Adventure  Wii U
No video found for Fluffy Horde  PC
No video found for Flushed Away  GameCube
No video found for Flux  PC
No video found for Fly Fu  PSP
No video found for Fly O'Clock   Switch
No video found for Fly Punch Boom!  Switch
No video found for Flyable Heart  PC
No video found for Flyff  PC
No video found for Flyff Gold  PC
No video found for Flying Debries  Mobile
No video found for Flying Girl Striker  Switch
No video found for Flynn  Son of Crimson  Switch
No video found for Food Girls  Switch
No video found for Football Battle  Switch
No video found for Football Director DS   DS
No video found for Football Frenzy  Neo Geo CD
No video found for For Symphony  With All One's Heart  Dreamcast
No video found for Forager  PC
No video found for Forager  Mobile
No video found for Forbidden Arts, The  PC
No video found for Forced Showdown  PC
No video found for Ford Racing  PS1
No video found for Ford Racing  Off Road   PSP
No video found for Ford Racing 3  Xbox
No video found for Ford Racing 3  PC
No video found for Ford Racing 3  PS2
No video found for Forever Home  PC
No video found for Forever Kingdom   PS2
No video found for Forge Quest  PC
No video found for Forged Battalion  PC
No video found for Forgotten Realms  Demon Stone  PS2
No video found for Forgotten, Not Lost  A Kinetic Novel  PC
No video found for Forma8  Vita
No video found for Formata  PC
No video found for Formation Soccer 95  della Serie A  PC Engine
No video found for Formula 1  PS1
No video found for Formula Bit Racing DX  Switch
No video found for Formula Nippon   PS1
No video found for Formula One 2001  PS2
No video found for Formula One 99   PS1
No video found for Formula One World Championship  Beyond the Limit   Mega Drive
No video found for Formula Retro Racing  PC
No video found for Formula Retro Racing  Switch
No video found for Forsaken  PS1
No video found for Fort Defense  North Menace  Vita
No video found for Fort Triumph  PC
No video found for Fortix 2  PC
No video found for Fortnite   PC
No video found for FortressCraft Evolved  PC
No video found for Fortune Street    Wii
No video found for Forza Horizon  Xbox 360
No video found for Forza Horizon 2  Xbox 360
No video found for Forza Horizon 4  PC
No video found for Forza Motorsport  Xbox
No video found for Forza Motorsport 3  Xbox 360
No video found for Forza Motorsport 4  Xbox 360
No video found for Fossil Echo  PC
No video found for Four Bombs  3DS
No video found for Fox Hime  PC
No video found for FoxyLand  PC
No video found for FoxyLand  Vita
No video found for FoxyLand  Switch
No video found for FoxyLand 2  Vita
No video found for FoxyLand 2  Switch
No video found for Fracture  Xbox 360
No video found for Fragile Dreams  Farewell Ruins of the Moon   Wii
No video found for Fragile Fighter  PC
No video found for Fragments Blue  PS2
No video found for Frame Gride  Dreamcast
No video found for Fran Bow  PC
No video found for Frane  Dragon's Odyssey  PC
No video found for Frane  Dragons' Odyssey  Vita
No video found for Franklin's Great Adventures  GBA
No video found for Frayed Knights  The Skull of S'makhDaon  PC
No video found for Freak Out  Extreme Freeride  PSP
No video found for Freaky Flyers  GameCube
No video found for Fred3ric  Switch
No video found for Freddi Fish  ABC Under the Sea   DS
No video found for Freddi Fish 5  The Case of the Creature of Coral Cove  PC
No video found for Freddy Fazbear's Pizzeria Simulator  PC
No video found for Frederic  Evil Strikes Back  PC
No video found for Frederic  Resurrection of Music  PC
No video found for Frederic  Resurrection of Music  Wii U
No video found for Frederic  Resurrection of Music  Switch
No video found for Frederic 2  Evil Strikes Back  Switch
No video found for Free Balling  Wii U
No video found for Free Ones, The  PC
No video found for Free Running  PS2
No video found for Freedom Fall  PC
No video found for Freedom Fighters  PC
No video found for Freedom Planet  PC
No video found for Freedom Planet  Switch
No video found for Freedom Planet 2  PC
No video found for Freedom Planet 2  Switch
No video found for Freekstyle  PS2
No video found for Freekstyle  GameCube
No video found for Freeshot Frenzy  PSP
No video found for Freespace 2  PC
No video found for FreezeME  Wii U
No video found for Frenchy Bird  Wii U
No video found for Friday Night Funkin'   PC
No video found for Friends  Seishun no Kagayaki  PS2
No video found for Friends of Ringo Ishikawa, The  Switch
No video found for Fritz Chess  Wii
No video found for Frogger  Hyper Arcade Edition  PS3
No video found for Frogger Beyond   GameCube
No video found for Frogger in Toy Town Mobile
No video found for Frogun  Switch
No video found for Frogun  PC
No video found for Frogun Encore  Switch
No video found for Front Mission Evolved  PS3
No video found for Frontier Gate  PSP
No video found for Frontier Gate Boost+  PSP
No video found for Frostrune, The  PC
No video found for Frosty Jump  Switch
No video found for Frozen Cortex  PC
No video found for Frozen Drift Race  PC
No video found for Frozen Free Fall  Snowball Fight  PS4
No video found for Frozen Friends  Switch
No video found for Frozen Hearth  PC
No video found for Frozen Synapse  PC
No video found for Frozen Synapse Prime  PC
No video found for Fruit Ninja VR  PS4
No video found for FuehrerscheinTrainer  DS
No video found for Fuel  Xbox 360
No video found for Fugitive Hunter  War on Terror   PS2
No video found for Fujii  PC
No video found for Fujiko F Fujio Characters Daishuugou! SF Dotabata Party!!  Wii U
No video found for Fukakutei Sekai no Tantei Shinshi  Akugyou Futaasa no Jiken File  PS2
No video found for Full Bore  PC
No video found for Full Kiss SS  Switch
No video found for Full Metal Furies  PC
No video found for Full Metal Panic! Fight! Who Dares Wins  PS4
No video found for Full Mojo Rampage  PC
No video found for Full Throttle Remastered  Vita
No video found for Full Throttle Remastered  PC
No video found for FullBlast  PC
No video found for FullBlast  Vita
No video found for Fullmetal Alchemist  Trading Card Game  DS
No video found for Fullmetal Alchemist  Yakusoku no Hi e  PSP
No video found for Funfair Party Games  3DS
No video found for Funghi Puzzle  Funghi Explosion   Switch
No video found for Funk of Titans  Wii U
No video found for Funk of Titans  Vita
No video found for Funklift  PC
No video found for Funky Head Boxers  Saturn
No video found for Fur Fighters  Dreamcast
No video found for Fur Fighters  PC
No video found for Furasera  PS2
No video found for Furi  Switch
No video found for Furious Angels  PC
No video found for Furmins  Vita
No video found for Furu Furu Park  Wii
No video found for Furuiro Meikyuu Rondo  La Roue de fortune  Vita
No video found for Furwind  PC
No video found for Furwind  Vita
No video found for Fushigi Yuugi  Suzaku Ibun  PS2
No video found for Fushigi no Dungeon  Fuurai no Shiren 3 Portable  PSP
No video found for Fushigi no Dungeon  Fuurai no Shiren 4 Plus  Kami no Hitomi to Akuma no Heso  PSP
No video found for Fushigi no Kuni no Alice  PS2
No video found for Fushigi no Umi no Nadia  PC Engine
No video found for Fushigi no Umi no Nadia  Inherit the Blue Water  PS2
No video found for Futaba Channel  PC
No video found for Futaba Channel 2  PC
No video found for Futaba Channel 25  PC
No video found for Futaba Channel 3  PC
No video found for Futaba Channel 35  PC
No video found for Futaba Channel 4  PC
No video found for Futaba Channel 45  PC
No video found for Futago Ecchi  PC
No video found for Futagoza no Paradox  Vita
No video found for Futakoi Alternative  PS2
No video found for Futamata Ren'ai  PC
No video found for Futari Gurashi  PC
No video found for Futari Gurashi no Jijou  Mei no Nichijou Hen  PC
No video found for Futari no Fantavision  PS2
No video found for Future Aero Racing S ULTRA  Switch
No video found for Future Fight  PSP
No video found for Future Tactics  The Uprising  GameCube
No video found for Future Unfolding  PS4
No video found for Future War  Mobile
No video found for FutureGrind  PC
No video found for Futuridium EP Deluxe  Vita
No video found for Futuridium EP Deluxe  Wii U
No video found for Futuridium EP Deluxe  3DS
No video found for Fuujin Ryouiki Eretzvaju   PS1
No video found for Fuurai no Shiren 3  Karakuri Yashiki no Nemuri Hime  Wii
No video found for Fuurai no Shiren Gaiden  Jokenji Asuka Kenzan!  Dreamcast
No video found for Fuurai no Shiren Gaiden  Onnakenshi Asuka Kenzan! for Windows  PC
No video found for Fuyu Kiss In the snowy landscape you give me a first kiss  Switch
No video found for Fuyu no Rondo  PC
No video found for GForce  Mobile
No video found for GForce  PS3
No video found for GForce  Wii
No video found for GMODE Archives 48  DRAGON x DRAGON 2  Switch
No video found for GMODE Archives+  Megami Tensei Gaiden   Shinyaku Last Bible III   Mugen no Eiyuu  Switch
No video found for GMode Archives + Idol Janshi SuchiePai Milky's Ambition  Switch
No video found for GMode Archives + KetsuiKizuna HellDX  Switch
No video found for GMode Archives + Mikuni Field Combat  Switch
No video found for GMode Archives 04  Beach Volleyball Shizuku  Switch
No video found for GMode Archives 05  Sukeboooman  Switch
No video found for GMode Archives 08  Pucchin Puzzle  Switch
No video found for GMode Archives 40  Kamura Gods and Contractors   Switch
No video found for GMode Archives 41 Izumi Incident File Vol1 Shiosai Hen  Switch
No video found for GSaviour  PS2
No video found for GI Joe  The Rise of Cobra  PS2
No video found for GI Joe  The Rise of Cobra  PS3
No video found for GI Joe  The Rise of Cobra  PSP
No video found for GI Joe  The Rise of Cobra  Xbox 360
No video found for GAIABREAKER  Wii U
No video found for GALAXY BLASTER  Wii U
No video found for GBADev 2004Mbit Competition  GBA
No video found for GENSOU Skydrift  Switch
No video found for GEOM  Wii U
No video found for GI Jockey 4 2006  PS2
No video found for GINSHA  Switch
No video found for GOBLiiiNS 5  L'Invasion des Morglotons  PC
No video found for GODS Remastered  PC
No video found for GP Challenge  PS1
No video found for GREED  Black Border  PC
No video found for GRID Autosport  Mobile
No video found for GRIDD  Retroenhanced  PC
No video found for GRIDD  Retroenhanced  Switch
No video found for GRIS  PC
No video found for GRIS  Switch
No video found for GROOVY  PC
No video found for GSR  German Street Racing  PC
No video found for GT Academy 2012  PS3
No video found for GT Cube  GameCube
No video found for GT Racing  Mobile
No video found for GT Racing 2  Mobile
No video found for GT Racing 97  PC
No video found for GTI Club Supermini Festa!   PSP
No video found for GTI Club Supermini Festa!   Wii
No video found for GUNGUNGUN  Switch
No video found for GUNPIG  Firepower For Hire  Switch
No video found for GUNVOLT RECORDS  Cychronicle  Switch
No video found for GWENT  The Witcher Card Game  PC
No video found for GaSen Love Plus Pengo!  Switch
No video found for Gacharoku  PS2
No video found for Gacharoku 2  Kondo wa Sekai Isshuu Yo!!  PS2
No video found for Gahkthun of the Golden Lightning  PC
No video found for Gaia Beyond  PC
No video found for Gaia Master Kessen! Seiki ou Densetsu  Dreamcast
No video found for Gaia's Melody  Echoed Melodies  PC
No video found for Gaika no Gouhou  Air Land Force  PS2
No video found for Gakkou o Tsukurou!!  PS1
No video found for Gakkyuou Yamazaki  Yamazaki Oukoku Oofun Araso  Dreamcast
No video found for Gaku Ou  The Royal Seven Stars + Meteor  PSP
No video found for Gaku Ou  The Royal Seven Stars   PC
No video found for Gakuen Alice  KiraKira Memory Kiss  PS2
No video found for Gakuen Club  Himitsu no Nightclub  Vita
No video found for Gakuen Heaven  Okawari! Boy's Love Attack!  PS2
No video found for Gakuen Hetalia DS  DS
No video found for Gakuen K  Wonderful School Days V Edition  Vita
No video found for Gakuen Utopia  Manabi Straight! KiraKira Happy Festa!  PS2
No video found for Gal Metal!  Switch
No video found for Galactic Asteroids Patrol  PC
No video found for Galactic Battles  PC
No video found for Galactic Civilizations III  Retribution  PC
No video found for Galactic Core  The Lost Fleet VR  PC
No video found for Galactic Wrestling  Featuring Ultimate Muscle   PS2
No video found for Galacticon  Switch
No video found for Galaxia Conquestum  PC
No video found for Galaxian^3  PS1
No video found for Galaxy Angel  PS2
No video found for Galaxy Angel  Eternal Lovers  PS2
No video found for Galaxy Angel  Moonlit Lovers  PS2
No video found for Galaxy Blaster Code Red  3DS
No video found for Galaxy Champions TV  Switch
No video found for Galaxy Fight  Universal Warriors  Neo Geo CD
No video found for Galaxy Reavers  PC
No video found for Galaxy Revo  Switch
No video found for Galaxy Revo  Remake  Switch
No video found for Galaxy Soldier Sophie  PC
No video found for Galaxy Tales  Story of Rapunzel  Switch
No video found for Galaxy on Fire 2 Full HD  PC
No video found for Galaxy on Fire 2 HD  Mobile
No video found for Gale of Windoria   Switch
No video found for Galeoz  PS1
No video found for Galfro ~Gal's Frontier~  PC
No video found for Gallop Racer 2004  PS2
No video found for Gallop Racer 2006  PS2
No video found for Gambler Jiko Chuushinha  Gekitou 36 Janshi  PC Engine
No video found for Gambler Jiko Chuushinha  Mahjong Puzzle Collection  PC Engine
No video found for Gambler Jiko Chuushinha 2  Gekitou! Tokyo Mahjonglandhen  Mega Drive
No video found for Game & Wario  Wii U
No video found for Game Builder Garage  Switch
No video found for Game Center CX  Arino no Chousenjou 1+2 Replay  Switch
No video found for Game Hits  DS
No video found for Game Party  In Motion  Xbox 360
No video found for Game demo, Papa no Iukoto o Kikinasai!  PSP
No video found for Game ni Nattayo Dokurochan ~Kenkoushindan Daisakusen~  PS2
No video found for Game no Kanzume Vol 1  Mega Drive
No video found for Game no Kanzume Vol 2  Mega Drive
No video found for Game of Thrones, A  Genesis  PC
No video found for GamePigeon  Mobile
No video found for Ganbare Goemon  Kuru Nara Koi! Ayashige Ikka no Kuroi Kage  PS1
No video found for Ganbare Goemon  Uchuu Kaizoku Akogingu  PS1
No video found for Ganbare! Super Strikers  Switch
No video found for Ganbari Daughter  PC
No video found for Gang Beasts  Switch
No video found for Gangstar  Vegas  Mobile
No video found for Gangstar Rio  City of Saints  Mobile
No video found for Ganryu 2  Hakuma Kojiro  Switch
No video found for Gantz  PS2
No video found for GaokaoLove100Days  Switch
No video found for Garden Story  Switch
No video found for Garden Story Demo  PC
No video found for Gardeners Path  Switch
No video found for Gardenscapes  PC
No video found for Gardenscapes 2  PC
No video found for Gardenscapes   3DS
No video found for Garfield  PS2
No video found for Garfield Kart  Furious Racing  Switch
No video found for Garlic  Switch
No video found for Garou Densetsu 2  Aratanaru Tatakai  PC Engine
No video found for Garouden Breakblow  PS2
No video found for Garouden Breakblow  Fist or Twist  PS2
No video found for Gas Guzzlers Extreme  PC
No video found for Gates of Horn and Ivory  PC
No video found for Gateways  PC
No video found for Gatling Gears  PC
No video found for Gatling Gears  Xbox 360
No video found for Gauntlet  Seven Sorrows  Xbox
No video found for Gear Club  Mobile
No video found for Gear Gauntlet  Wii U
No video found for GearClub Unlimited  Switch
No video found for GearClub Unlimited 2  Switch
No video found for Gedonia  PC
No video found for Gegege no Kitarou  Youkai Daiundoukai  Wii
No video found for Geist  GameCube
No video found for Geki Yaba Runner  Vita
No video found for Geki Yaba Runner Deluxe  3DS
No video found for Gekiatsu!! Pachi Game Tamashi Vol 1  CR Evangelion  Shinjitsu no Tsubasa  PSP
No video found for Gekijouban Madoka Magicka  The Battle Pentagram  Vita
No video found for Gekiretsu Pachinkazu  Saturn
No video found for Gekisou TomaRunner  PS1
No video found for Gekitotsu Koushien  Saturn
No video found for Gekitotsu Toma L'Arc  Tomarunner vs L'ArcenCiel  PS1
No video found for Gekka Ryouran Romance  PSP
No video found for Gem Collector, The  Wii U
No video found for GemaBoy Zero Origins  Switch
No video found for GeminiArms  Switch
No video found for Gemstone Keeper  Switch
No video found for Gendai Daisenryaku  Isshoku Sokuhatsu  Gunji Balance Houkai  PS2
No video found for Gendai Daisenryaku 2016  Chitsujo no Houkai  Haken Kokka Shittsui  Vita
No video found for Gendai Daisenryaku 2020  Yureru Sekai Chitsujo! Taikoku no Yabou to Sekai Taisen  Switch
No video found for Geneitoshi  Illusion City  Mega Drive
No video found for Generation of Chaos Desire  PS2
No video found for Genesis Alpha One  PC
No video found for Genetic Disaster  PC
No video found for Genji  Dawn of the Samurai   PS2
No video found for Genji  Days of the Blade   PS3
No video found for Genji Koi Emaki  Vita
No video found for Genjuu Keiyaku Cryptract  Mobile
No video found for Genkai Tokki  Castle Panzers  PS4
No video found for Genkai Tokki  Moero Crystal  Vita
No video found for Genkai Tokki Moero Crystal H  Switch
No video found for Genshi no Kotoba  PS2
No video found for Genshin Impact  PC
No video found for Genshin Impact Closed Beta  PC
No video found for Gensokyo Night Festival  PC
No video found for Gensou Manege  Switch
No video found for Gensou Rougoku no Kaleidoscope  Switch
No video found for Gensou Rougoku no Kaleidoscope  Vita
No video found for Gensou Shoujo Wars  Dream of the Stray Dreamer  Switch
No video found for Gensou Suiko Gaiden Vol 1  Harmonia no Kenshi  PS1
No video found for Gensou Suiko Gaiden Vol 2  Crystal Valley no Kettou  PS1
No video found for Gensou Tairiku Auleria  PC Engine
No video found for Gensou no Idea ~Oratorio Phantasm Historia~  PC
No video found for Geoid  PC
No video found for Geometry Dash  Mobile
No video found for Geometry Dash  PC
No video found for Geometry Wars 3  Dimensions Evolved  PS4
No video found for Geometry Wars 3  Dimensions Evolved  Vita
No video found for Geometry Wars Touch  Mobile
No video found for Geon Cube  Wii
No video found for George of the Jungle and the Search for the Secret  Wii
No video found for Gestalt Odin  Mobile
No video found for Get Even  PS4
No video found for Get Off My Lawn!  Vita
No video found for Get!! Colonies  Dreamcast
No video found for GetClose  A game for RIVALS  Wii U
No video found for Getaway, The  PS2
No video found for Getaway, The  Black Monday  PS2
No video found for Geten no Hana with Yume Akari  Aizouban  Vita
No video found for GetsuFumaDen  Undying Moon  Switch
No video found for Getsuei Gakuen  kou  Vita
No video found for Getsuei no Kusari  Kouran Moratorium  Vita
No video found for Getsuei no Kusari  Sakuran Paranoia  Vita
No video found for Getsumento Heiki Mina  Futatsu no Project M  PS2
No video found for Ghost Files  The Face of Guilt  PC
No video found for Ghost Grab 3000  PC
No video found for Ghost Grab 3000  Switch
No video found for Ghost Parade  Switch
No video found for Ghost Parade  PC
No video found for Ghost Parade  PC
No video found for Ghost Pilots  Neo Geo CD
No video found for Ghost Recon  Advanced Warfighter  PC
No video found for Ghost Squad  Wii
No video found for Ghost Sweeper  Switch
No video found for Ghost Sync  Switch
No video found for Ghost Town Gunsweeper  PC
No video found for Ghost Trick  Phantom Detective  Mobile
No video found for Ghost in the Shell  First Assault  PC
No video found for Ghost in the Shell  Stand Alone Complex  PS2
No video found for Ghost of Memories  Mobile
No video found for Ghost of a Tale  PC
No video found for Ghostbusters  Sanctum of Slime  Xbox 360
No video found for Ghostly Matter  PC
No video found for Ghostory  PC
No video found for Ghostrunner  PS4
No video found for Ghosts 'n Goblins Resurrection  Switch
No video found for Ghostwire  Tokyo   PC
No video found for Ghostwire Tokyo  Prelude PC
No video found for Ghoulboy  PC
No video found for Ghoulboy  Dark Sword of Goblin  Vita
No video found for Giana Sisters  Twisted Dreams  PC
No video found for Giant Gram  Zen Nihon Pro Wres 2 in Nihon Budoukan  Dreamcast
No video found for Giant Gram 2000  Zen Nihon Pro Wres 3 Eikou no Yuushatachi  Dreamcast
No video found for Gift  PS2
No video found for Gift  Prism  PS2
No video found for Gift   PS2
No video found for Gift of Parthax  PC
No video found for Giftpia  GameCube
No video found for Giga Wing 2  Dreamcast
No video found for Giga Wrecker Alt  Switch
No video found for Gigantic Army  PC
No video found for Gigapocalypse  Switch
No video found for Gigawing Generations   PS2
No video found for Gin'iro, Haruka  PC
No video found for Ginga Force  PS4
No video found for Ginga Ojousama Densetsu Yuna  PC Engine
No video found for Ginga Ojousama Densetsu Yuna 2  Eien no Princess  PC Engine
No video found for Ginga Ojousama Densetsu Yuna Remix  Saturn
No video found for Ginger  Beyond the Crystal  Switch
No video found for Gintama  Yorozuya Chuubu  Wii
No video found for Gintama Ginsan to Issho! Boku no Kabukichou Nikki  PS2
No video found for Gintama Rumble  PS4
No video found for Gintama no Sugoroku  PSP
No video found for Girigiri Paradise  PC
No video found for Girl Cafe Gun  Mobile
No video found for Girl Fight  PS3
No video found for Girl Friend Beta  Kimi to Sugosu Natsuyasumi  Vita
No video found for Girl Friend Note  Mobile
No video found for Girl X Mushrooms  PC
No video found for Girl and the Robot, The  Wii U
No video found for Girls Book Maker ~Grimm to Sannin no Ohimesama~  PC
No video found for Girls Bravo  Romance 15's  PS2
No video found for Girls Like Robots  Wii U
No video found for Girls und Panzer  Dream Tank Match  PS4
No video found for Girls und Panzer  Dream Tank Match DX  Switch
No video found for Girls' Frontline   Mobile
No video found for Girls' Frontline  Project Neural Cloud  Mobile
No video found for Girls' Frontline 2  Exilium  Mobile
No video found for Girls' Frontline 2  Exilium   Mobile
No video found for Gish  PC
No video found for Gisou Shoujo to Kyokou no Machi  Mobile
No video found for Gladiator Begins   PSP
No video found for Gladiators of Rome, The  PC
No video found for Gladius VR  PC
No video found for Glaive  Brick Breaker  Switch
No video found for Glass Hime to Kagami no Juusha  Switch
No video found for Glass Masquerade  PC
No video found for Glass Masquerade 2  PC
No video found for Glass Wing  PC
No video found for Glitch's Trip  Switch
No video found for Glittermitten Grove  PC
No video found for Global Defence Force   PS2
No video found for Global Touring Challenge Africa   PS2
No video found for Gloomhaven  PC
No video found for Gloria Union  PSP
No video found for Gloria Union  FHD Edition  Switch
No video found for Glorious Companions  PC
No video found for Glover  PC
No video found for Glover  PS1
No video found for Gnarled Hag  PC
No video found for Gnome Light  PC
No video found for Gnomelings  Migration  PC
No video found for Gnomes Vs Fairies  PC
No video found for Gnosia  Switch
No video found for Gnosia  PC
No video found for Gnumz  Masters of Defense  PC
No video found for Gnumz 2  Arcane Power  PC
No video found for Go III Professional  Taikyoku Igo  Saturn
No video found for Go Vacation  Switch
No video found for Go! Go! Birdie Chance  PC Engine
No video found for Go! Go! Hypergrind  GameCube
No video found for Go! Princess PreCure Sugar Oukoku to 6nin no Princess!  3DS
No video found for GoNNER  PC
No video found for GoNNER  Switch
No video found for Goal Storm '97    PS1
No video found for Goblin Sword  Mobile
No video found for Goblin Sword  Switch
No video found for Goblins and Grottos  PC
No video found for Gochuumon wa Usagi Desu ka Wonderful party!  Vita
No video found for God Eater  PSP
No video found for God Eater 2  Rage Burst  Vita
No video found for God Eater Burst  PSP
No video found for God Eater Resonant Ops  Mobile
No video found for God Eater Resurrection  PS4
No video found for God Eater Resurrection  Vita
No video found for God Eater Resurrection  PC
No video found for God Panic  Shijou Saikyou Gundan  PC Engine
No video found for God Wars  Future Past   Vita
No video found for God Wars  Nihon Shinwa Taisen  Vita
No video found for God Wars  The Complete Legend   Switch
No video found for God of Blades  Mobile
No video found for God of Light  PC
No video found for God of Rock  Switch
No video found for Godai  Elemental Force  PS2
No video found for Goddess of Victory  Nikke  Mobile
No video found for Godfire Rise of Promethius  Mobile
No video found for Godstrike  Switch
No video found for Godus  PC
No video found for Godzilla  PS4
No video found for Godzilla  Rettou Kaimetsu  Saturn
No video found for Godzilla Generations  Dreamcast
No video found for Godzilla Generations  Maximum Impact  Dreamcast
No video found for GoetiaX  Mobile
No video found for Gofungo no Sekai  Five Minutes from nowhere  PS2
No video found for Goiken Muyou  Anarchy in the Nippon  Saturn
No video found for Goken  PC
No video found for Golazo!  Switch
No video found for Gold Crusader  PC
No video found for Gold Rush Anniversary  PC
No video found for Golden Krone Hotel  PC
No video found for Golden Time  Vivid Memories  Vita
No video found for Golden Wake, A  PC
No video found for GoldenEye  Rogue Agent   GameCube
No video found for Golem  PC
No video found for Golem no Maigo  Dreamcast
No video found for Golf Blitz  Mobile
No video found for Golf Navigator Vol 1  PS2
No video found for Golf Paradise DX  PS2
No video found for Golf Shiyouyo  Course Data Shuu  Adventurehen  Dreamcast
No video found for Golf Shiyouyo  Kouryaku Pack  Dreamcast
No video found for Golf Shiyouyo 2  Aratanaru Chousen  Dreamcast
No video found for Golf Story  Switch
No video found for Good Snowman is Hard to Build, A  Switch
No video found for Goonya Fighter  Switch
No video found for Goonya Monster  PC
No video found for Goonya Monster  Switch
No video found for Goosebumps  The Game  3DS
No video found for Goosebumps  The Game  PC
No video found for Goosebumps  The Game  PS3
No video found for Goosebumps  The Game  Xbox 360
No video found for Gordian Quest  PC
No video found for Gorytale  PC
No video found for Goshujinsama Daisuki  PC
No video found for Gotcha Force  GameCube
No video found for Gotcha Racing 2   Switch
No video found for Gotcha Racing 2nd  PC
No video found for Gotcha!  PC
No video found for Gotcha!  Xbox
No video found for Gotha  Ismailia Seneki  Saturn
No video found for Gotham City Impostors  Xbox 360
No video found for Gothic 3  PC
No video found for Gothic Murder  Adventure That Changes Destiny   Switch
No video found for Gothos  PC
No video found for Gotouchi Tetsudou  Gotouchi Chara to Nihon Zenkoku no Tabi  3DS
No video found for Gotouchi Tetsudou  Gotouchi Kyara to Nihon Zenkoku no Tabi  Wii U
No video found for Gotta Protectors  Cart of Darkness   Switch
No video found for Graceful Explosion Machine  Switch
No video found for Gran Saga  Mobile
No video found for Gran Turismo  PSP
No video found for Gran Turismo 3  Aspec  PS2
No video found for Gran Turismo 4 Prologue  PS2
No video found for Gran Turismo 5  PS3
No video found for Gran Turismo 5 Prologue  PS3
No video found for Gran Turismo 6  PS3
No video found for Gran Turismo HD Concept   PS3
No video found for Granblue Fantasy  Mobile
No video found for Granblue Fantasy  Relink  PC
No video found for Granblue Fantasy  Versus  PC
No video found for Granblue Fantasy Versus  Rising  PC
No video found for Grand Brix Shooter  Switch
No video found for Grand Brix Shooter  PC
No video found for Grand Kingdom  PS4
No video found for Grand Kingdom  Vita
No video found for Grand Order Mahjong  PC
No video found for Grand Prix Rock 'N Racing  Wii U
No video found for Grand Prix Story   Switch
No video found for Grand Theft Auto  San Andreas The Definitive Edition  Switch
No video found for Grand Theft Auto  Vice City  Xbox
No video found for Grand Theft Auto  Vice City Stories  PS2
No video found for Grand Theft Auto  Vice City The Definitive Edition  Switch
No video found for Grand Theft Auto 2  Dreamcast
No video found for Grand Theft Auto III The Definitive Edition  Switch
No video found for Grand Theft Auto Mission Pack #1  London 1969  PS1
No video found for Grandia  Saturn
No video found for Grandia  Digital Museum  Saturn
No video found for Grandia HD Collection  Switch
No video found for Grandmarche no Meikyuu  Mobile
No video found for Graniyu Shima! Daibouken  PS1
No video found for Grapple Dog  Switch
No video found for Grass Cutter  Mutated Lawns  Vita
No video found for Grass Cutter  Mutated Lawns  Switch
No video found for Gratuitous Space Battles  PC
No video found for Gratuitous Space Battles 2  PC
No video found for Grauen no Torikago Kapitel 2  Torikago  Dreamcast
No video found for Grav Grav Gravity  PC
No video found for Grave Chase  PC
No video found for Grave Danger  PC
No video found for Gravitar  Recharged  Switch
No video found for Gravitron 2  PC
No video found for Gravity Badgers  Wii U
No video found for Gravity Badgers  Vita
No video found for Gravity Circuit  PC
No video found for Gravity Circuit  Switch
No video found for Gravity Crash  PS3
No video found for Gravity Duck  Vita
No video found for Gravity Games Bike  Street Vert Dirt  Xbox
No video found for Gravity Ghost  PC
No video found for Gravity Rider Zero  Switch
No video found for Gravity+  Wii U
No video found for Graze Counter  PC
No video found for Graze Counter GM  Switch
No video found for Greak  Memories of Azur  PC
No video found for Great Ace Attorney Chronicles, The   Switch
No video found for Great Battle VI, The  PS1
No video found for Great Old One  Arrival  PC
No video found for Great Story of a Mighty Hero  Remastered, The  PC
No video found for GreedFall  PC
No video found for Greedy Cave, The  Mobile
No video found for Greedy Guns  PC
No video found for Green Game  Timeswapper  Vita
No video found for Green Green  Kane no Oto Romantic  PS2
No video found for Green Lantern  Rise of the Manhunters  PS3
No video found for Green Lantern  Rise of the Manhunters  Xbox 360
No video found for Green Lantern  Rise of the Manhunters  3DS
No video found for Green Phoenix  Switch
No video found for Gregory Horror Show   PS2
No video found for Gremlins  Gizmo  Wii
No video found for Gretzky NHL 06  PS2
No video found for Grey Goo Definitive Edition  PC
No video found for Gridders  3DO
No video found for Griddlers  Tale of Mysterious Creatures  PC
No video found for Grim Adventures of Billy & Mandy, The  PS2
No video found for Grim Adventures of Billy & Mandy, The  Wii
No video found for Grim Dawn  PC
No video found for Grim Fandango Remastered  Vita
No video found for Grim Legends  The Forsaken Bride  PC
No video found for GrimGrimoire  PS2
No video found for GrimGrimoire OnceMore  Switch
No video found for Grimm the Bounty Hunter  PSP
No video found for Grimmwood  PC
No video found for Grimoire  Heralds of the Winged Exemplar  PC
No video found for Grimoire Chronicles  PC
No video found for Grimrush  PC
No video found for Grimshade  PC
No video found for Grinch, The  Dreamcast
No video found for Grinch, The  PC
No video found for Grinch, The  PS1
No video found for Grind Session  PS1
No video found for Grind Session  PS1
No video found for Grindstone  Switch
No video found for Grinsia   3DS
No video found for Grisaia Chronos Rebellion  Mobile
No video found for Grisaia Phantom Trigger 01 & 02  Vita
No video found for Grisaia Phantom Trigger 01 & 02  Switch
No video found for Grisaia Phantom Trigger 03 & 04  Vita
No video found for Grisaia Phantom Trigger 03  Switch
No video found for Grisaia Phantom Trigger 04  Switch
No video found for Grisaia Phantom Trigger 05  Switch
No video found for Grisaia Phantom Trigger Vol 55  PC
No video found for Grisaia Phantom Trigger Vol1  PC
No video found for Grisaia Phantom Trigger Vol3  PC
No video found for Grisaia Phantom Trigger Vol4  PC
No video found for Grisaia Phantom Trigger Vol5  PC
No video found for Grisaia Phantom Trigger Vol55  PC
No video found for Grisaia Phantom Trigger Vol6  PC
No video found for Grisaia Phantom Trigger Vol7  PC
No video found for Grisaia Trilogy, The  Switch
No video found for Grisaia no Kajitsu  Le Fruit de la Grisaia  Vita
No video found for Grisaia no Meikyuu  Le Labyrinthe de la Grisaia  Vita
No video found for Grisaia no Rakuen  Le Eden de la Grisaia  Vita
No video found for Grizzland  Switch
No video found for Grobda Remix  PC
No video found for Groove Coaster 2  Original Style  Mobile
No video found for Groove Coaster 2  Original Style  Mobile
No video found for Groove Coaster 4EX INFINITY HIGHWAY  PC
No video found for Grooverider  Slot Car Thunder  GameCube
No video found for Groovin' Blocks  Wii
No video found for Ground Divers!  Switch
No video found for Grounded  Game Preview  PC
No video found for Group S Challenge   Xbox
No video found for Grow Home  PC
No video found for Growlanser  PS1
No video found for Grudge Warriors  PS1
No video found for Grumpy Reaper  Wii U
No video found for Gruntz  PC
No video found for Gruta  Switch
No video found for Gryphon Knight Epic  PC
No video found for Gryphon Knight Epic   Definitive Edition  Switch
No video found for Guac' a Mole  Wii U
No video found for Guard Duty  PC
No video found for Guardian Angel  PS2
No video found for Guardian Heroes  Saturn
No video found for Guardian's Sword  Alpha Era  PC
No video found for Guardians of Hyelore  PC
No video found for Guardians of the Ashes  PC
No video found for Guild 2, The + Renaissance  PC
No video found for Guild of Dungeoneering  PC
No video found for Guild of Dungeoneering  Ultimate Edition  PC
No video found for Guild, The  GOLD Edition  PC
No video found for Guilty Crown  Lost Christmas  PC
No video found for Guilty Gear 20th Anniversary Edition  Switch
No video found for Guilty Gear Isuka  Xbox
No video found for Guilty Gear Strive  PS4
No video found for Guilty Gear XX  The Midnight Carnival #Reload  Xbox
No video found for Guilty Gear XX Accent Core Plus R  Vita
No video found for Guilty Gear Xrd REVELATOR  PS3
No video found for Guilty Gear Xrd SIGN  PS3
No video found for Guilty Gear Xrd REV 2  PS4
No video found for Guisard Revolution  Bokura wa Omoi wo Mi ni Matou  PS2
No video found for Guitar Hero  Mobile
No video found for Guitar Hero  Aerosmith   Wii
No video found for Guitar Hero  On Tour  Decades   DS
No video found for Guitar Rock Tour  Mobile
No video found for GulClight TDF2  PC Engine
No video found for Gummy Bears Mini Golf  DS
No video found for Gumstein  The Awakening  PC
No video found for Gun  GameCube
No video found for Gun  Showdown  PSP
No video found for Gun Bros  Mobile
No video found for Gun Bros 2  Mobile
No video found for Gun Frenzy  Mobile
No video found for Gun Gun Pixies  Vita
No video found for Gun Gun Pixies  Switch
No video found for Gun Skaters  Switch
No video found for GunLord  Dreamcast
No video found for Gunbird 2  Dreamcast
No video found for Gunborg  Dark Matters  Switch
No video found for Guncraft  Blocked and Loaded   Xbox 360
No video found for Gundam Battle Online  Dreamcast
No video found for Gundam Battle Operation Next  PS3
No video found for Gundam Breaker 2  PS3
No video found for Gundam Breaker 3  PS4
No video found for Gungrave VR  PC
No video found for Gungrave VR UN  PC
No video found for Gungriffon  Allied Strike  Xbox
No video found for Gungriffon  The Eurasian Conflict  Saturn
No video found for Gungriffon II  Saturn
No video found for Gunheart  PC
No video found for Gunhouse  Vita
No video found for Gunhouse  Switch
No video found for Gunjitsu  PC
No video found for Gunka o Haita Neko  Vita
No video found for Gunka o Haita Neko  Switch
No video found for Gunlock  PC
No video found for Gunman Chronicles  PC
No video found for Gunman Clive  PC
No video found for Gunman Clive HD Collection  Wii U
No video found for Gunman Clive HD Collection  Switch
No video found for Gunnheim  PC
No video found for Gunpey   PSP
No video found for Gunpoint  PC
No video found for Guns Undarkness Kickstarter Demo  PC
No video found for Guns, Gore and Cannoli 2  PC
No video found for Gunslinger Stratos  PC
No video found for Gunslugs  3DS
No video found for Gunspell  PC
No video found for Gunvein  Switch
No video found for Guren  PC
No video found for Guruguru Onsen 2  Dreamcast
No video found for Gurumin  A Monstrous Adventure   PSP
No video found for Gussun Oyoyo S  Saturn
No video found for Gustavo Kingdom Rebirth  PC
No video found for Gutterball 2  PC
No video found for Gyakumei Tsukai no Shounen  Mobile
No video found for Gyakuten Saiban  PC
No video found for Gyakuten Saiban 3  PC
No video found for Gyakuten Yoshiwara ~Ougiya Hen~ Switch
No video found for Gynophobia  PC
No video found for Gyro Boss DX  Switch
No video found for GyroBlade  Switch
No video found for H2O+  Footprints in the Sand  PS2
No video found for HEVN  PC
No video found for HIVE JUMP  Wii U
No video found for HIVESWAP Act 1  PC
No video found for HOCKEY SPACE  PC
No video found for HSX  hypersonicxtreme   PS2
No video found for HYPER DRIVE  The Insane Gravity Race  PC
No video found for HYPER DRONE X  Switch
No video found for HYPER METEOR  Switch
No video found for HYPERCHARGE  Unboxed  Switch
No video found for HYPERFORMA  Mobile
No video found for Habroxia   Vita
No video found for Habroxia  Switch
No video found for Hack and Shoot Heroes  Switch
No video found for Hacknet  PC
No video found for Haegemonia  The Solon Heritage  PC
No video found for Haha Ranman  PC
No video found for Hail to the King Deathbat  Mobile
No video found for Hail to the King Deathbat  PC
No video found for Haitaka no Psychedelica  Vita
No video found for Haiyore! Nyarukosan  Meijoushigatai Game no You na Mono  Vita
No video found for Hajime no Ippo  The Fighting!  PS3
No video found for Hajimete Doushi  PC
No video found for Hakoniwa Explorer Plus  Switch
No video found for Hakuchuumu no Aojashin  PC
No video found for Hakuisei Renai Shoukougun  PSP
No video found for Hakuisei Renai Shoukougun  RETherapy  PSP
No video found for Hakuoki  Edo Blossoms   Vita
No video found for Hakuoki  Junsouroku  PS3
No video found for Hakuoki  Kyoto Winds  Wind Treasure Box   Vita
No video found for Hakuoki  Kyoto Winds   Vita
No video found for Hakuoki  Memories of the Shinsengumi   3DS
No video found for Hakuoki  Shinkai Ginsei no Shou  Switch
No video found for Hakuoki Kyoto Winds  PC
No video found for Hakuouki  PS2
No video found for Hakuouki  Reimeiroku  PS2
No video found for Hakuouki  Reimeiroku  Switch
No video found for Hakuouki  Reimeiroku  Omouhase Kara  Vita
No video found for Hakuouki  Reimeiroku DS  DS
No video found for Hakuouki  Reimeiroku Portable  PSP
No video found for Hakuouki  Yuugi Roku  Taishitachi no Daienkai  Vita
No video found for Hakuouki  Yuugi Roku Ni  Matsuri Hayashi to Taishitachi  PSP
No video found for Hakuouki  Zuisouroku  PS2
No video found for Hakuouki  Zuisouroku  Omokagebana  Vita
No video found for Hakuouki  Zuisouroku DS  DS
No video found for Hakuouki  Zuisouroku Portable  PSP
No video found for Hakuouki SSL  Sweet School Life  Vita
No video found for Hakushaku to Yousei  Yume to Kizuna ni Omoi Hasete  PS2
No video found for Halcyon 6  Starbase Commander  PC
No video found for Half Minute Hero  Super Mega Neo Climax Ultimate Boy  PC
No video found for Half Minute Hero  The Second Coming  PC
No video found for Halfway  PC
No video found for Halloween  Global Candy Cup 2015  PC
No video found for Halloween Night Archery  3DS
No video found for Halo 3 Limited Edition Bonus Disc  Xbox 360
No video found for Halo Hero  Mobile
No video found for Halo Wars  Xbox 360
No video found for Hamidashi Creative  Switch
No video found for Hamlet  PC
No video found for Hammer Kid  Switch
No video found for Hammerin' Hero   PSP
No video found for Hammerin' Hero   PSP
No video found for Hammerwatch  PC
No video found for Hamsterball  PS3
No video found for HanGyakuSei Million Arthur  Mobile
No video found for Hana Oboro  Sengokuden Ranki  Vita
No video found for Hana no No ni Saku Utakata no  PC
No video found for Hana to Otome ni Shukufuku wo  Harukaze no Okurimono  PS2
No video found for Hana to Otome ni Shukufuku wo  Shunpuu no Okurimono Portable  PSP
No video found for Hanabi Hyakkei  PS2
No video found for Hanabi Shokunin Ninarou 2  PS2
No video found for Hanachirasu  PC
No video found for Hanako  Honor & Blade  PC
No video found for Hanaoni  Koisomeru Koku  Eikyuu no Shirushi  PSP
No video found for Hanaoni  Yume no Tsudzuki  PSP
No video found for Hanasaki Work Spring  Vita
No video found for Hanasaku Manimani  PSP
No video found for Hanasaku Manimani  Vita
No video found for Hanayaka Nari, Wa ga Ichizoku  Gentou Nostalgie  Vita
No video found for Hanayaka Nari, Wa ga Ichizoku  Modern Nostalgie  Vita
No video found for Hanayamata  Yosakoi Live!  Vita
No video found for Hanayoi Romanesque  Ai to Kanashimi  PS2
No video found for Hanazuki  Mobile
No video found for Hand Dic  PSP
No video found for Hand of Merlin, The  PC
No video found for Handball 21  PC
No video found for Hands On! Tangrams  DS
No video found for Hansha de Spark!  Saturn
No video found for Happiness Charge PreCure! KawaRun Collection  3DS
No video found for Happiness! Sakura Celebration  Switch
No video found for Happy Birthdays  Switch
No video found for Happy Breeding  Dreamcast
No video found for Happy Dance Collection  Wii
No video found for Happy Feet Two  3DS
No video found for Happy Lesson  Dreamcast
No video found for Happy Lesson  First Lesson  Dreamcast
No video found for Happy Tree Friends  False Alarm  Xbox 360
No video found for Happy Wars  PC
No video found for Hard Corps  Uprising  PS3
No video found for Hard Corps  Uprising  Xbox 360
No video found for Hard Reset   PC
No video found for Hard Reset Extended Edition  PC
No video found for Hard West  PC
No video found for Hardest Dungeon, The  PC
No video found for Hare In The Hat  PC
No video found for Hare Nochi Kitto Nanohana Biyori  PC
No video found for HarleyDavidson Motorcycles  Race to the Rally  PC
No video found for Harmonia  PC
No video found for Harry Potter & The Sorcerer's Stone   GameCube
No video found for Harry Potter  Quidditch World Cup  PC
No video found for Harry Potter and the Chamber of Secrets  PC
No video found for Harry Potter and the Chamber of Secrets  GameCube
No video found for Harry Potter and the Chamber of Secrets  PS2
No video found for Harry Potter and the Chamber of Secrets  Xbox
No video found for Harry Potter and the Chamber of Secrets  Xbox
No video found for Harry Potter and the Chamber of Secrets  PC
No video found for Harry Potter and the Goblet of Fire  GameCube
No video found for Harry Potter and the Goblet of Fire  PC
No video found for Harry Potter and the Goblet of Fire  PS2
No video found for Harry Potter and the Goblet of Fire  Xbox
No video found for Harry Potter and the HalfBlood Prince  PC
No video found for Harry Potter and the Order of Phoenix  PS3
No video found for Harry Potter and the Prisoner of Azkaban  GameCube
No video found for Harry Potter and the Prisoner of Azkaban  GameCube
No video found for Hartacon Tactics  PC
No video found for Haru e to Tsuzuku Oka  PC
No video found for Haru no Ashioto  Step of Spring  PS2
No video found for Harukanaru Toki no Naka de  Hachiyoushou  PS2
No video found for Harukanaru Toki no Naka de  Maihitoyo  PS2
No video found for Harukanaru Toki no Naka de  Yume no Ukihashi  DS
No video found for Harukanaru Toki no Naka de 3  PS2
No video found for Harukanaru Toki no Naka de 3  Izayoiki  PS2
No video found for Harukanaru Toki no Naka de 3  Unmei no Labyrinth  PS2
No video found for Harukanaru Toki no Naka de 3 Ultimate  Vita
No video found for Harukanaru Toki no Naka de 4  PS2
No video found for Harukanaru Toki no Naka de 6  Gentou Rondo  Vita
No video found for Harukanaru Toki no Naka de 7  Switch
No video found for Harukanaru Toki no Naka de Ultimate  Vita
No video found for Harukaze PS  Plus Situation  PS2
No video found for Harukaze Sentai VForce  Saturn
No video found for Haruoto Alice Gram  Snow Drop  Vita
No video found for Harusame Youbi  Dreamcast
No video found for Harvest Moon  A Wonderful Life   PS2
No video found for Harvest Moon  Another Wonderful Life   GameCube
No video found for Harvest Moon  Light of Hope  PC
No video found for Harvest Moon  Mad Dash  Switch
No video found for Harvest Moon  Tree of Tranquility  Wii
No video found for HasBeen Heroes  Switch
No video found for Hasbro Family Game Night 3  PS3
No video found for Hasbro Family Game Night 3  Wii
No video found for Hasbro Family Game Night 3  Xbox 360
No video found for Hashihime of the Old Book Town Append  Switch
No video found for Hat in Time, A  Switch
No video found for HatLand  Pixel Impossible GAME OVER  Switch
No video found for Hataraku Shoujo  Tekipaki Working Love FX  PC Engine
No video found for Hatoful Boyfriend  Vita
No video found for Hatoful Boyfriend  Holiday Star  Vita
No video found for HatsuKare Renai Debut Sengen!  PSP
No video found for Hatsukoi Monogatari  PC Engine
No video found for Hatsukoi Sankaime  PC
No video found for Hatsune Miku  Colorful Stage!   Mobile
No video found for Hatsune Miku  Project DIVA Future Tone  PS4
No video found for Hatsune Miku  Project DIVA X  Vita
No video found for Hatsune Miku  Project DIVA X  PS4
No video found for Hatsune Miku  Project Diva Mega Mix   Switch
No video found for Hatsune Miku  The Planet Of Wonder And Fragments Of Wishes   Switch
No video found for Hatsune Miku  Tsunageru Puzzle Tamagotori  Switch
No video found for Hatsune Miku Jigsaw Puzzle  Switch
No video found for Hatsune Miku Logic Paint S  Switch
No video found for Hatsuru Koto Naki Mirai Yori  PC
No video found for Hatsuru Kotonaki Mirai Yori  Vita
No video found for Hatsuyuki Sakura  Vita
No video found for Haunted House  Xbox 360
No video found for Haunted Mansion, The  GameCube
No video found for Haven  Switch
No video found for Hay Day  Mobile
No video found for Hayarigami  Keishichou Kaii Jiken File  PS2
No video found for Hayarigami 2  Keishichou Kaii Jiken File  PS2
No video found for Hayarigami Revenge  Keishichou Kaii Jiken File  PS2
No video found for Haydee  PC
No video found for Hayfever  Switch
No video found for Hazelnut Hex  Switch
No video found for Headbangers in Holiday Hell  Switch
No video found for Headlander  PC
No video found for Headspun  Switch
No video found for Healer's Quest  Pocket Wand  Mobile
No video found for Healers Quest  PC
No video found for Heart Chain Kitty  Switch
No video found for Heart of the Woods  Switch
No video found for Heart&Slash  PC
No video found for Heart&Slash  PS4
No video found for Hearthstone  Heroes of Warcraft  Mobile
No video found for Heartomics  Lost Count  PC
No video found for Hearts of Iron III  PC
No video found for Hearts of Iron IV  PC
No video found for Heartwork  Symphony of Destruction  PC
No video found for Heat Guardian  PC
No video found for Heat Signature  PC
No video found for Heatseeker  PSP
No video found for Heaven Burns Red  Mobile
No video found for Heaven Forest VR MMO  PC
No video found for Heavenworld  PC
No video found for Heavy Burger  PC
No video found for Heavy Fire  Afghanistan  Wii
No video found for Heavy Fire  Black Arms  Wii
No video found for Heavy Fire  The Chosen Few 3D  3DS
No video found for Heavy Metal  FAKK 2  PC
No video found for Heavy Metal  Geomatrix  Dreamcast
No video found for Heavy Weapon  PC
No video found for Hedon  PC
No video found for Heiligenstadt no Uta  Vita
No video found for Heir of Zendor  The Legend and The Land   Saturn
No video found for Heirs of the Kings   Switch
No video found for Heisei Mahjong Shou  Dreamcast
No video found for Heiwa Pachinko Sou Shingeki  Saturn
No video found for Helium Rain  PC
No video found for Hell Blasters  Switch
No video found for Hell Pages  Switch
No video found for Hell Yeah! Wrath of the Dead Rabbit  PC
No video found for HellAngel  PC
No video found for HellSign  PC
No video found for HellSinker  PC
No video found for Hellblade  Senuas Sacrifice  PC
No video found for Hellbound  PC
No video found for Hellboy  Asylum Seeker  PS1
No video found for Hellboy  The Science of Evil  PS3
No video found for Hellbreachers  Switch
No video found for Helldorado  PC
No video found for Hellenica  PC
No video found for Hellfront  Honeymoon   PC
No video found for Hellgate  London  PC
No video found for Hello Kitty  Roller Rescue   GameCube
No video found for Hello Kitty Kruisers  Wii U
No video found for Hello Kitty no Garden Panic  Dreamcast
No video found for Hello Kitty no Lovely Fruit Park  Dreamcast
No video found for Hello Kitty no Otonaru Mail  Dreamcast
No video found for Hello Kitty to Issho! Block Crash 123!!  PSP
No video found for Hello Kitty's Magic Apron    3DS
No video found for Hello Lady! Superior Dynamis  Vita
No video found for Hellphobia  PC
No video found for Hellpoint  PC
No video found for Hellsplit Arena  PC
No video found for Helltaker  PC
No video found for Henry Danger Crime Warp  Mobile
No video found for Henshin!!!  Pantsu ni Natte Kunkun Peropero  PC
No video found for Hentai Crush  Love Rhythm  PC
No video found for Hentai Ouji to Warawanai Neko  PSP
No video found for Her Tears Were My Light  PC
No video found for Heracles Chariot Racing  PS2
No video found for Herc's Adventures  PS1
No video found for Herc's Adventures  Saturn
No video found for Hermie Hopperhead  Scrap Panic  PS1
No video found for Hero Bank  3DS
No video found for Hero Bank 2  3DS
No video found for Hero Express  Switch
No video found for Hero Hours Contract  Switch
No video found for Hero Must Die Again   Switch
No video found for Hero Siege Pocket  Mobile
No video found for Hero of Sparta  PSP
No video found for Hero of Sparta  Mobile
No video found for Hero of Sparta II  Mobile
No video found for Hero of the Kingdom  PC
No video found for Herodes  Switch
No video found for Heroes In Heroes  Shuihu Yingxiong Chuan  PC
No video found for Heroes and Castles  Mobile
No video found for Heroes and Castles 2 Mobile
No video found for Heroes of Annihilated Empires  PC
No video found for Heroes of Annihilated Empires   PC
No video found for Heroes of Legionwood  PC
No video found for Heroes of Loot 2  Mobile
No video found for Heroes of Might & Magic III HD  Mobile
No video found for Heroes of Might and Magic  Quest for the DragonBone Staff  PS2
No video found for Heroes of Order Chaos  Mobile
No video found for Heroes of Steel  Mobile
No video found for Heroes of Steel RPG  PC
No video found for Heroes of the Pacific  PC
No video found for Heroes of the Seven Seas VR  PC
No video found for Heroine Anthem Zero  PC
No video found for Heroine Anthem Zero  PC
No video found for Heroine Anthem Zero  Episode 1  Switch
No video found for Heroine Anthem Zero 2 Scars of Memories  PC
No video found for Heroine's Quest  The Herald of Ragnarok  PC
No video found for Heroki  Mobile
No video found for HexCells  PC
No video found for HexCells Infinite  PC
No video found for HexCells Plus  PC
No video found for Hexagon Dungeon  The Arcana's Stone  Mobile
No video found for Hexagroove  Tactical DJ  Switch
No video found for Hexen  Beyond Heretic   Saturn
No video found for Hexic 2  Xbox 360
No video found for Hexic HD  Xbox 360
No video found for Hexodius  Xbox 360
No video found for Hextech Mayhem  A League Of Legends Story  Switch
No video found for Hexyz Force  PSP
No video found for HiFi RUSH  PC
No video found for HiLeg Fantasy  PC Engine
No video found for Hidden & Dangerous  Dreamcast
No video found for Hidden Expedition  Titanic  3DS
No video found for Hidden Haunts  Gothic Masquerade  3DS
No video found for Hide & Dance!   Switch
No video found for Hideaways  Foggy Valley  3DS
No video found for Hideboh  Tap Dance Hero  Vita
No video found for Hieroglyphika  PC
No video found for Higanbana no Saku Yoru ni  Dai Ni Ya  PC
No video found for High Hell  PC
No video found for High School Days  PC
No video found for High School DxD  3DS
No video found for High Strangeness  Wii U
No video found for High Strangeness  PC
No video found for Highland Song, A  Switch
No video found for Highrise Heroes  Word Challenge  Switch
No video found for Highway 2000   Saturn
No video found for Higurashi When They Cry Hou  Ch2 Watanagashi  PC
No video found for Higurashi no Naku Koro ni  Jan  PSP
No video found for Higurashi no Naku Koro ni Hou  Switch
No video found for Higurashi no Naku Koro ni Kai Vol 1  Meakashihen   PC
No video found for Higurashi no Naku Koro ni Kai Vol 2  Tsumihoroboshihen   PC
No video found for Higurashi no Naku Koro ni Kai Vol 3  Minagoroshihen   PC
No video found for Higurashi no Naku Koro ni Kai Vol 4  Matsuribayashihen    PC
No video found for Higurashi no Naku Koro ni Kizuna  Dai1Kan  Tatari  DS
No video found for Higurashi no Naku Koro ni Kizuna  Dai2Kan  Sou  DS
No video found for Higurashi no Naku Koro ni Kizuna  Dai3Kan  Rasen  DS
No video found for Higurashi no Naku Koro ni Kizuna  Dai4Kan  Kizuna  DS
No video found for Higurashi no Naku Koro ni Matsuri  PS2
No video found for Higurashi no Naku Koro ni Matsuri  Kakera Asobi  PS2
No video found for Higurashi no Naku Koro ni Mei  Mobile
No video found for Higurashi no Naku Koro ni Sui  Vita
No video found for Hiiragi Sou ~Onaji Yane no Shita de~  PC
No video found for Hiiro no Kakera  Shin Tamayori Hime Denshou  Piece of Future  PSP
No video found for Hiiro no Kakera  Shin Tamayori Hime Denshou Portable  PSP
No video found for Hiiro no Kakera Aizouban  Akane Iro no Tsuioku  PS3
No video found for Hiiro no Kakera DS  DS
No video found for Hikaru no Go 3  GameCube
No video found for Himawari  Pebble in the Sky  Vita
No video found for Himawari  Pebble in the Sky Portable  PSP
No video found for Himawari  Pebble in the Sky Portable  PSP
No video found for Himawari no Kouykai to Nagai Natsuyasumi  PC
No video found for Himawari no Kyoukai to Nagai Natsuyasumi  Extra Vacation  PS3
No video found for Himawari no Kyoukai to Nagai Natsuyasumi  Extra Vacation  PSP
No video found for Hime Girl Paradise  Mechikawa! Agemori Sensation!  3DS
No video found for Himehibi  Another Princess Days ~White or Black~  Switch
No video found for Himehibi  New Princess Days!! Zoku! NiGakki  PS2
No video found for Himehibi  Princess Days  PS2
No video found for Himekoi Sucreine  PC
No video found for Himitsu  Yui ga Ita Natsu  Dreamcast
No video found for Himitsu no Hanazono  PC Engine
No video found for Himno  Switch
No video found for Hinedere Beat  PC
No video found for Hinterland  PC
No video found for Hip Hop Dance Experience, The  Wii
No video found for Hiragana Pixel Party  Switch
No video found for Hirogaru Sky! PreCure  Hirogaru! Puzzle Collection  Switch
No video found for Hissatsu Pachinko Collection  Saturn
No video found for Hisshou Pachinko  PachiSlot Kouryaku Series Portable Vol1  Shinseiki Evangelion  Tamashii no Kiseki  PSP
No video found for Hisshou Pachinko  PachiSlot Kouryaku Series Portable Vol2  CR Evangelion  Hajimari no Fukuin  PSP
No video found for Hisshou Pachinko PachiSlot Kouryaku Series DS Vol 1  Shinseiki Evangelion  Magokoro wo, Kimi ni  DS
No video found for Hisshou Pachinko PachiSlot Kouryaku Series DS Vol 2  CR Shinseiki Evangelion  Shito, Futatabi  DS
No video found for Hisshou Pachinko PachiSlot Kouryaku Series DS Vol 3  Shinseiki Evangelion  Yakusoku no Toki  DS
No video found for Hisshou Pachinko PachiSlot Kouryaku Series DS Vol 4  Shinseiki Evangelion  Saigo no Mono  DS
No video found for Hisshou Pachinko PachiSlot Kouryaku Series DS Vol 5  Shinseiki Evangelion  Tamashii no Kiseki  DS
No video found for Hisshou Pachinko PachiSlot Kouryaku Series Vol 10  CR Shin Seiki Evangelion  Kiseki no Kachi wa  PS2
No video found for Hisshou Pachinko PachiSlot Kouryaku Series Vol 13 Shinseiki Evangelion  Yakusoku no Toki  PS2
No video found for Hisshou Pachinko PachiSlot Kouryaku Series Vol 3  CR Marilyn Monroe  PS2
No video found for History Channel, The  Battle For The Pacific  PS2
No video found for History Legends of War  Patton  Vita
No video found for Hisui no Shizuku  Hiiro no Kakera 2  PS2
No video found for Hitman GO  PC
No video found for Hitman GO  Definitive Edition  Vita
No video found for Hitman – Contracts  PC
No video found for Hitogata Happa  PC
No video found for Hitotsu Tobashi Renai V  Vita
No video found for Hitotsu no Mori  PC
No video found for Hitozuma Elf no Orusuban  PC
No video found for Hive Jump  PC
No video found for Hob  PC
No video found for Hockey Rage 2005  Other systems
No video found for Hoggy2  Vita
No video found for Hokenshitsu  Magical Pure Lessons  PC
No video found for Hokenshitsu no Sensei to Shabondama Chuudoku no Joshu  PC
No video found for Hold Your Fire  A Game About Responsibility  Wii U
No video found for Hold'Em  Mobile
No video found for Hole New World, A  PC
No video found for Hole New World, A  PC
No video found for Hole New World, A  Vita
No video found for Holey Dungeon  Mobile
No video found for Hololive Isekai  PC
No video found for Holy Avatar vs Maidens of The Dead  PC
No video found for Holy Knight Luviria  PC
No video found for Holy Potatoes! A Spy Story!  PC
No video found for Holy Potatoes! A Weapon Shop!  PC
No video found for Holy Potatoes! What the Hell!  PC
No video found for Holy Road  PC
No video found for Home  A Unique Horror Adventure  Vita
No video found for Home Design Story  Mobile
No video found for Home Maid  Owari no Tachi  PS2
No video found for Home Run High  Switch
No video found for Home Run King  GameCube
No video found for Home Sheep Home  Farmageddon Party Edition  PC
No video found for Homebound VR  PC
No video found for Homebrew Channel, The  Wii
No video found for Homeland  GameCube
No video found for Homemaid Sweet Pea  PC
No video found for Homeworld 2  PC
No video found for Homeworld Remastered Collection  PC
No video found for Homura  PS2
No video found for Honey Select 2  Libido  PC
No video found for Honkai Impact 3rd  Mobile
No video found for Honkaku 4nin Uchi Geinoujin Taikyoku Mahjong  The Wareme de Pon  Saturn
No video found for Honkaku Pro Mahjong Tetsuman Special  Saturn
No video found for Honoo no Takuhaibin  PS2
No video found for Hookbots  Switch
No video found for Hooked! Again  Real Motion Fishing  Wii
No video found for Hooked! Real Motion Fishing  Wii
No video found for Hopping Girl Kohane EX  Switch
No video found for Hopping girl KOHANE Jumping Kingdom  Princess of the Black Rabbit   Switch
No video found for Horace  Switch
No video found for Horatio Goes Snowboarding  Switch
No video found for Horde, The  3DO
No video found for Horgihugh  PC
No video found for Horgihugh with Friends  Switch
No video found for Horizon  PC
No video found for Horizon  Zero Dawn  PS4
No video found for Horizon Chase  Mobile
No video found for Horizon Chase  Mobile
No video found for Horizon Chase Turbo  PC
No video found for Horizon Chase Turbo  Switch
No video found for Horizon Chase Turbo  Summer Vibes  PC
No video found for Horizon Forbidden West  PS4
No video found for Horizon Riders  Wii
No video found for Horizon Shift  PC
No video found for Horizons  Empire of Istaria  PC
No video found for Horn  Mobile
No video found for Horrid Henry's Krazy Karts  Switch
No video found for Horse Breaker  PS2
No video found for Horse and Foal  My Riding Stables  DS
No video found for Horses 3D  3DS
No video found for Horsez   DS
No video found for Hortensia Saga  Mobile
No video found for Hoshifuru  Hoshi no Furu Machi  PS2
No video found for Hoshigari Empusa  PS2
No video found for Hoshiiro no Okurimono  PS2
No video found for Hoshiori Yume Mirai  Converted Edition  Vita
No video found for Hoshiyomi no Tsumugu Uta  PC
No video found for Hoshizora Planet  One Small Step For  PSP
No video found for Hoshizora no Comic Garden  DS
No video found for Hot Pixel  PSP
No video found for Hot Rod Racer  Wii U
No video found for Hot Shots Golf  World Invitational  Vita
No video found for Hot Shots Tennis  Get a Grip   PSP
No video found for Hot Wheels  Beat That!  Wii
No video found for Hot Wheels  Beat That!  PC
No video found for Hot Wheels  Extreme Racing  PS1
No video found for Hot Wheels  Extreme Racing  PS1
No video found for Hot Wheels  Micro Racers  PC
No video found for Hot Wheels  Stunt Track Challenge  Xbox
No video found for Hot Wheels  Turbo Racing  PS1
No video found for Hot Wheels  World Race   GameCube
No video found for Hot Wheels  World Race   PC
No video found for Hot Wheels  World's Best Driver  PS3
No video found for Hot Wheels  World's Best Driver  Wii U
No video found for Hot Wheels  World's Best Driver  Xbox 360
No video found for Hot Wheels  World’s Best Driver  PS3
No video found for Hot Wheels All Out  GBA
No video found for Hot Wheels Battle Force 5  Wii
No video found for Hotchkiss Hold me, and snatch my kiss  Switch
No video found for Hotel Mario  Other systems
No video found for Hotel Transylvania 3  Monster Overboard  PC
No video found for Hotline Miami  PC
No video found for Hotline Miami 2  Wrong Number  PC
No video found for Hotline Miami Collection  Switch
No video found for Houkago Cinderella  Switch
No video found for Houkago Colorful Step  Undoubu!  PSP
No video found for Houkago in Beppin Jogakuin  SNES
No video found for Houkago no Love Beat   PS2
No video found for House MD  DS
No video found for House in Fata Morgana, The  A Requiem for Innocence   PC
No video found for House in Fata Morgana, The Dreams of the Revenants Edition  Switch
No video found for House of 1000 Doors  Family Secrets  PC
No video found for House of 1000 Doors  Serpent Flame  PC
No video found for House of 1000 Doors  The Palm of Zoroaster  PC
No video found for Houshin Engi 2  PS2
No video found for Hovership Havoc  PC
No video found for How to Train Your Dragon 2  PS3
No video found for How to Train Your Dragon 2  Wii
No video found for How to Train your Dragon 2  3DS
No video found for Hoyle Majestic Chess  PC
No video found for Hu PGA Tour  Power Golf 2 Golfer  PC Engine
No video found for Hudson Music Sampler  PC Engine
No video found for Hudson Selection Vol1  Cubic Lode Runner  GameCube
No video found for Hudson Selection Vol4  Takahashi Meijin no Bouken Jima  GameCube
No video found for HueBots  PC
No video found for Huge Enemy  Worldbreakers  PC
No video found for Hugo  Magic in the Trollwoods  Wii
No video found for Hulk  GameCube
No video found for Human  Fall Flat  Switch
No video found for Human Rocket Person  Switch
No video found for Human Sports Festival  PC Engine
No video found for Humanitarian Helicopter  Wii U
No video found for Hunahpu  Way of the Warrior  PC
No video found for Hundred Swords  Dreamcast
No video found for Hungry Ghosts  PS2
No video found for Hungry Giraffe  PSP
No video found for Hungry Horde, The  Vita
No video found for HuniePop  PC
No video found for HuniePop 2  Double Date  PC
No video found for Hunted  The Demon's Forge  PC
No video found for Hunted  The Demon's Forge  PS3
No video found for Hunter  The Reckoning  Xbox
No video found for Hunter  The Reckoning  GameCube
No video found for Hunter  The Reckoning  Redeemer  Xbox
No video found for Hunter's Legacy  Purrfect Edition  Switch
No video found for HunterX  Switch
No video found for Huntsman  The Orphanage  PC
No video found for Hurricane of the Varstray, The  Collateral Hazard  PC
No video found for Hurry Up! Bird Hunter  Wii U
No video found for Husky's Adventures  Switch
No video found for Hyakka Hyakurou  Sengoku Ninpoujou  Vita
No video found for Hyakka Ryouran Elixir  Record of Torenia Revival  Vita
No video found for Hyakka Yakou  Vita
No video found for Hyakki Ryouran no Yakata x Kawarazakike no Ichizoku  PC
No video found for Hyakki Yakou  Kaidan Romance  PSP
No video found for Hyakko  Yorozuya Jikenbo!  PS2
No video found for Hyaku Monogatari  Kaidan Romance  PSP
No video found for Hyakugojuunenme no Mahoutsukai  PC
No video found for Hydrophobia  Xbox 360
No video found for Hylics  PC
No video found for Hylics 2  PC
No video found for Hyper 3D Pinball   Saturn
No video found for Hyper 3D Taisen Battle  Gebockers  Saturn
No video found for Hyper Fighters  Wii
No video found for Hyper Gunsport  Switch
No video found for Hyper Gunsport  PC
No video found for Hyper Jam  PC
No video found for Hyper Knight  Battles  PC
No video found for Hyper Light Drifter   Switch
No video found for Hyper Princess Pitch  PC
No video found for Hyper Reverthion  Saturn
No video found for Hyper Storm  PC
No video found for Hyper Void  PS4
No video found for HyperBowl  PC
No video found for HyperFighter Boost Mode ON  PC
No video found for Hyperbolic Ignition  PC
No video found for Hyperdevotion Noire  Goddess Black Heart   Vita
No video found for Hyperdimension Neptunia U  Action Unleashed   Vita
No video found for Hyperdrive Massacre  PC
No video found for Hyperdrive Massacre  Switch
No video found for Hyperforma  Switch
No video found for Hyperlight EX  3DS
No video found for Hyperlight EX  Mobile
No video found for Hyperlight Ultimate  Switch
No video found for Hyperspace Dogfights  PC
No video found for Hypnospace Outlaw  PC
No video found for Hypnospace Outlaw  Switch
No video found for Hysteria Project  PSP
No video found for I Am Alive  PC
No video found for I Am An Air Traffic Controller Airport Hero Haneda   PSP
No video found for I Am Setsuna   Switch
No video found for I Am The Hero  Vita
No video found for I C REDD  Wii U
No video found for I Hate Running Backwards  High Stakes  PC
No video found for I Love Horses  DS
No video found for I Love Katamari   Mobile
No video found for I am Magicami  Mobile
No video found for I and Me  Vita
No video found for I dream of you and ice cream  Switch
No video found for I x SHE x Tell  Switch
No video found for I'm A Celebrity Get Me Out of Here   DS
No video found for I'm Titanium  PC
No video found for I's Pure  PS2
No video found for I've Got to Run!  Wii U
No video found for IO  PS2
No video found for IO  PC
No video found for ICBM   PC
No video found for IDOL FANTASY  Mobile
No video found for IGPX  Immortal Grand Prix  PS2
No video found for IHRA Drag Racing  PC
No video found for IHRA Drag Racing  PS1
No video found for IL 2 Sturmovik  Birds of Prey  Xbox 360
No video found for IL2 Sturmovik  PC
No video found for IMMURE   PC
No video found for INVERT  Switch
No video found for INAZUMA ELEVEN Victory Road Worldwide Beta Test Demo  PC
No video found for INFINITE GUITARS  Switch
No video found for INMOST  PC
No video found for INSPACE 2980  PC
No video found for IQ Test  Wii U
No video found for ISLANDERS  Console Edition  Switch
No video found for ISS 2  International Superstar Soccer 2   GameCube
No video found for ITTA  PC
No video found for Ibb & Obb  Switch
No video found for Ice Age  Continental Drift  Arctic Games  PS3
No video found for Ice Age  Continental Drift  Arctic Games  Xbox 360
No video found for Ice Age  Continental Drift  Arctic Games  3DS
No video found for Ice Age 2  The Meltdown  GameCube
No video found for Ice Age 2  The Meltdown  Xbox
No video found for Ice Age 2  The Meltdown  PS2
No video found for Ice Age 4 Continental Drift  Arctic Games  Wii
No video found for Ice Age Scrat's Nutty Adventure  Switch
No video found for Ice Cream Surfer  Wii U
No video found for Ice Cream Surfer  Vita
No video found for Icey  UCEY's Awakening  PC
No video found for Ico  PS2
No video found for Ide Yousuke Meijin no Shin Jissen Mahjong  Saturn
No video found for Idol Death Game TV  Vita
No video found for Idol Janshi SuchiePai III Remix  PSP
No video found for Idol Janshi SuchiePai III Remix  PS2
No video found for Idol Janshi SuchiePai IV  PS2
No video found for Idol Janshi SuchiePai IV Portable  PSP
No video found for Idol Janshi SuchiePai Mecha Genteiban  Saturn
No video found for Idol Janshi SuchiePai Remix  Saturn
No video found for Idol Janshi SuchiePai Secret Album  Saturn
No video found for Idol Janshi SuchiePai Special  Saturn
No video found for Idol Janshi SuchiePai Special II  Saturn
No video found for Idol Janshi wo Tsukucchaou  Dreamcast
No video found for Idol Magical Girl Chiru Chiru Michiru  PC
No video found for Idol Mahjong Final Romance 2  Saturn
No video found for Idol Mahjong Final Romance 2  Neo Geo CD
No video found for Idol Mahjong Final Romance 4  Saturn
No video found for Idol Mahjong Final Romance R  Saturn
No video found for Idol Time PriPara  Yume AllStar Live!  3DS
No video found for Idola  Phantasy Star Saga  Mobile
No video found for Iesabel  Mobile
No video found for Iesabel  PC
No video found for If My Heart Had Wings  Flight Diary  PC
No video found for Ignition  PC
No video found for Ikaruga  PS4
No video found for Ikasama Mahjong  PS1
No video found for Ikatan  Ikamono Tantei  DS
No video found for Ikemen Sengoku  Romances Across Time   Mobile
No video found for Ikemen Sengoku  Toki o Kakeru Koi  Aratanaru Deai  Vita
No video found for Ikemen Sengoku  Toki o Kakeru Koi  Aratanaru Deai  Switch
No video found for Ikemen Vampire   Mobile
No video found for Ikemen Villains  Wrapped in Wicked Romance   Mobile
No video found for Illbleed  Dreamcast
No video found for Illmatic Envelope Swamp  Radirgy Swag  Switch
No video found for Illusion of L'Phalcia   Vita
No video found for Illusion of L'Phalcia   Switch
No video found for Imabikisou  PS3
No video found for Imabikisou  Kaimeihen  Wii
No video found for Imadoki no Vampire  Bloody Bride  PS1
No video found for Imagine  Rock Star   DS
No video found for Imasugu Oniichan ni Imouto Datte Iitai!  Vita
No video found for Immortal Cities  Children of the Nile  PC
No video found for Immortal Redneck  PC
No video found for Immortals Fenyx Rising  Switch
No video found for Immortals Fenyx Rising  PC
No video found for Imouto Neet Kousei Choukyou  PC
No video found for Imouto Piano  Oniichan no Ookina Tact de Rhythm o Kizande!   PC
No video found for Imouto Senbatsu Sousenkyo  PC
No video found for Imouto Watashi Donna Koto Datte   PC
No video found for Imouto o Kegashita Kioku  PC
No video found for Imperator  Rome  PC
No video found for Imperial SaGa Eclipse  PC
No video found for Implosion  Never Lose Hope  Mobile
No video found for Implosion Never Lose Hope  Mobile
No video found for Impossible Game, The  PC
No video found for Impossible Game, The  Xbox 360
No video found for Imprisoned Light  PC
No video found for Impulse GP Super Bike Racing  Mobile
No video found for In Extremis  PC
No video found for In Verbis Virtus  PC
No video found for Inagawa de Ikou!!  PC
No video found for Inaho no Mirai  PC
No video found for Inaho no Mirai DVDROM Edition  PC
No video found for Inaka Kurashi  Nan no Shima no Monogatari  PS2
No video found for Inazuma Eleven Strikers  Wii
No video found for Inazuma Eleven Strikers 2012 Xtreme  Wii
No video found for Inbento  Switch
No video found for Incoming   Dreamcast
No video found for Incredible Adventures of Van Helsing II, The  PC
No video found for Incredible Dracula 5  Vargosi Returns  PC
No video found for Incredible Hulk, The  The Pantheon Saga  Saturn
No video found for Incredible Hulk, The  Ultimate Destruction  GameCube
No video found for Incredible Hulk, The  Ultimate Destruction  PS2
No video found for Incredible Machine, The   3DO
No video found for Incredible Mandy  Switch
No video found for Incredibles, The  Rise of the Underminer   GameCube
No video found for Incredibles, The   GameCube
No video found for Incredibles, The   PS2
No video found for Indiana Jones and the Emperor's Tomb  Xbox
No video found for Indiana Jones and the Emperor's Tomb  PS2
No video found for Indiana Jones and the Infernal Machine  PC
No video found for Indiana Jones and the Staff of Kings  Wii
No video found for Indianapolis 500 Evolution  Xbox 360
No video found for Indianapolis 500 Legends  Wii
No video found for Indivisible  PC
No video found for Indoor Sports Club  DS
No video found for Industrial Spy  Operation Espionage   Dreamcast
No video found for Inertial Drift  PC
No video found for Infectonator 3 Apocalypse  PC
No video found for Inferno Climber  PC
No video found for Inferno Climber  Reborn  Switch
No video found for Infested Planet  PC
No video found for Infinita Strada Hana  Vita
No video found for Infinite  Beyond the Mind  Switch
No video found for Infinite Adventures  PC
No video found for Infinite Dunamis   3DS
No video found for Infinite Space   DS
No video found for Infinite Stratos 2  Ignition Hearts  Vita
No video found for Infinite Stratos 2  Love and Purge  Vita
No video found for Infinitum  PC
No video found for Infinity Blade III  Mobile
No video found for Infinity Runner  Wii U
No video found for Infinos Gaiden  PC
No video found for Inifnity Blade II  Mobile
No video found for Initial 2  New Stage  PC
No video found for Initial D  Special Stage  PS2
No video found for Initial D Extreme Stage  PS3
No video found for InkSplosion  Vita
No video found for Inked  PC
No video found for Inkheart  DS
No video found for Inops  PC
No video found for Inotia 3 Children of Carnia  Mobile
No video found for Inotia 4  Assassin of Berkel  Mobile
No video found for Inoue Mami  Kono Hoshi ni Tatta Hitori no Kimi  PC Engine
No video found for Inoue Ryouko  Last Scene  Dreamcast
No video found for Inoue Ryouko  Roommate  Dreamcast
No video found for Inquisitor, The  PC
No video found for Inquisitor, The  The Plague  PC
No video found for Insanely Twisted Shadow Planet  PC
No video found for Insanity's Blade  PC
No video found for Inscryption  PC
No video found for Inspector Gadget  Gadget's Crazy Maze  PS1
No video found for Inspector Gadget  Mad Time Party  Switch
No video found for Instinct  PC
No video found for Insurgence  Chains of Renegade  PC
No video found for Insurgence  Second Assault  PC
No video found for Intake  PC
No video found for International Snooker  PSP
No video found for International Superstar Soccer Pro '98  PS1
No video found for Interstate Drifter 1999  PC
No video found for Interstellar Flames 2  Other systems
No video found for Interstellar Rift  PC
No video found for Inu Kaisha DS  DS
No video found for Inukari  Chase of Deception   Switch
No video found for Inuyasha  A Feudal Fairy Tale   PS1
No video found for Inuyasha  Feudal Combat  PS2
No video found for Invasion Waves  Switch
No video found for Invercity  Switch
No video found for Inversion  PS3
No video found for Inverted  PC
No video found for Invicta Beam  PC
No video found for Invincible Knight  PS3
No video found for Invisible Fist  Switch
No video found for Invisible, Inc  PC
No video found for Invisigun Heroes  PC
No video found for Invisigun Reloaded  Switch
No video found for Ion Fury  PC
No video found for Ion Fury  Switch
No video found for Ippatsu Gyakuten Gambling King no Michi  Saturn
No video found for Iratus  Lord of the Dead  PC
No video found for Iridium Runners  PS2
No video found for Iris  PS2
No video found for Iro Hero  Switch
No video found for Iron Aces 2  Birds of Prey   PS2
No video found for Iron Aces   Dreamcast
No video found for Iron Angel of the Apocalypse  The Return   3DO
No video found for Iron Blade Medieval Legends  Mobile
No video found for Iron Blade Medieval Legends  Mobile
No video found for Iron Brigade  PC
No video found for Iron Brigade  Xbox 360
No video found for Iron Crypticle  PC
No video found for Iron Fish  PC
No video found for Iron Fist Boxing  Mobile
No video found for Iron Man & XO Manowar in Heavy Metal  Saturn
No video found for Iron Man & XO Manowar in Heavy Metal  PS1
No video found for Iron Man  PSP
No video found for Iron Man  PS3
No video found for Iron Man  Xbox 360
No video found for Iron Man 2  Xbox 360
No video found for Iron Man 2  PS3
No video found for Iron Man and XO Manowar in Heavy Metal  PC
No video found for Iron Marines  Mobile
No video found for Iron Sky  Invasion  PC
No video found for Iron Snout  Vita
No video found for Iron Soldier 3  PS1
No video found for Iron Soul  PC
No video found for Iron Storm   Saturn
No video found for Iron Tides  PC
No video found for Ironcast  PC
No video found for Is it Wrong to Try to Pick Up Girls in a Dungeon  Infinite Combate   Switch
No video found for Isbarah  PC
No video found for Ishin Renka  Ryouma Gaiden  PSP
No video found for Island  Vita
No video found for Island Flight Simulator  Wii U
No video found for Island Flight Simulator  Switch
No video found for IslandDays  3DS
No video found for Isshoni Gohan Portable  PSP
No video found for It came from space and ate our brains  Switch
No video found for It's Raining Fists and Metal  Switch
No video found for It's Spring Again  Vita
No video found for Itadaki Smash  Switch
No video found for Itadaki Street  Dragon Quest & Final Fantasy 30th Anniversary  Vita
No video found for Itadaki Street  Dragon Quest & Final Fantasy 30th Anniversary  PS4
No video found for Italian Job, The  Xbox
No video found for Item Getter  Bokura no Kagaku to Mahou no Kankei  DS
No video found for Itsutsu no Nate+  Switch
No video found for Ittle Dew  PC
No video found for Ittle Dew  Wii U
No video found for Ittle Dew  Switch
No video found for Ittle Dew 2 Plus  PC
No video found for Ittle Dew 2+  Switch
No video found for Iwaihime  Matsuri  Vita
No video found for Iwatobi Penguin Rocky x Hopper 2  Tantei Monogatari  PS1
No video found for IxSHE Tell  PC
No video found for Iyashi no Megami no Marmot  PC
No video found for Iza, Shutsujin! Koisen  PSP
No video found for Izumo 2  PS2
No video found for Izumo 2  Gakuen Kyousoukyoku Double Tact  PS2
No video found for Izumo Complete  PS2
No video found for Izuna Zanshinken  PC
No video found for JLeague Winning Eleven Tactics  PS2
No video found for JStars Victory VS+  Vita
No video found for JStars Victory Vs+  PS3
No video found for JStars Victory Vs+  PS4
No video found for JB Harold  Blue Chicago Blues  Saturn
No video found for JB Harold  Blue Chicago Blues  PC
No video found for JB Harold  Blue Chicago Blues  PC Engine
No video found for JB Harold  Murder Club   PC Engine
No video found for JLeague Go Go Goal!  Saturn
No video found for JLeague Spectacle Soccer  Dreamcast
No video found for JLeague Tremendous Soccer '94  PC Engine
No video found for JLeague Victory Goal '96  Saturn
No video found for JULIA  PC
No video found for JACKPOT 777  Wii U
No video found for JAM Live Music Arcade  Xbox 360
No video found for JETBOY   Switch
No video found for JOLT  Super Robot Racer  PC
No video found for Jack 'n' Hat  Switch
No video found for Jack Axe  Switch
No video found for Jack B Nimble  PC
No video found for Jack Jeanne Trial Version  Switch
No video found for Jack N' Jill DX  Switch
No video found for Jack Nicklaus Turbo Golf   PC Engine
No video found for Jack of All Tribes Deluxe  Mobile
No video found for JackQuest  The Tale of the Sword  Switch
No video found for Jackbox Party Pack 6, The  PC
No video found for Jacked  PC
No video found for Jacked  Xbox
No video found for Jade Empire  Xbox
No video found for Jade Order  Switch
No video found for Jagged Alliance   DS
No video found for Jak 3  PS2
No video found for James Cameron's Avatar  The Game  PSP
No video found for James Cameron's Dark Angel  PS2
No video found for Jamestown Plus Deluxe Pack  PC
No video found for Jamestown+  PS4
No video found for Jan Sangoku Musou  PS2
No video found for JangNavi Mahjong Online  Switch
No video found for JankBrain  Switch
No video found for Janryumon M Real Mahjong  Mobile
No video found for Jansei Gakuen Chrono Magic  PSP
No video found for Jansei Utahime Chrono Star  PSP
No video found for Janshin Densetsu  Neo Geo CD
No video found for Janshin Densetsu  Quest of Jongmaster  PC Engine
No video found for Jantei Monogatari  PC Engine
No video found for Jantei Monogatari 2  Uchuu Tantei Deiban Kanketsuhen  PC Engine
No video found for Jantei Monogatari 2  Uchuu Tantei Deiban Shutsudouhen  PC Engine
No video found for Jantei Monogatari 3  Saver Angel  PC Engine
No video found for Japan Super Bass Classic '96  Saturn
No video found for Jarrett & Labonte Stock Car Racing    PS1
No video found for Jawa  Mammoth to Himitsu no Ishi  Wii
No video found for Jeff Wayne's The War of the Worlds  PC
No video found for JellyCar 2  Wii
No video found for JellyCar 3  Mobile
No video found for JellyCar Worlds  PC
No video found for Jenga World Tour  Wii
No video found for Jenny LeClue  Detectivu  Switch
No video found for Jeremy McGrath SuperCross '98  PS1
No video found for Jeremy McGrath Supercross 2000  Dreamcast
No video found for Jeremy McGrath Supercross 2000  PS1
No video found for Jeremy McGrath Supercross World  GameCube
No video found for Jet Coaster Dream 2  Dreamcast
No video found for Jet Ion Grand Prix  PS2
No video found for Jet Kave Adventure  Switch
No video found for Jet Lancer  PC
No video found for Jet Li  Rise to Honor  PS2
No video found for Jet de Go!  Let's Go By Airliner  PS1
No video found for Jetpack Fighter  Mobile
No video found for Jetpack Joyride  Mobile
No video found for Jetpack Joyride  PS4
No video found for Jetpack Joyride 2  PC
No video found for Jett Tailfin  Wii U
No video found for Jewel Link  Legends of Atlantis 3D    3DS
No video found for Jewel Master  Cradle of Egypt 2  3DS
No video found for Jewel Master  Cradle of Rome 2  3DS
No video found for Jewel Match 3  3DS
No video found for Jewel Pet  Cafe de Mahou no Cooking!  3DS
No video found for Jewel Quest  Wii U
No video found for Jewel Quest  The Sapphire Dragon  3DS
No video found for Jewel Quest 2  PC
No video found for Jewel Quest Mysteries  The Seventh Gate  PC
No video found for Jewels Ocean  PC
No video found for Jewels of Cleopatra  PC
No video found for Jianxi Tianshi 2 Shuangzixing  PC
No video found for Jigoku Shoujo Mioyosuga  PS2
No video found for Jigoku Unko Toripuru  Switch
No video found for Jigsaw Madness   PS1
No video found for Jikkyou Powerful Major League 2009  Wii
No video found for Jikkyou Powerful Pro Yakyuu '95  PS1
No video found for Jikkyou Powerful Pro Yakyuu '95  Kaimakuban  Saturn
No video found for Jikkyou Powerful Pro Yakyuu  Switch
No video found for Jikkyou Powerful Pro Yakyuu  Success Special  Vita
No video found for Jikkyou Powerful Pro Yakyuu 10  GameCube
No video found for Jikkyou Powerful Pro Yakyuu 10 Chou Ketteiban  2003 Memorial  GameCube
No video found for Jikkyou Powerful Pro Yakyuu 11 Chou Ketteiban  GameCube
No video found for Jikkyou Powerful Pro Yakyuu 12  GameCube
No video found for Jikkyou Powerful Pro Yakyuu 15  Wii
No video found for Jikkyou Powerful Pro Yakyuu 2014  Vita
No video found for Jikkyou Powerful Pro Yakyuu 2016  PS3
No video found for Jikkyou Powerful Pro Yakyuu 2016  Vita
No video found for Jikkyou Powerful Pro Yakyuu 2018  Vita
No video found for Jikkyou Powerful Pro Yakyuu 9  GameCube
No video found for Jikkyou Powerful Pro Yakyuu Championship 2017  Vita
No video found for Jikkyou Powerful Pro Yakyuu Championship 2018  Vita
No video found for Jikkyou Powerful Pro Yakyuu Heroes  3DS
No video found for Jikkyou Powerful Pro Yakyuu Next  Wii
No video found for Jikkyou Powerful Pro Yakyuu Wii  Wii
No video found for Jikkyou Powerful Pro Yakyuu Wii Ketteiban  Wii
No video found for Jim is Moving Out!  Switch
No video found for Jimmy Neutron  Boy Genius  PC
No video found for Jimmy Neutron  Boy Genius Demo  PC
No video found for Jingle Cats  Love Para Daisakusen no Maki  PS1
No video found for Jinrui no Minasama e  Switch
No video found for Jinsei Game  Dreamcast
No video found for Jinsei Owata no Dai Bouken 2  PC
No video found for Jinshin  Switch
No video found for Jinx  PS1
No video found for Jisei  The First Case HD  Switch
No video found for Jissen Mahjong  Saturn
No video found for Jissen PachiSlot Hisshouhou! 4  Saturn
No video found for Jissen PachiSlot Hisshouhou! Onimusha 3  PS2
No video found for Jissen PachiSlot Hisshouhou! TWIN  Saturn
No video found for Jissen Pachinko Hisshouhou! CR Sakura Taisen  PS2
No video found for Jitsu Squad  Switch
No video found for JoJo no Kimyou na Bouken  Ougon no Kaze  PS2
No video found for JoJo's Bizarre Adventure  AllStar Battle R   Switch
No video found for JoJo's Bizarre Adventure  Eyes of Heaven   PS4
No video found for Joan Jade and the Gates of Xibalba  PC
No video found for Job the Leprechaun   PC
No video found for Job the Leprechaun  Wii U
No video found for Job the Leprechaun  Switch
No video found for Joe Danger  PC
No video found for Joe Danger  Vita
No video found for Joe Danger  Special Edition  Xbox 360
No video found for Joe Danger  PS3
No video found for Joe Danger  PS3
No video found for Joe Dever's Lone Wolf HD Remastered  PC
No video found for Joe Jump  Impossible Quest  Switch
No video found for Joe's Diner  Wii U
No video found for Johnny Trigger  Switch
No video found for Johnny Trigger  Sniper  Switch
No video found for Jojo no Kimyou na Bouken  Phantom Blood  PS2
No video found for Jojo's Bizarre Adventure  All Star Battle   PS3
No video found for Jojo's Bizarre Adventure  Eyes of Heaven   PS3
No video found for Jolt Family Robot Racer  Switch
No video found for Jonah Lomu Rugby Challenge  Vita
No video found for Jones on Fire  Wii U
No video found for Joshikousei no Houkago  Pukunpa  Saturn
No video found for Jotun  Valhalla Edition  PC
No video found for Jotun  Valhalla Edition  Wii U
No video found for Journey  Collector's Edition  PS4
No video found for Journey Down, The  Chapter One  Switch
No video found for Journey Down, The  Chapter Three  PC
No video found for Journey Down, The  Chapter Three  Switch
No video found for Journey Down, The  Chapter Two  Switch
No video found for Journey of a Special Average Balloon  Wii U
No video found for Journey to Kreisia  Mobile
No video found for Journey, The  Bob's Story  PC
No video found for Joy Climb  PC
No video found for Joylancer, The  Legendary Motor Knight  PC
No video found for Jubilee  PC
No video found for Judge Dredd  Dredd VS Death  Xbox
No video found for Judge Dredd  Dredd VS Death  PS2
No video found for Judge Dredd  Dredd vs Death  GameCube
No video found for Juiced 2  Hot Import Nights  PS2
No video found for Juiced 2  Hot Import Nights   Xbox 360
No video found for Juiced 2  Hot Import Nights   PS3
No video found for Juicer, The  PC
No video found for Juicy Realm  PC
No video found for Juicy Realm  Switch
No video found for Jujutsu Kaisen  Cursed Clash  PC
No video found for Juka and the Monophonic Menace  GBA
No video found for Jump Force  Deluxe Edition  Switch
No video found for Jump Gunners  PC
No video found for Jump Gunners  Switch
No video found for Jump Rope Challenge  Switch
No video found for JumpHead   Battle4Fun!  Switch
No video found for JumpStart  Deep Sea Escape  DS
No video found for JumpStart Pet Rescue  Wii
No video found for Jumpala  Tryouts Edition  PC
No video found for Jumpdrive  PC
No video found for Jumper Griffin's Story Xbox 360
No video found for Jumpgrid  PC
No video found for Junclassic CC & Rope Club  PS1
No video found for Jung Rhythm  Saturn
No video found for Jungle Rumble  Freedom, Happiness and Bananas  Vita
No video found for Jungle Speed  Wii
No video found for Junior Classic Games  Animal World  DS
No video found for Junior Classic Games 3D   3DS
No video found for Junjou Karen Freaks!  PC
No video found for Junjou Romantica  Koi no Doki Doki Daisakusen  PS2
No video found for Junk Jack  Mobile
No video found for Junk Jack  Switch
No video found for Jupiteration VR  PC
No video found for Jurassic  The Hunted  PS3
No video found for Jurassic Park  Operation Genesis  PC
No video found for Jurassic Park  Operation Genesis  Xbox
No video found for Jurassic Park  Operation Genesis   PS2
No video found for Jurassic Park  The Game  Xbox 360
No video found for Jurassic War ) PC
No video found for Just Cause 2  PC
No video found for Just Cause 2  PS3
No video found for Just Cause 3  PS4
No video found for Just Dance  Wii
No video found for Just Dance  Disney Party  Xbox 360
No video found for Just Dance 2015  Xbox 360
No video found for Just Dance 2015  PS4
No video found for Just Dance 2016  Wii U
No video found for Just Dance 2017  Switch
No video found for Just Dance 2018  Xbox 360
No video found for Just Dance 2018  Switch
No video found for Just Dance 2019  Switch
No video found for Just Dance 2020  PS4
No video found for Just Dance 2020  Switch
No video found for Just Dance 2021  Switch
No video found for Just Dance 2022  Switch
No video found for Just Dance 2023 Edition  Switch
No video found for Just Dance 4  Xbox 360
No video found for Just Dance Wii U  Wii U
No video found for Just Pong  Switch
No video found for Just Shapes & Beats  Switch
No video found for Just Shapes & Beats  PC
No video found for Just a Phrase by POWGI  Vita
No video found for Justy x Nasty  Maou Hajime Mashita  Vita
No video found for Juujigen Rippoutai Cypher  Game of Survival  PS2
No video found for Jyuzaengi  Engetsu Sangokuden  PSP
No video found for Jyuzaengi  Engetsu Sangokuden 1+2  Vita
No video found for Jyuzaengi  Engetsu Sangokuden 1+2  Switch
No video found for K1 Revenge   PS1
No video found for K1 The Arena Fighters   PS1
No video found for KAIJU KHAOS  Switch
No video found for KAMEN RIDER  BATTRIDE WAR II  Wii U
No video found for KARAKARA  PC
No video found for KARAKARA 2  PC
No video found for KATANA KAMI  A Way of the Samurai Story  PC
No video found for KAZooK!   PSP
No video found for KEYTARI 8bit Music Maker  Wii U
No video found for KISS Psycho Circus  The Nightmare Child  PC
No video found for KISS Psycho Circus  The Nightmare Child  Dreamcast
No video found for KKND Xtreme   PC
No video found for KLAP!! Kind Love And Punish  Vita
No video found for KLAP!! for Nintendo Switch  Switch
No video found for KO Seiki Beast Sanjuushi  Gaia Fukkatsu Kanketsuhen  PC Engine
No video found for KUNAI  Switch
No video found for Ka 2 Let's Go Hawaii  PS2
No video found for Kabuki Ittou Ryoudan  PC Engine
No video found for Kadenz fermata  Akkordfortissimo  Vita
No video found for Kaen Seibo  The Virgin of Megiddo  Dreamcast
No video found for Kaena  PS2
No video found for Kaeru Batake de Tsukamaete  Vita
No video found for Kaeru Batake de Tsukamaete  Switch
No video found for Kaeru Batake de Tsukamete  Natsu Senbokuryou Sansen  PS2
No video found for Kagami no Kuni no Legend  PC Engine
No video found for Kagamihara  Justice  Switch
No video found for Kagi o Kakushita Kago no Tori  Bird in Cage Hiding the Key  PC
No video found for KairiSei Million Arthur  Mobile
No video found for KairiSei Million Arthur  Vita
No video found for Kaiji VR  Zetsubou no Tekkotsu Watari  Switch
No video found for Kaiketsu  Osabakina  PS2
No video found for Kairobotica   Switch
No video found for Kaitou Apricot  Dreamcast
No video found for Kaitou Apricot Kanzenban  PS2
No video found for Kaitou Saint Tail  Saturn
No video found for Kaitou Tenshi Twin Angel  Toki to Sekai no Meikyuu  PSP
No video found for Kak kazaki Monu Lizu iskali  PC
No video found for Kakenuke Seishun Sparking  Switch
No video found for Kakikomi Shiki 'Hannya Shinkyou' Renshuu Chou DS  DS
No video found for Kakinoki Shougi  Saturn
No video found for Kakoong  PC
No video found for KakuSanSei Million Arthur  Vita
No video found for KakuSanSei Million Arthur  3DS
No video found for Kakuriyo no Saiyaku to Utsushiyo no Ikusabime ~Kirie Hen~  PC
No video found for Kakutou Bijin Wulong  PS2
No video found for Kakyuusei  PC
No video found for KaleidoEve  PSP
No video found for KaleidoEve  Vita
No video found for Kamaitachi no Yoru  Rinne Saisei  Vita
No video found for Kamaitachi no Yoru  Rinne Saisei  PC
No video found for Kamaitachi no Yoru 2  PS2
No video found for Kamaitachi no Yoru 3  PS2
No video found for Kamen Rider   Memory of Heroez   Switch
No video found for Kamen Rider  Battride War  PS3
No video found for Kamen Rider  Battride War II  PS3
No video found for Kamen Rider  Battride War Sousei  PS3
No video found for Kamen Rider  Chou Climax Heroes  Wii
No video found for Kamen Rider  Climax Fighters  PS4
No video found for Kamen Rider  Climax Heroes  PS2
No video found for Kamen Rider  Climax Scramble ZiO  Switch
No video found for Kamen Rider  SummonRide  PS3
No video found for Kamen Rider  Travelers Senki  3DS
No video found for Kamen Rider 555  PS2
No video found for Kamen Rider Agito  PS1
No video found for Kamen Rider Blade  PS2
No video found for Kamen Rider Chou Climax Heroes  PSP
No video found for Kamen Rider Climax Heroes Fourze  PSP
No video found for Kamen Rider Climax Heroes OOO  PSP
No video found for Kamen Rider Hibiki  PS2
No video found for Kamen Rider Kabuto  PS2
No video found for Kamen Rider V3  PS1
No video found for Kami Naru Kimi to  PSP
No video found for Kamisama no You na Kimi e  PC
No video found for Kamidanomi Shisugite Ore no Mirai ga Yabai  Vita
No video found for Kamidori Alchemy Meister  PC
No video found for Kamigami no Asobi  Ludere Deorum Unite Edition  Switch
No video found for Kamigami no Asobi InFinite  Vita
No video found for Kamiko  Switch
No video found for Kaminazo  Mirai kara no Omoi de  Switch
No video found for Kamipani!  PC
No video found for Kamisama  Kazoku Ouen Ganbou  PS2
No video found for Kamiwaza  Way of the Thief   Switch
No video found for Kamiyo Gakuen Makorouku Kurunugia  PS2
No video found for KanColle Kai  Vita
No video found for Kana  Imouto  PSP
No video found for Kanazawa Shogi  Saturn
No video found for Kandagawa Jet Girls  PC
No video found for Kane & Lynch  Dead Men  Xbox 360
No video found for Kangokuto Mary Skelter Finale  Switch
No video found for Kaniman VS Mecha Monkey  PC
No video found for Kannagi no Mori Satsukiame Tsuzuri  Vita
No video found for Kannou Mukashi Banashi Portable  PSP
No video found for Kanokon  Esuii  PS2
No video found for Kanon  PS2
No video found for Kanuchi  Kuroki Tsubasa no Shou  PS2
No video found for Kao no nai Tsuki Select Story  PS2
No video found for Kao the Kangaroo (Tate Multimedia Switch
No video found for Kaori After Story  PC
No video found for Kappa no Kaikata  How to Breed Kappas  PS2
No video found for Kaptain Brawe  A Brawe New World  Mobile
No video found for Kara no Shoujo  The Last Episode  PC
No video found for Kara no Shoujo  The Second Episode  PC
No video found for Karaoke Joysound Wii DX  Wii
No video found for Karaoke Revolution Party  GameCube
No video found for Karate Krab  PC
No video found for Kardia Fantasy  Mamono Himetachi to Bouken Monogatari  Mobile
No video found for Karigurashi Ren'ai  Vita
No video found for Karma Knight  Switch
No video found for Karmaflow  The Rock Opera Videogame  Act I  PC
No video found for Karmaflow  The Rock Opera Videogame  Act II  PC
No video found for Karnage Chronicles VR  PC
No video found for Karnov's Revenge   Neo Geo CD
No video found for Karous  Dreamcast
No video found for Karumaruka Circle  Vita
No video found for Kashimashi! Girl Meets Girl  Hajimete no Natsu Monogatari  PS2
No video found for Katahane  An' Call Belle  Vita
No video found for Katakamuna  Ushinawareta Ingaritsu  PS2
No video found for Katamari Amore  Mobile
No video found for Katamari Damacy REROLL Demo version  Switch
No video found for Katana ZERO  Switch
No video found for Katekyoo Hitman Reborn! Dream Hyper Battle!  PS2
No video found for Katekyoo Hitman Reborn! Let's Ansatsu! Nerawareta 10daime!  PS2
No video found for Katekyoo Hitman Reborn! Nerae! Ring x Bongole Trainers  PS2
No video found for Kathy Rain  PC
No video found for Kathy Rain  Director's Cut  Switch
No video found for Kawa no Nushi Tsuri  Shizenha  PC Engine
No video found for Kawaii Deathu Desu  Switch
No video found for Kawasaki Fantasy Motocross  PC
No video found for Kawasaki Jet Ski  Wii
No video found for Kaze no Notam  Notam of Wind  PS1
No video found for Kaze no Uta  Dreamcast
No video found for Kazgar's Revenge  PC
No video found for Kazoku Keikaku  PSP
No video found for Kebab it Up!  PC
No video found for Keen  One Girl Army  PC
No video found for Keepsake  PC
No video found for Keiken Zero na Classmate  Switch
No video found for Kelly Slater's Pro Surfer  PS2
No video found for Kemono Friends Picross  Switch
No video found for Kemono Friends ~Pavilion~  Mobile
No video found for Kemono Heroes  Switch
No video found for Ken ga Kimi  Momoyo Tsuzuri  Vita
No video found for Ken ga Kimi for S  Switch
No video found for Ken ga Kimi for V  Vita
No video found for Ken no Machi no Ihoujin  Shiro no Oukyuu  Xbox 360
No video found for Ken to Mahou to Gakuen Mono 2G  PS3
No video found for Ken to Mahou to Gakuen Mono 3  PS3
No video found for KenJu   Dreamcast
No video found for Kengo 3  PS2
No video found for Kenka Bancho  PS2
No video found for Kenka Bancho 2  Full Throttle  PS2
No video found for Kenka Bancho Otome  Kanzenmuketsu no My Honey  Vita
No video found for Kenka Banchou Otome 2nd Rumble!!  Vita
No video found for Kenran Butousai  The Mars Daybreak  PS2
No video found for Kensho  PC
No video found for Kentucky Robo Chicken  Switch
No video found for Keotoshi! Treasure Hunter!  Switch
No video found for Kessen  PS2
No video found for Kessen II  PS2
No video found for Kessen III  PS2
No video found for Khamrai  PS1
No video found for Kharon's Crypt  Even Death May Die  PC
No video found for Khimera  Destroy All Monster Girls  PC
No video found for Ki11er Clutter  Switch
No video found for Kick & Fennick  Wii U
No video found for Kick Beat  PS3
No video found for Kickass Commandos  Mobile
No video found for Kidarian Adventures  Mobile
No video found for Kidou Keisatsu Patlabor  Chapter of Griffon  PC Engine
No video found for Kidou Senkan Nadesico  Nadesico the Mission  Dreamcast
No video found for Kidou Senshi Gundam  Ghiren no Yabou  Zeon no Keifu  Dreamcast
No video found for Kidou Senshi Gundam  Gundam vs Gundam  PSP
No video found for Kidou Senshi Gundam  Gundam vs Gundam NEXT PLUS  PSP
No video found for Kidou Senshi Gundam  Gundam vs Z Gundam  GameCube
No video found for Kidou Senshi Gundam  Senshitachi no Kiseki  GameCube
No video found for Kidou Senshi Gundam  Side Stories  PS3
No video found for Kidou Senshi Gundam Gaiden I  Senritsu no Blue  Saturn
No video found for Kidou Senshi Gundam Gaiden II  Aoi wo Uketsugu Mono  Saturn
No video found for Kidou Senshi Gundam Gaiden III  Sabakareshi Mono  Saturn
No video found for Kidou Senshi Gundam Seed  Rengou vs ZAFT  PS2
No video found for Kidou Senshi Gundam Seed  Rengou vs ZAFT Portable  PSP
No video found for Kidou Senshi Gundam Senki  Lost War Chronicles  PS2
No video found for Kidou Senshi Z Gundam  Zenpen Zeta no Kodou  Saturn
No video found for Kidz Sports  Crazy Mini Golf 2  Wii
No video found for Kikokugai Reichin Rinrinshan  PC
No video found for Kikokugai The Cyber Slayer  PC
No video found for Kikou Heidan J Phoenix +  Xbox
No video found for Kikou Souhei Armodyne  PS2
No video found for Kileak  The DNA Imperative   PS1
No video found for Kill Deal  PC
No video found for Kill it with Fire  PC
No video found for Killer Loop  PS1
No video found for Killer Queen Black  Switch
No video found for Killer is Dead  PS3
No video found for Killer7  PS2
No video found for Killing Floor  PC
No video found for Kim Possible  What's the Switch  PS2
No video found for Kimi ga Aruji de Shitsuji ga Ore de  Otsukae Nikki Portable  PSP
No video found for Kimi ga Nozomu Eien  Dreamcast
No video found for Kimi no Hitomi ni Hit Me  PS4
No video found for Kimi no Hitomi ni Hit Me  Vita
No video found for Kimi o Aogi Otome wa Hime ni  Vita
No video found for KimiStar  Kimi to Study  PS2
No video found for Kin'iro Loveriche  Vita
No video found for Kin'iro Loveriche  Switch
No video found for Kin'youbi no Koneko  PC
No video found for Kindred Spirits on the Roof   PC
No video found for Kinduo  Switch
No video found for Kinect Sports  Xbox 360
No video found for Kinect Sports  Season Two  Xbox 360
No video found for Kinectimals  Now with Bears!  Xbox 360
No video found for Kinetic Void  PC
No video found for Kinetica  PS2
No video found for King Arthur   GameCube
No video found for King Oddball  Vita
No video found for King of Clubs  PS2
No video found for King of Colosseum II  PS2
No video found for King of Fighters '94 ReBout, The  PS2
No video found for King of Fighters '96 Neo Geo Collection, The  Neo Geo CD
No video found for King of Fighters '96, The  Neo Geo CD
No video found for King of Fighters '97, The  Global Match  Vita
No video found for King of Fighters '98, The  The Slugfest   Neo Geo CD
No video found for King of Fighters '99, The  Evolution  Dreamcast
No video found for King of Fighters '99, The  Millennium Battle  Neo Geo CD
No video found for King of Fighters 2001, The  Dreamcast
No video found for King of Fighters 2002, The  Dreamcast
No video found for King of Fighters 2003, The  PS2
No video found for King of Fighters ALLSTARS, The  Mobile
No video found for King of Fighters Collection, The  The Orochi Saga  PS2
No video found for King of Fighters Maximum Impact  Maniax  Xbox
No video found for King of Fighters XI, The  PS2
No video found for King of Fighters XI, The  Dreamcast
No video found for King of Fighters XIV, The  PS4
No video found for King of Fighters XIV, The  PC
No video found for King of Fighters XV, The  PC
No video found for King of Fighters for Girls, The  Mobile
No video found for King of Fighters, The  Dream Match 1999  Dreamcast
No video found for King of Fighters, The  Maximum Impact  Regulation A  PS2
No video found for King of Fighters, The  Neowave  Xbox
No video found for King of Mazes  PC
No video found for King's Bird, The  PC
No video found for King's Bird, The  PC
No video found for Kingdom  Two Crowns  PC
No video found for Kingdom Hearts HD I5 + II5 ReMIX  PS4
No video found for Kingdom Hearts Union X + Dark Road   Mobile
No video found for Kingdom Hearts Union X + Dark Road   Mobile
No video found for Kingdom Hearts VR Experience  PS4
No video found for Kingdom Rush  Mobile
No video found for Kingdom Rush  Mobile
No video found for Kingdom Rush  PC
No video found for Kingdom Rush Frontiers  PC
No video found for Kingdom Rush Frontiers  Switch
No video found for Kingdom Rush ORIGINS  Mobile
No video found for Kingdom Tales 2  PC
No video found for Kingdom Under Fire  Gold  PC
No video found for Kingdom Under Fire  Heroes  PC
No video found for Kingdom Under Fire  The Crusaders  Xbox
No video found for Kingdom Under Fire  The Crusaders  PC
No video found for Kingdoms and Castles  Merchants and Ports  PC
No video found for Kingdoms of Amalur  Reckoning  PS3
No video found for Kingdoms of Amalur Reckoning  PC
No video found for Kingsley's Adventure  PS1
No video found for Kingsley's Adventure  PS1
No video found for Kiniro no Corda  PS2
No video found for Kiniro no Corda  PSP
No video found for Kiniro no Corda  Octave  Vita
No video found for Kiniro no Corda 2 Encore  PS2
No video found for Kiniro no Corda 2 ff  Vita
No video found for Kiniro no Corda 3  PS2
No video found for Kiniro no Corda 3  Another Sky  Vita
No video found for Kiniro no Corda 3  Full Voice Special  3DS
No video found for Kiniro no Corda 3  Full Voice Special  Vita
No video found for Kiniro no Corda 4  Vita
No video found for KinitoPET  PC
No video found for Kinkou Myaku Tansa Simulation  Ingot 79  PS2
No video found for Kinnikuman Muscle Grand Prix Max  PS2
No video found for Kinnikuman Muscle Grand Prix Max 2  Tokumori  PS2
No video found for Kirakira Stars Idol Project Nagisa  Switch
No video found for Kirameki School Life SP  The Wonder Years  PSP
No video found for Kirby Battle Royale   3DS
No video found for Kirby Dream Collection Special Edition  Wii
No video found for Kirby Star Allies  Demo Version  Switch
No video found for Kirby and the Forgotten Land Demo Version   Switch
No video found for Kirby and the Forgotten Land   Switch
No video found for Kirby and the Rainbow Curse    Wii U
No video found for Kirby's Dream Buffet  Switch
No video found for Kirby's Return to Dream Land Deluxe   Switch
No video found for Kishi  Fujii Souta no Shougi Training  Switch
No video found for Kishin Hishou Demonbane  PC
No video found for Kishin Houkou Demon Bane  PS2
No video found for Kishin Houkou Demonbane  PC
No video found for Kisou Louga  PC Engine
No video found for Kisou Louga II  The Ends of Shangrila  PC Engine
No video found for Kisou Ryouhei GUNHOUND  PC
No video found for Kisou Ryouhei Gunhound EX  PSP
No video found for Kiss Ato Kiss will change, my relation with you  Switch
No video found for Kiss Kara Hajimaru Gyaru no Koi  Kurumi no Uwasa to Honto no Kimochi  Switch
No video found for Kiss Yori Saki ni Koi Yori Hayaku  PC
No video found for KissBell  Vita
No video found for KissBell Let's sound the kissingbell of the promise  Switch
No video found for Kita he  Photo Memories  Dreamcast
No video found for Kita he  White Illumination  Dreamcast
No video found for Kitaihei Gold  Dreamcast
No video found for Kitaria Fables  PC
No video found for Kiteretsu Boy's GanGaGan  Dreamcast
No video found for Kitty Powers' Matchmaker  Switch
No video found for Kizuato  PC
No video found for Kizuna AI  Touch the Beat!  Switch
No video found for Klang 2  Switch
No video found for Klondike  Mobile
No video found for Klonoa Phantasy Reverie Series Demo   Switch
No video found for Klonoa Phantasy Reverie Series   Switch
No video found for Knight & The Dragon, The  Switch
No video found for Knight Fortix 2  PSP
No video found for Knight Squad  Switch
No video found for Knight Squad 2  Switch
No video found for Knight Terrors  Switch
No video found for Knight's Quest, A  Switch
No video found for Knight's Rush  Mobile
No video found for Knighthood  Mobile
No video found for Knightin'+  PC
No video found for Knightin'+   Switch
No video found for Knights & Guns  Switch
No video found for Knights in the Nightmare  PSP
No video found for Knights in the Nightmare  Remaster Version  Mobile
No video found for Knights in the Nightmare  Remaster Version  Switch
No video found for Knights of Galiveth  PC
No video found for Knights of Pen & Paper  PC
No video found for Knights of Pen & Paper 2  Deluxiest Edition  Switch
No video found for Knights of Tartarus  PC
No video found for Knights of the Temple  Infernal Crusade  PC
No video found for Knights of the Temple II  PS2
No video found for KnockKnock  PC
No video found for KnockKnock  Vita
No video found for Knockout Kings 2001  PS2
No video found for Knockout Kings   PS1
No video found for Knytt Underground  Vita
No video found for Knytt Underground  Vita
No video found for Knytt Underground  PC
No video found for Koala Brothers, The  Outback Adventures  GBA
No video found for Kobayashi ga Kawai Sugite Tsurai!! Game Demo Kyun Moe MAX ga Tomara Nai  3DS
No video found for Kochira, Haha Naru Hoshi Yori  Switch
No video found for Kodomo ni Anshin Shite Ataerareru Game Series  Sekai Meisaku Douwa  Oyako de Yomeru Game Ehon Boukenhen + Princesshen  3DS
No video found for Koezaru wa Akai Hana  Koi wa Tsuki ni Michibikareru  Vita
No video found for Koi  Vita
No video found for Koi DX  Wii U
No video found for Koi no Hanasaku Hyakkaen  Switch
No video found for Koi to Senkyo to Chocolate High Resolution  PC
No video found for Koi to Senkyo to Chocolate Portable  PSP
No video found for Koi wa Kousoku ni Shibararenai!  PSP
No video found for Koi wa Mofumofu! Love Me Teddy  PC
No video found for KoiLabo  PC
No video found for Koihime Enbu  PS4
No video found for Koihime Musou  PS2
No video found for Koihime Musou  Doki Otome Darake no Sangokushi Engi  PC
No video found for Koisuru Doll to Omoi no Kiseki  Poupee de Souhaits  PC
No video found for Koisuru Natsu no Last Resort  Sweetest Summer  PC
No video found for Koisuru Otome to Shugo no Tate  Bara no Seibo  Vita
No video found for Koisuru Otome to Shugo no Tate  Reboot The ''SHIELD9''  Switch
No video found for Koisuru Otome to Shugo no Tate  The Shield of AIGIS  PS2
No video found for Koisuru Otome to Shugo no Tate Portable  PSP
No video found for Kokoro Connect  Yochi Random  PSP
No video found for Kokuchou no Psychedelica  Vita
No video found for Kombinera  Switch
No video found for Konami Antiques  MSX Collection Ultra Pack  Saturn
No video found for Konami Kids Playground  Alphabet Circus  PS2
No video found for Konami Kids Playground  Dinosaurs  Shapes & Colors  PS2
No video found for Konami Kids Playground  Toy Pals  Fun With Numbers  PS2
No video found for Konjiki no Gash Bell!! Go! Go! Mamono Fight!!  PS2
No video found for Konjiki no Gashbell!! Yuujou no Tag Battle Full Power  GameCube
No video found for Konneko  Keep a Memory Green  PS2
No video found for Konneko  Keep a Memory Green  PSP
No video found for Kono Aozora ni Yakusoku o  Vita
No video found for Kono Aozora ni Yakusoku wo melody of the sun and sea  PS2
No video found for Kono Bushitsu wa Kitaku Shinai Bu ga Senkyo Shimashita Portable  Gakuen Dog Earhen  PSP
No video found for Kono Bushitsu wa Kitaku Shinai Bu ga Senkyo Shimashita Portable  Gakuen Summer Warshen  PSP
No video found for Kono Oozora ni, Tsubasa o Hirogete  Cruise Sign  Vita
No video found for Kono Subarashii Sekai ni Shukufuku wo! ATTACK OF THE DESTROYER  Vita
No video found for Kono Subarashii Sekai ni Shukufuku wo! Fukkatsu no Beldia  PC
No video found for Kono Subarashii Sekai ni Shukufuku wo! Kono Yokubukai Game ni Shinpan wo!  Vita
No video found for Kono Subarashii Sekai ni Shukufuku wo! in the life!  PC
No video found for Kono Subarashii Sekai ni Syukufuku wo!  Vita
No video found for Kono Subarashii Sekai ni Syukufuku wo! Plus  Switch
No video found for Kono Uta ga Owattara  When This Song is Over  Vita
No video found for KonoSuba  Fantastic Days  Mobile
No video found for KonoSuba  Fantastic Days  Mobile
No video found for KonoSuba  God's Blessing on this Wonderful World! Love for this Tempting Attire  Switch
No video found for Konohana  True Report  Dreamcast
No video found for Konohana 2  Todokanai Requiem  Dreamcast
No video found for Konohana 2  Todoke Kanai Requiem  PS2
No video found for Konohana 3  Itsuwari no Kage no Mukou ni  PS2
No video found for Konohana 4  Yami wo Harau Inori  PS2
No video found for Konohana Pack  3tsu no Jikenbo  PS2
No video found for Kore Gang, The  Wii
No video found for Kororinpa  Marble Mania   Wii
No video found for Koroshiya to Strawberry  Vita
No video found for Koroshiya to Strawberry Plus  Switch
No video found for Kosmonavtes  Academy Escape  Switch
No video found for Kotoba no Puzzle  Mojipittan Encore  Switch
No video found for Kotoba no Puzzle  Mojipittan Encore Trial Version  Switch
No video found for Kotodama  The 7 Mysteries of Fujisawa  Switch
No video found for Kotori Love ExP  PC
No video found for Kou Rate Ura Mahjong Retsuden Mukoubuchi  Goburei, Last desu ne  PS2
No video found for KouKyouSei Million Arthur  Mobile
No video found for Kouchuu Ouja Mushi King  Super Collection  DS
No video found for Koumajou Remilia II  Stranger's Requiem  Switch
No video found for Koumajou Remilia Scarlet Symphony  Switch
No video found for Kousoku Kidoutai  World Super Police   PS2
No video found for Koutetsu Reiiki  Steeldom  PS1
No video found for Koutetsu Reiiki Steeldom  Saturn
No video found for Kovox Pitch  Switch
No video found for Kowloon HighSchool Chronicle  Switch
No video found for Krai Mira  PC
No video found for Kraino Origins  Switch
No video found for Kraken VR   PC
No video found for Krater  PC
No video found for Krinkle Krusher  Vita
No video found for Kromaia  PC
No video found for Krut  The Mythic Wings  Switch
No video found for Kud Wafter  Converted Edition  Vita
No video found for Kujibiki Unbalance  PS2
No video found for Kujiragami no Tearstilla  PC
No video found for Kujiragami no Tearstilla  Vita
No video found for Kuma Uta  PS2
No video found for Kumamon Run   Switch
No video found for Kumitate Battle  Kuttu Ketto  Saturn
No video found for Kung Fu FIGHT!  Wii U
No video found for Kung Fu Panda  Legendary Warriors  Wii
No video found for Kung Fu Panda 2  PS3
No video found for Kung Fu Panda 2  Xbox 360
No video found for Kung Fu Rabbit  Wii U
No video found for Kung Fu Rabbit  Vita
No video found for Kung Fu Rider  PS3
No video found for Kung Fu Strike  The Warriors Rise  PC
No video found for Kung Fury  Street Rage  PC
No video found for Kung Fury  Street Rage  Vita
No video found for Kung Fury  Street Rage  Ultimate Edition  Switch
No video found for Kung Zhu   DS
No video found for KungFu Fighting  PS2
No video found for Kuniokun  The World Classics Collection  Switch
No video found for Kuniokun no Sangokushi dayo  Zeiin Shuugou!  Switch
No video found for Kuon  PS2
No video found for Kuon no Kizuna  PS1
No video found for Kuon no Kizuna  Sairinsho  PS2
No video found for Kuon no Kizuna  Sairinshou  Dreamcast
No video found for Kurayami no Hate de Kimi o Matsu  DS
No video found for Kurenai no Homura  Sanada Ninpou Chou  Vita
No video found for Kurogane Kaikitan  Senya Ichiya  Vita
No video found for Kurogane no Houkou  Warship Commander  PS2
No video found for Kurokishi to Shiro no Maou  Mobile
No video found for Kuroko no Basket  Kiseke no Shiai  PSP
No video found for Kurt Warner's Arena Football Unleashed  PS1
No video found for Kurtzpel  PC
No video found for KuruKuru MaruMaru  PS1
No video found for Kurubushi Kyoudai Gekijo Daiikkan  Mahjonghen  Saturn
No video found for Kururin Pa!  Saturn
No video found for Kusari  PC
No video found for Kuusou Kagaku Sekai  Gulliver Boy  PC Engine
No video found for Kwaidan  Azuma Manor Story   Switch
No video found for Kynseed  PC
No video found for Kyorochan no Purikura Daisakusen  PS1
No video found for Kyoto Colorful Days  PC
No video found for Kyoto Kotoba RPG  Kotodaman  Mobile
No video found for Kyoufu Shinbun HeiseiHan Kaiki! Shinrei File  PS2
No video found for Kyoukai no Shirayuki  Vita
No video found for Kyurinaga's Revenge  PC
No video found for Kyuuketsu Kitan Moonties  PS2
No video found for L no Kisetsu 2  Invisible Memories  PS2
No video found for L O L  Lack of Love  Dreamcast
No video found for LOL Surprise! Remix  We Rule the World  Switch
No video found for L@ve Once  Mermaid's Tears  PS3
No video found for LA COPS  PS4
No video found for LASERPITIUM  Switch
No video found for LAST HUNT, THE  PC
No video found for LASTFIGHT  PC
No video found for LASTFIGHT  Switch
No video found for LEGIONCRAFT  PC
No video found for LEGO  Lord of the Rings  Mobile
No video found for LEGO BOOST  PC
No video found for LEGO Brawls  Switch
No video found for LEGO Creator  Harry Potter and the Chamber of Secrets  PC
No video found for LEGO DC Super Villains  PC
No video found for LEGO Dimensions  Wii U
No video found for LEGO Dimensions   Wii U
No video found for LEGO Harry Potter  Years 14  PS3
No video found for LEGO Harry Potter  Years 57  3DS
No video found for LEGO Island  PC
No video found for LEGO Jurassic World  PC
No video found for LEGO Jurassic World  PS4
No video found for LEGO Marvel Super Heroes  PS3
No video found for LEGO Marvel Super Heroes  Universe in Peril  Mobile
No video found for LEGO Rock Band  DS
No video found for LEGO Rock Raiders  PS1
No video found for LEGO Speed Champions  Mobile
No video found for LEGO Star Wars  PS2
No video found for LEGO Star Wars  The Force Awakens  Wii U
No video found for LEGO Star Wars  The Force Awakens  PS4
No video found for LEGO Star Wars  The Skywalker Saga  PC
No video found for LEGO Star Wars  The Skywalker Saga  PS5
No video found for LEGO Super Mario  Mobile
No video found for LEGO The Incredibles  PC
No video found for LEGO Worlds Monster Pack  PC
No video found for LEGRAND LEGACY  Tale of the Fatebounds  PC
No video found for LINE  Disney Tsum Tsum  Mobile
No video found for LINE Pokopang  Mobile
No video found for LINE Rangers  Mobile
No video found for LISA  PC
No video found for LISA the Joyful  PC
No video found for LOOPERS  Switch
No video found for LOR League of Runners  PC
No video found for LOST  The Video Game  Mobile
No video found for LOST EPIC  Switch
No video found for LOST SPHEAR Demo  Switch
No video found for LOVE QUIZ  Koisuru Shoujo no Final Answer  Vita
No video found for LSD  Dream Emulator  PS1
No video found for LUNA The Shadow Dust  PC
No video found for La Pucelle Tactics   PS2
No video found for LaMulana  Switch
No video found for LaMulana   PC
No video found for LaMulana 2  PC
No video found for LaMulana 2  Switch
No video found for LaTale  Yumeiro Fantasy  Mobile
No video found for Labyrinth of Zangetsu   Switch
No video found for Labyronia RPG 2  PC
No video found for Lagsters  PC
No video found for LaidBack Camp  Virtual  Fumoto Campsite  PC
No video found for LaidBack Camp  Virtual  Lake Motosu  PC
No video found for Lake Masters Pro Dreamcast Plus!  Dreamcast
No video found for Lalaloopsy  Carnival of Friends  3DS
No video found for Lalaloopsy  Carnival of Friends  DS
No video found for Lamento Beyond the Void  PC
No video found for Landinar  Into the Void  PC
No video found for Langrisser  Hikari no Matsuei  PC Engine
No video found for Langrisser Dramatic Edition  Saturn
No video found for Langrisser I & II Demo  Switch
No video found for Langrisser III  Saturn
No video found for Langrisser IV  Saturn
No video found for Langrisser Millenium  Dreamcast
No video found for Langrisser V  The End of Legend  Saturn
No video found for Language Of Love, The  Switch
No video found for Lanota  Mobile
No video found for Lantern Forge  PC
No video found for Laplace no Ma  PC Engine
No video found for Lara Croft GO  Mobile
No video found for Lara Croft GO  Vita
No video found for Lara Croft Relic Run  Mobile
No video found for Larva Mortus  PC
No video found for Laser Blaster  Wii U
No video found for Laser Disco Defenders  Vita
No video found for Laser Disco Defenders  PS4
No video found for Laser Kitty Pow Pow  Switch
No video found for Last Berserker Endless War  PC
No video found for Last Blade 2, The  Heart of the Samurai   Dreamcast
No video found for Last Blade 2, The   Neo Geo CD
No video found for Last Blade 2, The   Vita
No video found for Last Blade, The   Neo Geo CD
No video found for Last Bronx  Saturn
No video found for Last Campfire, The  Switch
No video found for Last Cargo, The  PC
No video found for Last Cloudia  Mobile
No video found for Last Days of Tascaria  PC
No video found for Last Dream  PC
No video found for Last Escort  Club Katze  PS2
No video found for Last Escort 2  Shinya no Amai Toge  PS2
No video found for Last Evil  PC
No video found for Last Express, The  PC
No video found for Last Express, The  PC
No video found for Last Express, The  PC
No video found for Last Friend, The  Switch
No video found for Last Gladiators  Digital Pinball  Saturn
No video found for Last Hex, The  PC
No video found for Last Inua  PC
No video found for Last Period Owarinaki Rasen no Monogatari  Mobile
No video found for Last Remnant, The  PC
No video found for Last Remnant, The  Mobile
No video found for Last Tinker, The  City of Colors  PC
No video found for Last Wings  Vita
No video found for LawBreakers  PS4
No video found for Layton Brothers  Mystery Room  Mobile
No video found for Layton Brothers  Mystery Room  Mobile
No video found for Layton's Mystery Journey  Katrielle and The Millionaire's Conspiracy  Mobile
No video found for Layton's Mystery Journey  Katrielle and The Millionaire's Conspiracy   3DS
No video found for Layton's Mystery Journey  Katrielle to Daifugou no Inbou DX  Switch
No video found for Le Concert ff  PS1
No video found for Le Concert pp  PS1
No video found for Leaf  PC
No video found for League Bowling  Neo Geo CD
No video found for League of Evil  Switch
No video found for League of Evil  Vita
No video found for Leanna's Slice of Life  PC
No video found for Learn Math   DS
No video found for Leave Me Alone  Mobile
No video found for Led It Rain  PC
No video found for Leedmees  Xbox 360
No video found for Left to Die in Zombhai  PSP
No video found for Legacy 2  The Ancient Curse  Mobile
No video found for Legaia 2  Duel Saga   PS2
No video found for Legend Bowl  Switch
No video found for Legend of Arcadieu Bundle  Switch
No video found for Legend of Bumbo, The  Switch
No video found for Legend of Dark Witch 3, The  Wisdom and Lunacy   3DS
No video found for Legend of Dark Witch, The   Switch
No video found for Legend of Fainn Dynasty  Battles of Beautiful Warlords  PC
No video found for Legend of Grimrock  PC
No video found for Legend of Grimrock 2  PC
No video found for Legend of Gwen, The  Switch
No video found for Legend of Heroes  Trails of Cold Steel III, The   Switch
No video found for Legend of Heroes  Trails of Cold Steel IV, The   Switch
No video found for Legend of Heroes I & II, The  Eiyuu Densetsu  Saturn
No video found for Legend of Heroes II, The  Prophecy of the Moonlight Witch   PSP
No video found for Legend of Heroes III, The  Shiroki Majo  Mouhitotsu no Eiyuutachi no  PS1
No video found for Legend of Heroes III, The  Song of the Ocean   PSP
No video found for Legend of Heroes IV, The  Akai Shizuku  PS1
No video found for Legend of Heroes, The  A Tear of Vermillion   PSP
No video found for Legend of Heroes, The  Ao no Kiseki Kai  PC
No video found for Legend of Heroes, The  Trails from Zero   PS4
No video found for Legend of Heroes, The  Trails of Cold Steel II   PS4
No video found for Legend of Heroes, The  Trails of Cold Steel II   PS3
No video found for Legend of Heroes, The  Trails of Cold Steel II   Vita
No video found for Legend of Heroes, The  Trails of Cold Steel III   PS4
No video found for Legend of Heroes, The  Trails of Cold Steel IV   PS4
No video found for Legend of Heroes, The  Trails of Cold Steel   PS4
No video found for Legend of Heroes, The  Trails of Cold Steel   PS3
No video found for Legend of Heroes, The  Trails of Cold Steel   Vita
No video found for Legend of Ixtona   Switch
No video found for Legend of Kay  DS
No video found for Legend of Luca, A  PC
No video found for Legend of Mana Remastered  Mobile
No video found for Legend of Mana   PS1
No video found for Legend of Nayuta, The  Boundless Trails   Switch
No video found for Legend of Nayuta, The  Boundless Trails    PS4
No video found for Legend of Shadow, The  Mask of the Force  Switch
No video found for Legend of Spyro, The  A New Beginning  GameCube
No video found for Legend of Zelda  Skyward Sword HD, The   Switch
No video found for Legend of Zelda, The  Collector's Edition  GameCube
No video found for Legend of Zelda, The  Four Swords Adventures   GameCube
No video found for Legend of Zelda, The  Ocarina of Time & Master Quest  GameCube
No video found for Legend of Zelda, The  The Wind Waker HD   Wii U
No video found for Legend of the Dragonflame Highschool Collection, The  Switch
No video found for Legend of the Skyfish  Switch
No video found for Legends of Aethereus  PC
No video found for Legends of Ellaria  PC
No video found for Legends of Pegasus  PC
No video found for Legends of Talia  Arcadia   Switch
No video found for Legends of Valour  FM Towns
No video found for Legends of Wrestlemania  PS3
No video found for Legends of Wrestling  GameCube
No video found for Legendz Gekitou! Saga Battle  PS2
No video found for Legionwood 2  Rise of the Eternal's Realm  PC
No video found for Lego Fusion Create and Race  Mobile
No video found for Lego Movie Videogame, The  PS3
No video found for Lego Rock Raiders  PS1
No video found for Lego Universe  PC
No video found for Leisure Suit Larry  Wet Dreams Don't Dry  Switch
No video found for Lemegeton  Mobile
No video found for Lemony Snicket's A Series of Unfortunate Events  Xbox
No video found for Lemony Snicket's A Series of Unfortunate Events  PC
No video found for Lemony Snicket's A Series of Unfortunate Events  PC
No video found for Len'en 01 Mugenri ~ Evanescent Existence  PC
No video found for Len'en 02 Tasouken ~ Earthen Miraculous Sword  PC
No video found for Len'en 03 Reiretsuden ~ Reactivate Majestical Imperial  PC
No video found for Len'en 04 Ten'eisenki ~ Brilliant Pagoda or Haze Castle  PC
No video found for Leo's Fortune  HD Edition  PC
No video found for Leps World 2 HD Plus  Mobile
No video found for Lernerfolg Grundschule  Englisch  Klasse 14  DS
No video found for Let's Dance   Xbox 360
No video found for Let's Golf  PSP
No video found for Let's Golf 2 HD  Mobile
No video found for Let's Golf 3  Mobile
No video found for Let's Golf!  Mobile
No video found for Let's Play Curling !!   Switch
No video found for Let's Ride  Friends Forever   DS
No video found for Let's Ride!  Friends Forever  GBA
No video found for Let's Tap  Wii
No video found for Lethal Company  PC
No video found for Lethe  Mobile
No video found for Letter League   PC
No video found for Letter Quest  Grimm's Journey Remastered  PC
No video found for Letter Quest  Grimm's Journey Remastered  Vita
No video found for Letter Quest  Remastered  Wii U
No video found for Letter, The  Wii U
No video found for Letter, The  A Horror Visual Novel  Switch
No video found for Level 22  Wii U
No video found for Level 22  Vita
No video found for Levelhead  PC
No video found for Levels+  Addictive Puzzle Game  Switch
No video found for Leviathan  The Last Day of the Decade  PC
No video found for Leviathan Starblade  PC
No video found for Leviathan Warships  Mobile
No video found for Lew Pulsipher's Doomstar  PC
No video found for LiEat  Switch
No video found for Liblade  PC
No video found for Libra of the Vampire Princess  PC
No video found for Lichdom  Battlemage  PC
No video found for Licky the Lucky Lizard Lives Again  Vita
No video found for Liege Dragon   Switch
No video found for Life is Strange  Before the Storm  Episode 2  Brave New World  PC
No video found for Life is Strange  Before the Storm  Episode 4  Farewell  PC
No video found for Life is Strange  True Colors  PC
No video found for Life is Strange 2  Episode 3  Wastelands  PC
No video found for Life is Strange 2  Episode 5  Wolves  PC
No video found for Life of Pixel  Wii U
No video found for Lifeline   PS2
No video found for Lifespeed  3DS
No video found for Light Apprentice  The Comic Book RPG Volume 1  PC
No video found for Light Bound  PC
No video found for Light Fairytale Episode 1  PC
No video found for Light Fall  Lost Worlds Edition  PC
No video found for Light Tracer  PC
No video found for Lightfield  HYPER Edition  PC
No video found for Lightning Legend  Daigo no Daibouken  PS1
No video found for Lightning Legend Daigo no Daibouken  PS1
No video found for Lightning War  PC
No video found for Like Life Hyouko Ban  PC
No video found for Lilly and Sasha 1  Curse of the Immortals  PC
No video found for Lilly and Sasha 2  Nexus of Souls  PC
No video found for Lilly and Sasha 3  Guardian Angels  PC
No video found for Lilo & Stitch Hawaiian Adventure  PC
No video found for Lilo & Stitch   PS1
No video found for Lilo & Stitch   PS1
No video found for Limbo  Xbox 360
No video found for Linda^3  Saturn
No video found for Lineage  The Blood Pledge  PC
No video found for Lineage II  PC
No video found for Lines Free by Nestor Yavorskyy  PC
No video found for Lines Infinite  Switch
No video found for Ling Rise  PS1
No video found for Linger In Shadows  PS3
No video found for Link  The Faces of Evil  Other systems
No video found for Link  The Unleashed Nexus  PC
No video found for Link Picture LinkaPix  3DS
No video found for Linker Bell Academia  Rakudai Majo to Himitsu no Gishiki  PC
No video found for Linkin Park Recharge  Mobile
No video found for Linkle Liver Story  Saturn
No video found for Lionel Trains Presents TransCon!  PC
No video found for Little Anchor  PS2
No video found for Little Big Adventure   PS1
No video found for Little Bit Evil  Mobile
No video found for Little Bug  PC
No video found for Little Busters! Converted Edition  Vita
No video found for Little Busters! Converted Edition  Switch
No video found for Little Dragons Cafe   Switch
No video found for Little Hole  Ore no Musume ga Konna ni  na Hazu ga Nai  PC
No video found for Little Lords of Twilight  PC
No video found for Little Mermaid II, The  PS1
No video found for Little Mermaid II, The  PS1
No video found for Little Princess  Marl Oukoku no Ningyou Hime 2  PS1
No video found for Little Racer  Switch
No video found for Little Red Lie  Vita
No video found for Little Town Hero  Switch
No video found for Little Town Hero  PS4
No video found for Little Twins  Sugu ni Toriko ni Shite Ageru  PC
No video found for Little Wingels  DS
No video found for Little Witch Academia  Chamber of Time  PC
No video found for Little Witch Academia  Chamber of Time   PS4
No video found for Little Witch Nobeta  PC
No video found for LittleBigPlanet 3  PS4
No video found for LittleBigPlanet PS Vita  Vita
No video found for LittleBigPlanet PSVita  Marvel Super Hero Edition  Vita
No video found for LittleBigPlanet   PSP
No video found for Loca Love  Dousei x Kouhai  PC
No video found for Lock 'n Load Tactical Digital  PC
No video found for Lock's Quest  PC
No video found for Loco Mania  PC
No video found for Loco Motive  PC
No video found for LocoRoco 2  PSP
No video found for LocoRoco 2  PSP
No video found for Lode Runner  The Legend Returns  Saturn
No video found for Lode Runner Extra  Saturn
No video found for Lode Runner Legacy  Switch
No video found for Lodoss Tou Senki  Eiyuu Sensou  Mega Drive
No video found for Lodoss Tou Senki II  PC Engine
No video found for Logiart Grimoire  PC
No video found for Logic Puzzle Rainbow Town  Saturn
No video found for Lola's ABC Party   3DS
No video found for LonQ! Highland in DS  Pu Pu Seijin Arawaru!!  Shukketsu Dai Service! Onara no Saiten SP  DS
No video found for Lone Chameleon, The  PC
No video found for Lone Ruin  Switch
No video found for Lone Survivor  The Director's Cut  Vita
No video found for Lone Survivor  The Director's Cut  Wii U
No video found for Long Gone Days  PC
No video found for Long Reach, The  Vita
No video found for Looney Tunes  Back in Action  GameCube
No video found for Looney Tunes  Duck Amuck  DS
No video found for Looney Tunes  Galactic Sports  Vita
No video found for Looney Tunes  Sheep Raider   PC
No video found for Looney Tunes  Sheep Raider   PS1
No video found for Looney Tunes  Space Race  Dreamcast
No video found for Looney Tunes  Space Race  PS2
No video found for Looney Tunes  World of Mayhem  Mobile
No video found for Looney Tunes  World of Mayhem  Mobile
No video found for Loons  The Fight For Fame  Xbox
No video found for Loop Hero  PC
No video found for Loop8  Summer of Gods  Switch
No video found for Loopers  PC
No video found for Loopop Cube  Loop Salad DS  DS
No video found for Loops of Zen  PC
No video found for LootLite  Switch
No video found for Lootbox  Mobile
No video found for Looterkings  PC
No video found for Lord Monarch  Shin Gaia Oukokuki  PS1
No video found for Lord of Heroes  Mobile
No video found for Lord of the Rings  War in the North  PC
No video found for Lord of the Rings, The  The Fellowship of the Ring  Xbox
No video found for Lords of Discord  Mobile
No video found for Lords of Everquest  PC
No video found for Lords of Exile  Switch
No video found for Lords of the Earth Flame, The  PC
No video found for Lords of the Fallen  PC
No video found for Lords of the Realm III  PC
No video found for Lost Archive  Mobile
No video found for Lost Child  PC
No video found for Lost Child, The  Vita
No video found for Lost Dimension  PS3
No video found for Lost Dimension  Vita
No video found for Lost God  PC
No video found for Lost Identities   DS
No video found for Lost Judgment   PS4
No video found for Lost Letters of Seraphina  PC
No video found for Lost Planet 2  PC
No video found for Lost Planet 3  PC
No video found for Lost Planet 3  Xbox 360
No video found for Lost Snowmen  Switch
No video found for Lost Sphear  Switch
No video found for Lost Sphear  PC
No video found for Lost Words  Beyond the Page  PC
No video found for Lost in Harmony  Mobile
No video found for Lost in Shadow   Wii
No video found for LostWinds 2 Winter of the Melodias  Wii
No video found for LostWinds  Wii
No video found for Louisiana  Das Geheimnis der Suempfe  PC
No video found for Love Clear  PS4
No video found for Love Doll  Lovely Idol  PS2
No video found for Love Game's  Wai Wai Tennis Plus  PS1
No video found for Love Hina  Smile Again  Dreamcast
No video found for Love Hina  Totsuzen no Engage Happening  Dreamcast
No video found for Love Hina Gorgeous  Chiratto Happening!!  PS2
No video found for Love Live! School Idol Festival  Mobile
No video found for Love Live! School Idol Festival ALL STARS  Mobile
No video found for Love Live! School Idol Paradise Vol 13  Vita
No video found for Love Live! School idol festival 2 MIRACLE LIVE!  Mobile
No video found for Love Pop!  Switch
No video found for Love Smash! 5  Tennis Robo no Hanran  PS2
No video found for Love Songs  Idol ga Classmate  PS2
No video found for Love Tore  Sweet Version  Xbox 360
No video found for Love of Ren'ai Koutei of LOVE!  Vita
No video found for Love or Loved  A Bullet For My Valentine  PC
No video found for LoveCom  Punch de Court  PS2
No video found for LoveKami Divinity Stage  PC
No video found for Lovekami  Useless Goddess  Switch
No video found for Lovely x Cation  PC
No video found for Lovely x Cation 1 & 2  Vita
No video found for Lover Pretend   Switch
No video found for Lovers in a Dangerous Spacetime  PC
No video found for Love★Works  PC
No video found for Low Magic Age  PC
No video found for Lower Your Score with Tom Kite  Shot Making   3DO
No video found for Lowglow  PC
No video found for Loyalty and Blood Viktor Origins  PC
No video found for Lucadian Chronicles  Wii U
No video found for Lucah  Born of a Dream  PC
No video found for Lucha Fury  Xbox 360
No video found for Lucian Bee's  Evil Violet  PS2
No video found for Lucian Bee's  Resurrection Supernova  PS2
No video found for Lucian Bee's  Resurrection Supernova  PSP
No video found for Lucid9  Inciting Incident  PC
No video found for Lucienne's Quest   3DO
No video found for Lucius  Demake  Mobile
No video found for Lucius II  The Prophecy  PC
No video found for Lucius III  PC
No video found for Lucky Luke & The Daltons  3DS
No video found for Lucky Star  Moe Drill  DS
No video found for Lucy The Eternity She Wished For  PC
No video found for Luftrausers  PC
No video found for Luftrausers  PS3
No video found for Luftrausers  Mobile
No video found for Luigi's Mansion  Dark Moon   3DS
No video found for Luigi's Mansion 3  Switch
No video found for Lullaby Days  PC
No video found for LumbearJack  Switch
No video found for Lumberhill  Switch
No video found for Lumines II  PSP
No video found for Lumines Puzzle & Music  Mobile
No video found for Lumines Remastered  PC
No video found for Lumines Remastered  Switch
No video found for Lumines Touch Fusion  Mobile
No video found for Lumines   PSP
No video found for Luminous Arc Infinity  Vita
No video found for Lumo  PC
No video found for Lumo  Vita
No video found for Lumote  The Mastermote Chronicles  Switch
No video found for Luna & Monsters Tower Defense  The deprived magical kingdom  Switch
No video found for Luna Sanctus  PC
No video found for Lunaria Virtualized Moonchild  PC
No video found for Lunark  Switch
No video found for Lunatic Dawn FX  PC Engine
No video found for Lunistice  PC
No video found for Lupin Sansei  Columbus no Isan wa Ake ni Somaru  PS2
No video found for Lupin the 3rd Chronicles  Saturn
No video found for Lupin the Third  Lupin ni wa Shi wo, Zenigata ni wa Koi o  PS2
No video found for Lupinball  PC
No video found for Luv Me Buddies Wonderland  3DS
No video found for LuxPain  DS
No video found for Luxor  3DS
No video found for Luxor  Amun Rising  PC
No video found for Luxor  Pharaoh's Challenge  Wii
No video found for Luxor  Quest for the Afterlife  PC
No video found for Luxor 2  PC
No video found for Luxor 3  Wii
No video found for Luxor 3  PC
No video found for Luxor Evolved  PC
No video found for Luxor Mahjong  PC
No video found for Luxor Solitaire  PC
No video found for Luxuria Superbia  PC
No video found for Lynn The Girl Drawn On Puzzles  Switch
No video found for Lyrica  Switch
No video found for Lyrica2  Stars Align  Switch
No video found for M&M's Beach Party  Wii
No video found for M&Ms Adventure  Wii
No video found for MACE  PC
No video found for M3  Sono Kuroki Hagane  Mission Memento Mori  Vita
No video found for MAD  Global Thermonuclear Warfare  PC
No video found for MAG   PS3
No video found for MAGICALxSPIRAL  PC
No video found for MC Groovz Dance Craze  GameCube
No video found for MDK 2  Dreamcast
No video found for MDK 2  Armageddon  PS2
No video found for MECHBLAZE  PC
No video found for MEGAMAN ZX PREQUEL v1114   PC
No video found for METAGAL  Vita
No video found for METAGAL  Switch
No video found for METAL DOGS  Switch
No video found for METRO QUESTER  Switch
No video found for MGG  Manic Game Girl  PS1
No video found for MINIGAMES MADNESS VOLUME #1  HELLO WORLD!  Wii U
No video found for MISSING, THE  JJ Macfield and the Island of Memories  PC
No video found for MLB 07  The Show  PSP
No video found for MOE Can Change!  Mobile
No video found for MOTHERGUNSHIP  PC
No video found for MOTORM4X  Offroad Extreme  PC
No video found for MTV Music Generator 3  This Is the Remix  Xbox
No video found for MTV Sports  Skateboarding  Dreamcast
No video found for MUD  FIM Motocross World Championship  PC
No video found for MUD  FIM Motocross World Championship  Xbox 360
No video found for MUD  FIM Motocross World Championship  Vita
No video found for MUSICUS!  PC
No video found for MVP Baseball  PSP
No video found for MX 2002 featuring Ricky Carmichael  Xbox
No video found for MX Nitro  Unleashed  Switch
No video found for MX SuperFly  Xbox
No video found for MX SuperFly featuring Ricky Carmichael Pacific Coast Power & Light) GameCube
No video found for MX Unleashed  Xbox
No video found for MX vs ATV  Untamed  PS3
No video found for MX vs ATV Alive  Xbox 360
No video found for MX vs ATV Reflex  PC
No video found for MX vs ATV Unleashed  PS2
No video found for MX vs ATV Unleashed  PC
No video found for MX vs ATV Untamed  PS2
No video found for MX vs ATV Untamed  Wii
No video found for MXGP  The Official Motocross Videogame  Vita
No video found for MY HERO ULTRA RUMBLE  PC
No video found for MaGi  Marginal  Dreamcast
No video found for Mabino Style  PS2
No video found for Mable & the Wood  Switch
No video found for Mable and the Wood  PC
No video found for Maboroshi Tsukiyo  Dreamcast
No video found for Maboroshi no Black Bass  Saturn
No video found for MacGuffin's Curse  Switch
No video found for Mace Griffin  Bounty Hunter  Xbox
No video found for Mace and Grace  PC
No video found for Machina of the Planet Tree Planet Ruler  PC
No video found for Machine Gun Train Run  PC
No video found for Machine Head   Saturn
No video found for Macross Delta Scramble  Vita
No video found for Macross M3  Dreamcast
No video found for Mad Age & This Guy  PC
No video found for Mad Bullets  Switch
No video found for Mad Dash Racing  Xbox
No video found for MadOut2 BigCityOnline  PC
No video found for MadWorld  Wii
No video found for Madagascar  PC
No video found for Madagascar  Escape 2 Africa  PC
No video found for Madagascar  Escape 2 Africa  PS2
No video found for Madagascar  Escape 2 Africa  Wii
No video found for Madagascar 3  The Video Game   3DS
No video found for Madagascar 3  The Video Game   DS
No video found for Madagascar 3 The Video Game  PS3
No video found for Madagascar 3 The Video Game  Wii
No video found for Madagascar Island Mania  PC
No video found for Madagascar Kartz  PS3
No video found for Madagascar Kartz  Wii
No video found for Madagascar Kartz  Xbox 360
No video found for Madballs in Babo  Invasion  PC
No video found for Madden NFL 06  Xbox
No video found for Madden NFL 06  PSP
No video found for Madden NFL 07  Xbox
No video found for Madden NFL 07  Xbox
No video found for Madden NFL 07  PSP
No video found for Madden NFL 08  PSP
No video found for Madden NFL 08  Xbox
No video found for Madden NFL 09  PSP
No video found for Madden NFL 09  Xbox
No video found for Madden NFL 10  PSP
No video found for Madden NFL 11  Wii
No video found for Madden NFL 11  Mobile
No video found for Madden NFL 12  Wii
No video found for Madden NFL 97  PC
No video found for Madden NFL 98  PC
No video found for Madden NFL Football  3DS
No video found for Madohi Shiroki no Kamikakushi  PC
No video found for Madoris R  Switch
No video found for Madou Koukaku ~Yami no Tsuki Megami wa Doukoku de Utau~  PC
No video found for Madou Monogatari I  Honoo no Sotsuenko  PC Engine
No video found for Maelstrom  PC
No video found for MagForce Racing  Dreamcast
No video found for Magatsu Barai  Switch
No video found for Magatsu Wahrheit  Mobile
No video found for Magazine Mogul   Switch
No video found for Mage Gauntlet  Mobile
No video found for Mage's Initiation  Reign of the Elements  PC
No video found for Magebane 2  PC
No video found for Magebuster  Amorous Augury  PC
No video found for Maggie's Apartment  PC
No video found for Magi  Aratanaru Sekai  3DS
No video found for Magi  Hajimari no Meikyuu  3DS
No video found for Magi Death Fight  Mahou Gakuen  Xbox
No video found for MagiCat  PC
No video found for Magic & Mayhem  PC
No video found for Magic & Mayhem 2  The Art of Magic  PC
No video found for Magic  Duels of the Planeswalkers 2013  PC
No video found for Magic  The Gathering  Dreamcast
No video found for Magic  The Gathering  Duels of the Planeswalkers  Mobile
No video found for Magic Flute by Mozart  Mobile
No video found for Magic Knight Rayearth  Saturn
No video found for Magic Nightmare, The  Mobile
No video found for Magic Orbz  PS3
No video found for Magic Pengel  The Quest for Color   PS2
No video found for Magic Scroll Tactics  PC
No video found for Magic The Gathering  Duels of the Planeswalkers 2012  Xbox 360
No video found for Magic The Gathering  Duels of the Planeswalkers 2013  Xbox 360
No video found for Magic The Gathering  Duels of the Planeswalkers  Xbox 360
No video found for Magic Twins  Switch
No video found for Magic and Slash  Riru's Sexy Grand Adventure  PC
No video found for MagicMaker  PC
No video found for Magical Battle Arena Complete Form  PC
No video found for Magical Date  DokiDoki Kokuhaku Daisakusen  PS1
No video found for Magical Dinosaur Tour   PC Engine
No video found for Magical Drop 3  Toretate Zoukangou!  Saturn
No video found for Magical Drop VI  Switch
No video found for Magical High School Girl, A  Mobile
No video found for Magical Marriage Lunatics  PC
No video found for Magical Tale  PC
No video found for Magician Lord  Neo Geo CD
No video found for Magicite  PC
No video found for Magicka  Mobile
No video found for Magicka  Wizards of the Square Tablet  Mobile
No video found for Magicka 2  Gates of Midgaard  PC
No video found for Magicoal  PC Engine
No video found for Maglam Lord  Switch
No video found for Magnetic by Nature  PC
No video found for Magnifico  PC
No video found for Magrunner  Dark Pulse  PC
No video found for Magrunner  Dark Pulse  Xbox 360
No video found for Magus Tale Infinity  PC
No video found for Mahjong  Wii U
No video found for Mahjong  Eine Reise um die Welt  DS
No video found for Mahjong Carnival  Vita
No video found for Mahjong Doukyuusei Special  Saturn
No video found for Mahjong Fight Club  PSP
No video found for Mahjong Gokuu Taisei  PS2
No video found for Mahjong Gokuu Tenjiku  Saturn
No video found for Mahjong Gokuu Tenjiku  PC Engine
No video found for Mahjong Hiryuu Densetsu  Tenpai  PS2
No video found for Mahjong Hyper Reaction R  Saturn
No video found for Mahjong Kaigan Monogatari  Mahjongkyou Jidai Sexy Idolhen  Saturn
No video found for Mahjong Lemon Angel  PC Engine
No video found for Mahjong Mysteries  Ancient Athena  3DS
No video found for Mahjong Royal Towers  Vita
No video found for Mahjong Sengen  Saken de Ron  PS2
No video found for Mahjong Sword  Princess Quest Gaiden  PC Engine
No video found for Mahjong Taikai II Special  Saturn
No video found for Mahjong Taikai II Special  Dreamcast
No video found for Mahjong Vanilla Syndrome  PC Engine
No video found for Mahjong World Contest  Vita
No video found for Mahjongkyou Retsuden  Nishi Nihonhen  Neo Geo CD
No video found for Mahjongg Connect!  PC
No video found for Mahluk  Dark Demon  PC
No video found for Mahoromatic  Moetto  KiraKira MaidSan  PS2
No video found for Mahou Sensei Negima! 2Jikanme ~Tatakau Otometachi! Mahora Daiundokai SP!~  PS2
No video found for Mahou Sensei Negima! NeoPactio Fight!!  Wii
No video found for Mahou no Shoujo  Silky Lip  Mega Drive
No video found for Mahou to H no Kankei  PC
No video found for Mahouka Koukou no Rettousei  Out of Order  Vita
No video found for Mai Rental  PC
No video found for Mai x Mai  Sunao ni Narenai Imoutotachi to no Ecchi na Kyoudou Seikatsu  PC
No video found for MaiHiME  Unmei no Keitouju  PS2
No video found for Majesty  The Fantasy Kingdom Sim  PC
No video found for Majesty 2  PC
No video found for Maji de Watashi ni Koishinasai! A1  PC
No video found for Maji de Watashi ni Koishinasai! A2  PC
No video found for Maji de Watashi ni Koishinasai! A3  PC
No video found for Maji de Watashi ni Koishinasai! A4  PC
No video found for Maji de Watashi ni Koishinasai! A5  PC
No video found for Maji de Watashi ni Koishinasai! S  PC
No video found for Maji de Watashi ni Koishinasai!!  PC
No video found for MajiKyun! Renaissance  Vita
No video found for MajiTan  Maji de Tenshi o Sakutte Mita  Xbox 360
No video found for MajiTen  Maji de Tenshi wo Tsukutte Mita  Xbox 360
No video found for Majin Tantei Nougami Neuro  Battle de Yo!  PS2
No video found for Majin and the Forsaken Kingdom  Xbox 360
No video found for Majin and the Forsaken Kingdom   PS3
No video found for Majo no Ocha Kai  Dreamcast
No video found for Majo no Potion ~ Water Sort Puzzle ~  Switch
No video found for Majokko A La Mode  PS2
No video found for Majokko A La Mode II  PS2
No video found for Majokko de'GO♪GO♪ ~Paul to Mira☆cle Daisakusen~  PC
No video found for Major Dream  Major Wii Nagero! Gyroball!!  Wii
No video found for Makai Kingdom  Chronicles of The Sacred Tome   PS2
No video found for Makai Ouji  Devils and Realist  Dairiou no Hihou  3DS
No video found for Makai Tenshou   PS2
No video found for Maken X  Dreamcast
No video found for Maker's Eden, The  PC
No video found for Making History  The Great War  PC
No video found for Malevolence  The Sword of Ahkranox  PC
No video found for Malicious  PS3
No video found for Mall Tycoon  PC
No video found for Mall Tycoon 2  PC
No video found for Mamono Hunter Youko  Makaikara no Tenkousei  PC Engine
No video found for Mamono Hunter Youko  Tooki Yobigoe  PC Engine
No video found for Mamorukun wa Norowarete Shimatta  Dreamcast
No video found for Mamorukun wa Norowarete Shimatta!  Xbox 360
No video found for Mamorukun wa Norowarete Shimatta! Meikai Katsugeki WideHan  PS3
No video found for Mana Khemia  Alchemists of AlRevis   PS2
No video found for Mana Spark  PC
No video found for Maneki Neko no Koban  PC
No video found for Mangavania  Switch
No video found for Manhole, The  PC Engine
No video found for Manic Carts  PC
No video found for Manx TT SuperBike  Saturn
No video found for Many Faces  Switch
No video found for Many Pieces of MrCoo, The  Switch
No video found for Maou to 100nin no Ohimesama  Mobile
No video found for Maple Colors  PS2
No video found for Maple Story  Cave Crawlers  Mobile
No video found for MapleStory  PC
No video found for Mar Heaven  Arm Fight Dream  PS2
No video found for MarZ  Tactical Base Defense  PC
No video found for Marble It Up!  Switch
No video found for Marble It Up! Ultra  Switch
No video found for Marble Saga  Kororinpa    Wii
No video found for Marc Ecko's Getting Up  Contents Under Pressure  PC
No video found for Marc Ecko's Getting Up  Contents Under Pressure  Xbox
No video found for Marenian Tavern Story  Patty and the Hungry God  PC
No video found for Marginal #4  Idol of Supernova  Vita
No video found for Marginal #4  Road to Galaxy  Vita
No video found for Maria the Witch  Switch
No video found for Marimo VS IAS  Switch
No video found for Mario & Luigi  Bowser's Inside Story + Bowser Jr's Journey   3DS
No video found for Mario & Luigi  Dream Team    3DS
No video found for Mario & Luigi  Superstar Saga + Bowser's Minions  3DS
No video found for Mario & Sonic at the London 2012 Olympic Games   3DS
No video found for Mario & Sonic at the Olympic Games  Tokyo 2020   Switch
No video found for Mario & Sonic at the Rio 2016 Olympic Games  Wii U
No video found for Mario & Sonic at the Rio 2016 Olympic Games   3DS
No video found for Mario & Sonic at the Sochi 2014 Olympic Winter Games  Wii U
No video found for Mario + Rabbids  Kingdom Battle  Switch
No video found for Mario + Rabbids Sparks of Hope   Switch
No video found for Mario Forever   PC
No video found for Mario Forever   PC
No video found for Mario Forever   PC
No video found for Mario Golf  Super Rush  Switch
No video found for Mario Kart 8  Wii U
No video found for Mario Kart Tour  Mobile
No video found for Mario Sports Mix  Wii
No video found for Mario Strikers  Battle League   Switch
No video found for Mario Super Sluggers   Wii
No video found for Mario Superstar Baseball   GameCube
No video found for Mario Tennis Aces  Online Tournament Demo  Switch
No video found for Mario vs Donkey Kong  Switch
No video found for Mario vs Donkey Kong Tipping Stars  Wii U
No video found for Marionette Handler  Dreamcast
No video found for Mark of the Ninja  PC
No video found for Mark of the Ninja  PC
No video found for Marker Man Adventures  DS
No video found for Marl de Jigsaw  PS2
No video found for Marooners  PC
No video found for Marriage Royale  Prism Story  PSP
No video found for Mars  War Logs  PS3
No video found for Marsupilami  Hoobadventure  Switch
No video found for Martial Masters  Other systems
No video found for Marty Thinks 4th Dimensionally  PC
No video found for Marvel Nemesis  Rise of the Imperfects  PSP
No video found for Marvel Super Hero Squad  PSP
No video found for Marvel Super Hero Squad  Wii
No video found for Marvel Super Hero Squad  PS2
No video found for Marvel Super Hero Squad  Comic Combat  Xbox 360
No video found for Marvel Ultimate Alliance  Xbox
No video found for Marvel Ultimate Alliance 2  Xbox 360
No video found for Marvel Ultimate Alliance 3  The Black Order  Switch
No video found for Marvel vs Capcom  Clash of Super Heroes  Dreamcast
No video found for Marvel vs Capcom 2  New Age of Heroes  Dreamcast
No video found for Marvel vs Capcom Origins  PS3
No video found for Marvel's SpiderMan 2  PS5
No video found for Mary Skelter  Nightmares   Vita
No video found for Mary Skelter 2   Switch
No video found for MaryKate and Ashley Sweet 16  Licensed to Drive  GameCube
No video found for Masala Drive  Switch
No video found for Mashiro Iro Symphony  mutsunohana  PSP
No video found for Mashou Denki La Valeur  PC Engine
No video found for Masked Forces  Wii U
No video found for Masked Forces 2  Mystic Demons  PC
No video found for Masky  Switch
No video found for Mass Destruction  PS1
No video found for Mass Destruction   Saturn
No video found for Massive Air Combat  PC
No video found for Master Detective Archives  Rain Code  Switch
No video found for Master Spy  Switch
No video found for Master of Dungeon  Mobile
No video found for Master of Monsters  Neo Generations  Saturn
No video found for MasterSwords  Mobile
No video found for Mastercube  Switch
No video found for Masters  Shin Harukanaru Augusta  PS1
No video found for Masters Harukanaru Augusta 3  3DO
No video found for Mastho is Together  Switch
No video found for Mat Hoffman's Pro BMX 2  Xbox
No video found for Mat Hoffman's Pro BMX 2  GameCube
No video found for Mateki Densetsu Astralius  PC Engine
No video found for MathLand  Switch
No video found for Matrix, The  Path of Neo  PS2
No video found for Matt Hazard  Blood Bath and Beyond  PS3
No video found for Max  The Curse of Brotherhood  PC
No video found for Max Steel  Covert Missions  Dreamcast
No video found for Maximum Pool  PC
No video found for Maximum Pool  Dreamcast
No video found for Mayhem 3D  PS3
No video found for Mayhem Brawler  Switch
No video found for Mayhem in Single Valley  PC
No video found for Maze  Wii U
No video found for Maze Action   PS2
No video found for Maze Blaze  Switch
No video found for Maze Break  Wii U
No video found for MazezaM  Puzzle Game  Switch
No video found for McDROID  PC
No video found for McDROID  Switch
No video found for McFarlane's Evil Prophecy   PS2
No video found for Me Monstar  Hear Me Roar!  PSP
No video found for Mech League Hunting  PC
No video found for Mech Skeleton  PC
No video found for MechAssault  Xbox 360
No video found for MechAssault  Xbox
No video found for MechAssault 2  Lone Wolf  Xbox 360
No video found for MechAssault2  Lone Wolf  Xbox
No video found for MechWarrior 2  Saturn
No video found for MechWarrior 2  31st Century Combat   PS1
No video found for Mecha Ritz  Steel Rondo  PC
No video found for MechaGore  PC
No video found for Mechanic Escape  PC
No video found for Mechanic Master 2  DS
No video found for Mecho Tales  Switch
No video found for Mecho Wars  PSP
No video found for Mechs & Mercs  Black Talons  PC
No video found for Mechs V Kaijus  PC
No video found for Mechstermination Force  Switch
No video found for Mechstermination Force  PC
No video found for Mechwarrior 4 Mercenaries  PC
No video found for Medarot Classics Plus  Switch
No video found for Medical 91  PS2
No video found for Medieval Dynasty  PC
No video found for Medieval Moves  Deadmund's Quest  PS3
No video found for Medievil  Resurrection  PSP
No video found for Meet the Robinsons  PC
No video found for Meet the Robinsons  GameCube
No video found for Meet the Robinsons   Wii
No video found for Mega Man  Network Transmission   GameCube
No video found for Mega Man Anniversary Collection  GameCube
No video found for Mega Man Legacy Collection + Mega Man Legacy Collection 2   Switch
No video found for Mega Man X  Mobile
No video found for Mega Man X  Command Mission   PS2
No video found for Mega Man X  Command Mission   GameCube
No video found for Mega Man X  Command Mission   PS2
No video found for Mega Man X Collection  GameCube
No video found for Mega Man X DiVE Closed Beta Test   Mobile
No video found for Mega Man X DiVE   Mobile
No video found for Mega Man X DiVE   Mobile
No video found for Mega Miracle Force  Mobile
No video found for Mega Overload VR  PC
No video found for Mega Schwarzschild  Mega Drive
No video found for MegaTagmension Blanc + Neptune VS Zombies   Vita
No video found for Megabyte Punch  PC
No video found for Megabyte Punch  Switch
No video found for Megamagic  Wizards of the Neon Age  PC
No video found for Megami Ibunroku Persona  Be Your True Mind  PC
No video found for Megami Meguri  3DS
No video found for Megami Tengoku  PC Engine
No video found for Megamind  The Blue Defender  PSP
No video found for Megamind Mega Team Unite  Wii
No video found for Megamind Ultimate Showdown  PS3
No video found for Megamind Ultimate Showdown  Xbox 360
No video found for Meganoid  PC
No video found for Megaton Musashi  Switch
No video found for Megazone 23  Aoi Garland  PS3
No video found for Mehr Kreuzwortratsel  DS
No video found for Mei Furu  Dreamcast
No video found for MeiQ  Labyrinth of Death   Vita
No video found for Meiji Katsugeki High Kara Ryuuseikumi  Seihai Shimaseu, Yonaoshi Kagyou  Switch
No video found for Meiji Toukyou Renka  Full Moon  Vita
No video found for Meikei no Lupercalia  Switch
No video found for Meikyuu Cross Blood  Infinity Ultimate  Vita
No video found for Meikyuu Cross Blood  Reloaded  Xbox 360
No video found for Meine Liebe  Yuubinaru Kioku  PS2
No video found for Meitantei Conan Skateboard Run  Kaitou Kid to Shinpi no Hihou  Switch
No video found for Mekabolt  Switch
No video found for Melatonin  Switch
No video found for Mell Kiss  Switch
No video found for Melody ~Koi no Messenger Girl~  PC
No video found for Melody's Escape  PC
No video found for Meltdown  PC
No video found for Meltdown  Mobile
No video found for Melty Blood  Act Cadenza  PS2
No video found for Melty Blood  Type Lumina  PC
No video found for Melty Blood  Type Lumina  Switch
No video found for Melty Blood Act Cadenza  PC
No video found for Melty Blood Actress Again Current Code  PC
No video found for MeltyMoment  Vita
No video found for Meme Run  Wii U
No video found for MementoMori  Mobile
No video found for MementoMori  Mobile
No video found for MementoMori  Mobile
No video found for Memories Off #5  Togireta Film  PS2
No video found for Memories Off #5 Encore  PS2
No video found for Memories Off  Innocent Fille  Vita
No video found for Memories Off  Innocent Fille for Dearest  Vita
No video found for Memories Off  Innocent Fille for Dearest  Switch
No video found for Memories Off  Sorekara  PC
No video found for Memories Off  Sorekara  PSP
No video found for Memories Off  Sorekara Again  PS2
No video found for Memories Off  Yubikiri no Kikou  PSP
No video found for Memories Off  Yubikiri no Kioku  Xbox 360
No video found for Memories Off  Yubikiri no Kioku  Vita
No video found for Memories Off  Yubikiri no Kioku  PS3
No video found for Memories Off 2nd  Dreamcast
No video found for Memories Off 2nd  PSP
No video found for Memories Off 6  Next Relation  Xbox 360
No video found for Memories Off 6  TWave  Xbox 360
No video found for Memories Off 6  Trial Wave  PS2
No video found for Memories Off 6 Complete  Vita
No video found for Memories Off After Rain Vol 1  Oridzuru  PS2
No video found for Memories Off After Rain Vol 2  Souen  PS2
No video found for Memories Off After Rain Vol 3  Sotsugyou  PS2
No video found for Memories Off Complete  Dreamcast
No video found for Memories Off Historia Vol 1  Switch
No video found for Memories Off Historia Vol 2  Switch
No video found for Memories Off Mix   PS2
No video found for Men of Valor  Xbox
No video found for Men of Valor  PC
No video found for Men of War  PC
No video found for Men of War  Assault Squad 2  PC
No video found for Men of War  Condemned Heroes  PC
No video found for Meow Motors  PC
No video found for Meow Motors  Switch
No video found for Mercenaries  Playground of Destruction  PS2
No video found for Mercenaries  Playground of Destruction  Xbox
No video found for Mercenaries Blaze  Dawn of the Twin Dragons  Switch
No video found for Mercenaries Wings  The False Phoenix   Switch
No video found for Mercenary Kings  PC
No video found for Mercenary Kings  PS4
No video found for Mercurius Pretty  End of the Century  Dreamcast
No video found for Mercury Hg  PS3
No video found for Mercury Meltdown Revolution   Wii
No video found for Meri Chri  10nen Buri no White Christmas  PC
No video found for Mermaid Adventures  The Frozen Time  PC
No video found for Mermaid Prism   PS2
No video found for Meru Purana  PS1
No video found for Mervil's A VR Adventure  PC
No video found for Messenger, The  PC
No video found for Mesu Neko Yuugi  Regular Edition  PC
No video found for Metal Angel 2  PC Engine
No video found for Metal Commando  Switch
No video found for Metal Dogs  PC
No video found for Metal Fatigue   PC
No video found for Metal Fight Bayblade Portable  Chouzetsu Tensei Vulcan Horses (Takara Tomy PSP
No video found for Metal Gear Rising  Revengeance  Xbox 360
No video found for Metal Gear Rising  Revengeance Demo  Xbox 360
No video found for Metal Gear Survive  PS4
No video found for Metal Slug 3  Xbox
No video found for Metal Slug 4  Xbox
No video found for Metal Slug 6  PS2
No video found for Metal Slug 6  Dreamcast
No video found for Metal Slug Anthology   PS2
No video found for Metal Slug Infinity  Mobile
No video found for Metal Tales  Fury of the Guitar Gods  PC
No video found for Metal Tales  Overkill  Switch
No video found for Metal Unit  PC
No video found for Metal Unit  Switch
No video found for Metal Wolf  Dreamcast
No video found for Metal Wolf Chaos  Xbox
No video found for MetalHeart  Replicants Rampage   PC
No video found for Metallic Child  Switch
No video found for Metaverse Keeper  PC
No video found for Meteor World Actor   PC
No video found for Meteos  DS
No video found for Metrico  Vita
No video found for Metrocide  PC
No video found for Metroid Prime  GameCube
No video found for Metroid Prime  GameCube
No video found for Metroid Prime  Kiosk Demo  GameCube
No video found for Metroid Prime 2  Echoes   GameCube
No video found for Metroid Prime 3  Corruption  Wii
No video found for Metroid Prime Trilogy  Wii
No video found for Metropolis  Lux Obscura  Vita
No video found for Metropolis Street Racer  Dreamcast
No video found for Mezase Idol Star!! Natsuiro Memories  Mahjonghen  Saturn
No video found for Miageta Sora ni Ochiteiku  PC
No video found for Michael Phelps  Push The Limit  Xbox 360
No video found for Michael Schumacher Racing World Kart 2002  PC
No video found for Michigan  Report from Hell   PS2
No video found for Micro Car Crash Online Le Go!  PC
No video found for Micro Machines  GameCube
No video found for Microsoft Combat Flight Simulator WWII Europe Series   PC
No video found for Microsoft Entertainment Pack  The Puzzle Collection  PC
No video found for Microsoft Flight Simulator X  PC
No video found for Microsoft Windows XP  PC
No video found for Midnight 2  Wii U
No video found for Midnight Club  Street Racing  PS2
No video found for Midnight Club 2  PC
No video found for Midnight Club 3  DUB Edition  PS2
No video found for Midnight Club 3  DUB Edition  Xbox
No video found for Midnight Deluxe  Vita
No video found for Midnight Mysteries  Haunted Houdini  PC
No video found for Midnight Mysteries  The Edgar Allan Poe Conspiracy  DS
No video found for Midnight Runner  Blade Galaxy Beat Puzzle Legacy 3D Games Ultimate Edition  Switch
No video found for Midtown Crazy Race  Wii U
No video found for Midtown Madness 3  Xbox
No video found for Midway Arcade Treasures  Extended Play  PSP
No video found for Might & Magic  Elemental Guardians  Mobile
No video found for Might & Magic X  Legacy  PC
No video found for Might and Magic  Clash of Heroes  PC
No video found for Might and Magic  Day of the Destroyer  PS2
No video found for Might and Magic  Heroes VI  PC
No video found for Might and Magic III  Isles of Terra  PC Engine
No video found for Might and Mayhem  Mobile
No video found for Mighty Action X  3DS
No video found for Mighty Doom  Mobile
No video found for Mighty Flip Champs DX  PSP
No video found for Mighty Goose  Switch
No video found for Mighty No 9  PS3
No video found for Mighty Switch Force! Hyper Drive Edition  Wii U
No video found for Migite ga Tomaranai Boku to, Osananajimi no Shimai  PC
No video found for Mii Maker  Wii U
No video found for Miitomo  Mobile
No video found for Miitopia  Switch
No video found for Miitopia Demo  Switch
No video found for Miiverse  Wii U
No video found for Mikagami Sumika no Seifuku Katsudou  Vita
No video found for Mike the Knight and the Great Gallop  3DS
No video found for Mikomai  Towa no Omoi  PS2
No video found for MikroGame  Rotator  Wii U
No video found for Miles & Kilo  PC
No video found for Miles & Kilo  Vita
No video found for Military History  Commander  Europe at War  PSP
No video found for Milk inside a bag of milk inside a bag of milk and Milk outside a bag of milk outside a bag of milk  Switch
No video found for Milkmaid of the Milky Way  Switch
No video found for Millennium 1  A New Hope  PC
No video found for Millennium 2  Take Me Higher  PC
No video found for Millennium 3  Cry Wolf  PC
No video found for Millennium 4  Beyond Sunset  PC
No video found for Millennium 5  The Battle of the Millennium  PC
No video found for Million Arthur  Arcana Blood  PS4
No video found for Milo's Quest  Vita
No video found for Milo's Quest  Switch
No video found for Mimic Hunter  PC
No video found for Mind 0   Vita
No video found for Mind Scanners  Switch
No video found for MindFeud  3DS
No video found for Mindball Play  PC
No video found for Mindjack  PS3
No video found for Mindjack  Xbox 360
No video found for Minecraft  New Nintendo 3DS Edition  3DS
No video found for Minecraft  PlayStation 4 Edition  PS4
No video found for Minecraft  PlayStation Vita Edition  Vita
No video found for Minecraft  Switch Edition  Switch
No video found for Minecraft Dungeons  PC
No video found for Minecraft PlayStation 3 Edition  PS3
No video found for Miner Wars Arena  PC
No video found for Mini Mario & Friends  amiibo Challenge  Wii U
No video found for Mini Motor Racing  Mobile
No video found for Mini Motor Racing Anniversary Edition  Mobile
No video found for Mini Motor Racing WRT  Mobile
No video found for Mini Ninjas  PC
No video found for Mini Ninjas  PS3
No video found for Mini Ninjas  Xbox 360
No video found for Mini Ninjas Adventures  Xbox 360
No video found for MiniYonku Bakusou Kyoudai  Let's & Go!!  WGP Hyper Heat  PS1
No video found for MiniCopter  Adventure Flight    Wii
No video found for MiniGolf Resort  DS
No video found for Minimized II  PC
No video found for Minimum Nanonic  PC Engine
No video found for Minna de Dokusho  Genji Monogatari Chottodake Bungaku  PSP
No video found for Minna de Dokusho  Keatai Shousetsu Desu  PSP
No video found for Minna de Dokusho  Meisaku & Suiri & Kaidan & Bungaku  PSP
No video found for Minna de Dokusho  Torimonochou  PSP
No video found for Minna de Spelunker Z  Vita
No video found for Minna no Hanafuda  Switch
No video found for Minna no Joushiki Ryoku TV  Wii
No video found for Minnesota Fats  Pool Legend   Saturn
No video found for Minoria  Switch
No video found for Minority Report  Everybody Runs  PS2
No video found for Miracle Girls Festival  Vita
No video found for Miraculous Crush  A Ladybug & Cat Noir Match 3  Mobile
No video found for Miraculous Ladybug & Cat Noir  Mobile
No video found for Miraculous Ladybug & Cat Noir  Color by Numbers  Mobile
No video found for Miraculous Life  Mobile
No video found for Mirador  PC
No video found for Mirai Nikki  13 Hitome no Nikki Shoyuusha ReWrite  PSP
No video found for Mirai Radio to Jinkoubato  PC
No video found for Mirai Shounen Conan  PC Engine
No video found for Mirai Shounen Conan  PS2
No video found for Mirror Mirror  The Untold Adventures  Mobile
No video found for Mirror War  Reincarnation of Holiness  PC
No video found for MirrorMoon EP  PC
No video found for MisBloody  Switch
No video found for Misao  Definitive Edition  PC
No video found for Misato Katsuragi Houdou Keikaku  PS3
No video found for Miss Kobayashi's Dragonmaid  Bust Forth!! Chorogon ☆ Breath   Switch
No video found for Miss Teri Tale  Vote 4 Me  PC
No video found for Missile Command  Recharged  Switch
No video found for MissileDancer  Switch
No video found for Missing Features  2D  PC
No video found for Missing On Lost Island   PC
No video found for Missing Parts  The Tantei Stories  Dreamcast
No video found for Missing Parts 2  The Tantei Stories  Dreamcast
No video found for Missing Parts 3  The Tantei Stories  Dreamcast
No video found for Mist Gears  Mobile
No video found for Mist Train Girls  Mobile
No video found for Mitsuryouku  PC
No video found for Mixolumia  Switch
No video found for Mixups by POWGI  Vita
No video found for Mixx Island  Remix  PC
No video found for Miyazato San Kyoudai Naizou  Sega Golf Club  PS3
No video found for Mizu no Kakera ~Once Summer of Islet~ Origin  PC
No video found for Mizu no Senritsu  PS2
No video found for Mizu no Senritsu 2  Hi no Kioku  PS2
No video found for Mobil 1 Rally Championship  PS1
No video found for Mobile Armor   PS1
No video found for Mobile Force  Gungal  PC
No video found for Mobile Light Force   PS1
No video found for Mobile Suit Gundam  Crossfire   PS3
No video found for Mobile Suit Gundam  Encounters in Space   PS2
No video found for Mobile Suit Gundam  Extreme VSForce   Vita
No video found for Mobile Suit Gundam  Federation vs Zeon   PS2
No video found for Mobile Suit Gundam  Gundam vs Zeta Gundam   PS2
No video found for Mobile Suit Gundam  Zeonic Front   PS2
No video found for Mobile Suit Gundam Battle Operation 2  Network Testing  PC
No video found for Mobile Suit Gundam Battle Operation 2  Network Testing 2  PC
No video found for Mobile Suit Gundam SEED  Never Ending Tomorrow   PS2
No video found for Mobile Suit Gundam Z   AEUG vs Titans   PS2
No video found for Mobile Train Simulator + Densha de GO  Tokyo Kyuukouhen   PSP
No video found for Mobile Train Simulator  Keisei  Toei Asakusa  Keikyuusen  PSP
No video found for Mochi A Girl  Switch
No video found for Mochi Mochi Boy  Switch
No video found for MochiMochi  PC
No video found for ModNation Racers   PS3
No video found for Modern Combat  Sandstorm  Mobile
No video found for Modern Combat 2  Black Pegasus  Mobile
No video found for ModernGroove  Ministry of Sound Edition  PS2
No video found for Moe Chronicle   Vita
No video found for Moe Moe 2Ji Daisenryaku 3  Vita
No video found for Moe Moe 2ji Daisenryaku 2  PS2
No video found for Moe Nikki  PC
No video found for Moekan  Moekko Company  Dreamcast
No video found for Moekko Nurse  PC
No video found for Moekko Nurse  Download Edition  PC
No video found for Moekuri ~ Adorable + Tactical SRPG  PC
No video found for Moero Chronicle Hyper   Switch
No video found for Moero Downhill Night Blaze  PC
No video found for Moesta  Moeru Toudai Eigojuku  DS
No video found for Moetan DS  DS
No video found for MojibRibbon  PS2
No video found for Mojimoji Chibikko Mahou Gakuen  Itaku Shicha Iyada yo  PC
No video found for Mokoko X  Switch
No video found for Mole Kart 2 Evolution  Mobile
No video found for Molemen Must Die!  PC
No video found for Molten Armor  PC
No video found for Mom Hid My Game!   3DS
No video found for Momento Temporis  Light from the Deep  PC
No video found for Momotaro Dentetsu  Showa, Heisei, Reiwa mo Teiban!  Switch
No video found for Momotarou Dentetsu 11  PS2
No video found for Momotarou Dentetsu 11  Black Bombie Shutsugen no Kan  GameCube
No video found for Momotarou Dentetsu 12  PS2
No video found for Momotarou Dentetsu 12  Nishi Nihonhen mo Arimasse!  GameCube
No video found for Momotarou Dentetsu 15  PS2
No video found for Momotarou Dentetsu 16  PS2
No video found for Momotarou Dentetsu 16 Gold  Xbox 360
No video found for Momotarou Dentetsu USA  PS2
No video found for Momotsuki  Koufuu no MisasagiOu  PS2
No video found for Mon Amour  Switch
No video found for Monaco  Complete Edition  Switch
No video found for Monaco Grand Prix   Dreamcast
No video found for Monark  Switch
No video found for Monkey Barrels  Switch
No video found for Monkey Mischief  Party Time  Wii
No video found for Monkey Pirates  Wii U
No video found for Monmusu Fight  PC
No video found for Monmusu Quest! Zenshou ~Makereba Youjo ni Okasareru~  PC
No video found for Monobeno  Pure Smile  Vita
No video found for Monochrome  PS2
No video found for Monochrome  PSP
No video found for Monochrome Factor  Cross Road  PS2
No video found for Monochrome World  Switch
No video found for Monopoly  PSP
No video found for Monopoly  Mobile
No video found for Monopoly Party!  Xbox
No video found for Monoposto  Mobile
No video found for Monster 4x4  Stunt Racer  Wii
No video found for Monster 4x4  World Circuit  Xbox
No video found for Monster 4x4  World Circuit  Wii
No video found for Monster Attack   PS2
No video found for Monster Bass   PS1
No video found for Monster Boy and the Cursed Kingdom   Switch
No video found for Monster Dash  Mobile
No video found for Monster Dash  Mobile
No video found for Monster Dynamite  Switch
No video found for Monster Farm  Switch
No video found for Monster High  13 Wishes  Wii U
No video found for Monster High  13 Wishes  DS
No video found for Monster High  New Ghoul in School  3DS
No video found for Monster Hunter  PS2
No video found for Monster Hunter  World + Iceborne  PC
No video found for Monster Hunter 3 Ultimate   3DS
No video found for Monster Hunter 4  3DS
No video found for Monster Hunter 4 Ultimate    3DS
No video found for Monster Hunter Frontier G  Vita
No video found for Monster Hunter Frontier Online  Xbox 360
No video found for Monster Hunter G  PS2
No video found for Monster Hunter Generations   3DS
No video found for Monster Hunter Rise  Switch
No video found for Monster Hunter Stories  3DS
No video found for Monster Hunter XX  3DS
No video found for Monster Hunter XX  Double Cross Nintendo Switch Ver  Switch
No video found for Monster Jam  PC
No video found for Monster Jam  Wii
No video found for Monster Jam  Maximum Destruction  GameCube
No video found for Monster Jam  Path of Destruction  PS3
No video found for Monster Jam  Urban Assault  PS2
No video found for Monster Jam  Urban Assault  PSP
No video found for Monster Jam  Urban Assault  Wii
No video found for Monster Jam Battlegrounds  Xbox 360
No video found for Monster Lab  PS2
No video found for Monster Madness  Battle for Suburbia  Xbox 360
No video found for Monster Maker  Yami no Ryuukishi  PC Engine
No video found for Monster Maker Kids  Ousama ni Naritai  SNES
No video found for Monster RPG 2  PC
No video found for Monster Rancher HopaBout   PS1
No video found for Monster Slayers  PC
No video found for Monster Slayers  Switch
No video found for Monster Story  Mobile
No video found for Monster Train First Class  Switch
No video found for Monster Truck Madness   GBA
No video found for Monster Truck Madness  Down & Dirty Racing!  PC
No video found for Monster Trucks  Ultra Mega Xtreme!!!  Wii
No video found for Monster Viator  PC
No video found for Monster destroyer   Switch
No video found for Monster wo Taoshite Tsuyoi Ken ya Yoroi wo Te ni Shinasai Shindemo Akiramezu ni Tsuyoku Narinasai Yuusha Tai ga Maou wo Taosu  Switch
No video found for Monsters, Inc  Scream Arena  GameCube
No video found for Monsters, Inc  Scream Team    PS1
No video found for Monsters, Inc  Scream Team    PC
No video found for Monsters, Inc   PS2
No video found for Monstro  Battle Tactics  PC
No video found for Montague's Mount  PC
No video found for Monument Valley  Mobile
No video found for Moolii's Dreamland   Switch
No video found for Moon  Remix RPG Adventure  PS1
No video found for Moon  Remix RPG Adventure   Switch
No video found for Moonlight Syndrome  PS1
No video found for Moonlighter  PC
No video found for Moonrise Fall  PC
No video found for Moonsouls  Echoes of the Past  PC
No video found for Moorhuhn  Jump and Run  Traps and Treasures   Switch
No video found for Moorhuhn Atlantis  PC
No video found for Moorhuhn Jump and Run 'Traps and Treasures 2'  Switch
No video found for Moorhuhn Piraten  PC
No video found for Mordhau  PC
No video found for Mordheim  City of the Damned  PC
No video found for Morita Shougi DS  DS
No video found for Morita no Saikyou Reversi  Dreamcast
No video found for Morita no Saikyou Shougi  Dreamcast
No video found for Morningstar  Descent to Deadrock  PC
No video found for Morningstar Decent to Deadrock  Mobile
No video found for Morphite  Mobile
No video found for Morphite  PC
No video found for Mort the Chicken  PS1
No video found for Mortal Blitz  PC
No video found for Mortal Kombat  Vita
No video found for Mortal Kombat  Deadly Alliance  Xbox
No video found for Mortal Kombat Gold  Dreamcast
No video found for Mortal Shell  PC
No video found for Mortar Melon  Wii U
No video found for Mortars VR  PC
No video found for Mosby's Confederacy  PC
No video found for Moshi Monsters  Katsuma Unleashed  3DS
No video found for Moshi Monsters  Moshlings Theme Park  3DS
No video found for Moshi, Kono Sekai ni Kamisama ga Iru to suru Naraba  Vita
No video found for Moshikashite  Obake no Shatekiya  Switch
No video found for Mother Goose no Himitsu no Yakata  PSP
No video found for Mother Goose no Himitsu no Yakata  Blue Label  PSP
No video found for Motion Gravure Series  Hiroko Mori  PS2
No video found for Motion Gravure Series  Megumi  PS2
No video found for Motion Gravure Series  Nemoto Harumi  PS2
No video found for Motionsports Adrenaline  Xbox 360
No video found for Moto RKD Dash SP  PC
No video found for Moto Racer  PS1
No video found for Moto Racer  PS1
No video found for Moto Racer 2  PS1
No video found for Moto Racer 2  PS1
No video found for Moto Racer World Tour  PS1
No video found for Moto Rush GT  Switch
No video found for MotoGP  Ultimate Racing Technology  PC
No video found for MotoGP 0910  PS3
No video found for MotoGP 1011  PS3
No video found for MotoGP 13  PS3
No video found for MotoGP 13  Xbox 360
No video found for MotoGP 17  PS4
No video found for MotoGP 18  PC
No video found for MotoGP 2   PC
No video found for MotoGP 2   Xbox
No video found for MotoGP 3  Ultimate Racing Technology   Xbox
No video found for Motocross Mania  PS1
No video found for Motocross Mania 2  PS1
No video found for Motor Mayhem  Vehicular Combat League   PS2
No video found for Motor Rock  PC
No video found for Motor Toon Grand Prix  PS1
No video found for Motor Toon Grand Prix    PS1
No video found for MotorStorm  PS3
No video found for MotorStorm  Apocalypse  PS3
No video found for Motorbike King   PS2
No video found for Motorcycle Club  PS3
No video found for Motorsiege  Warriors of Primetime  PS2
No video found for Motorsport Manager Mobile 2  Mobile
No video found for Motorstorm  Pacific Rift   PS3
No video found for Mots Croises  PSP
No video found for Motteke Tamago  PC Engine
No video found for Motto Ane, Chan to Shiyouyo! +Plus  Vita
No video found for Motto! New Puzz Osomatsusan  Shinpin Sotsugyou Keikaku  Switch
No video found for MoujuuTachi to Ohimesama  Vita
No video found for Moujuutsukai to Oujisama  PS2
No video found for Moujuutsukai to Oujisama  Vita
No video found for Moujuutsukai to Oujisama  Flower & Snow  Vita
No video found for Moujuutsukai to Oujisama  Snow Bride  PS2
No video found for Moujuutsukai to Oujisama  Snow Bride Portable  PSP
No video found for Moujuutsukai to Oujisama Portable  PSP
No video found for Mount & Blade  Warband  PC
No video found for Mount and Blade  With Fire and Sword  PC
No video found for Mountain Bike Adrenaline  PS2
No video found for MouseCraft  Vita
No video found for Mousou Kagaku ADV Chaos;Child  Switch
No video found for Mousou Speaker  H na Mousou ga Kikoete Kuru yo  PC
No video found for Move or Die  Unleashed  Switch
No video found for Mowin' & Throwin'  Switch
No video found for Mr Bree+  PC
No video found for Mr Future Ninja  Mobile
No video found for Mr Bean  PS2
No video found for Mr Bean's Wacky World   Wii
No video found for Mr Blaster  Switch
No video found for Mr Brocco & Co  Switch
No video found for Mr Driller  Drill Land  GameCube
No video found for Mr Driller  Drill Land   Switch
No video found for Mr Pumpkin Adventure  Wii U
No video found for Mr Pumpkin Adventure   Vita
No video found for MrsCat Between Worlds  Switch
No video found for Ms 'Splosion Man  Switch
No video found for Ms Germinator  Vita
No video found for Ms PacMan  Maze Madness  Dreamcast
No video found for Ms PacMan Maze Madness  PS1
No video found for Ms PacMan Maze Madness  PS1
No video found for Ms `Splosion Man  Mobile
No video found for Mu Online  PC
No video found for Mugen Souls Z   PS3
No video found for Mugen Souls   PS3
No video found for MultiVersus Open Beta  PC
No video found for Mummy Demastered, The  PC
No video found for Mummy Demastered, The  Switch
No video found for Mummy, The  Tomb of the Dragon Emperor  PS2
No video found for Munchables,The   Wii
No video found for Munchkin  Quacked Quest  PC
No video found for Munchkin  Quacked Quest  Switch
No video found for Muppet Monster Adventure  PS1
No video found for Muppet RaceMania  PS1
No video found for Muppets, The  Movie Adventures  Vita
No video found for Murakumo  Renegade Mech Pursuit   Xbox
No video found for Murasaki  PC
No video found for Murasaki Baby  Vita
No video found for Murasama no Sword Breaker  Switch
No video found for Murder By Numbers   Switch
No video found for Murder Mystery Machine  Switch
No video found for Murder on the Titanic   3DS
No video found for Musabori  PC
No video found for Musapey no Choco Marker  Dreamcast
No video found for Muse Dash  Switch
No video found for Muse Dash  Mobile
No video found for Muse Dash  PC
No video found for Muse Dash  Switch
No video found for Mushibugyou  3DS
No video found for Mushroom 11  PC
No video found for Mushroom Age  PC
No video found for Mushroom Heroes  Switch
No video found for Mushroom Savior  Switch
No video found for Musicus!  Switch
No video found for Musketeer  Le Sang des Chevaliers  PSP
No video found for Must Dash Amigos  Switch
No video found for Musync   Vita
No video found for Mutant Alien Moles of the Dead  Wii U
No video found for Mutant Mudds  Super Challenge  Vita
No video found for Mutant Mudds Deluxe  PC
No video found for Mutant Mudds Deluxe  Vita
No video found for Mutation Nation  Neo Geo CD
No video found for Mutiny!!  PC
No video found for Mutsuboshi Kirari  PC
No video found for My Aquarium   PS3
No video found for My Best Friends  St Andrew Jogakuen Hen  Saturn
No video found for My Brother Rabbit  PC
No video found for My Brother Rabbit  Switch
No video found for My Farm  Wii U
No video found for My First Songs  Wii U
No video found for My Friend Peppa Pig  PC
No video found for My Girlfriend is the President   PC
No video found for My Little Pony  A Maretime Bay Adventure  PC
No video found for My Little Pony  A Zephyr Heights Mystery  PC
No video found for My Little Pony  Color By Magic  Mobile
No video found for My Little Pony  Fighting is Magic  Premium  PC
No video found for My Little Pony  Friendship Celebration  Mobile
No video found for My Little Pony  Harmony Quest  Mobile
No video found for My Little Pony  Magic Princess   Mobile
No video found for My Little Pony  Magic Princess   Mobile
No video found for My Little Pony  Magic Princess   Mobile
No video found for My Little Pony  Mane Merge  PC
No video found for My Little Pony  Pinkie Pie's Party Parade  PC
No video found for My Little Pony  Pocket Ponies  Mobile
No video found for My Little Pony  Puzzle Party  Mobile
No video found for My Little Pony  Rainbow Runners  Mobile
No video found for My Little Pony  Story Creator  Mobile
No video found for My Little Pony  Visit Maretime Bay   PC
No video found for My Little Pony PC Play Pack  PC
No video found for My Little Pony World  Mobile
No video found for My Love  Chaos Daejakjeon  PC
No video found for My Merry May  Dreamcast
No video found for My Merry May with be  PS2
No video found for My Merry May with be  PSP
No video found for My Merry Maybe  PS2
No video found for My Merry Maybe  Dreamcast
No video found for My Name is Mayo  Vita
No video found for My Next Life as a Villainess  All Routes Lead to Doom!  Pirates that Stir the Waters  Switch
No video found for My Pet Hotel  DS
No video found for My Pet Hotel 2  DS
No video found for My Secret Pets!  Switch
No video found for My Singing Monsters  Vita
No video found for My Style Studio  Hair Salon  Wii U
No video found for My Style Studio  Notebook  Wii U
No video found for My Summer Car  PC
No video found for My Virtual Tutor  Reading PreK to Kindergarten   DS
No video found for My Word Coach  Wii
No video found for MySims Sky Heroes  PS3
No video found for MySims Sky Heroes  Wii
No video found for MySims Sky Heroes  Xbox 360
No video found for Myself; Yourself  Sorezore no Finale  PS2
No video found for Myst  3DO
No video found for Myst Deutsch  Mobile
No video found for Myst III  Exile  Xbox
No video found for Mystereet  Yasogami Kaoru no Jiken File  PS2
No video found for Mysteria Occult Shadows  PC
No video found for Mysterious Cities of Gold  Secret Paths, The  Wii U
No video found for Mysterious Cities of Gold Secret, The  Mobile
No video found for Mysterious Cities of Gold, The  Secret Paths  3DS
No video found for Mystery Case Files  Dire Grove  3DS
No video found for Mystery Case Files  Madame Fate  PC
No video found for Mystery Case Files  Ravenhearst  PC
No video found for Mystery Case Files  Ravenhearst  3DS
No video found for Mystery Case Files  Return to Ravenhearst  3DS
No video found for Mystery Team, The  PSP
No video found for Mystic Chronicles   PSP
No video found for Mystic Guardian Final Quest  Mobile
No video found for Mystic Vale  PC
No video found for Mystik Belle   Enchanted Edition  Switch
No video found for Mystik Belle  PC
No video found for MythForce  Switch
No video found for N++  Ultimate Edition   Switch
No video found for NOVA 2 Near Orbit Vanguard Alliance  Mobile
No video found for NOVA Near Orbit Vanguard Alliance  Mobile
No video found for NOVA 3 Near Orbit Vanguard Alliance  Mobile
No video found for NUDE@ Natural Ultimate Digital Experiment  Xbox
No video found for NAM1975  Neo Geo CD
No video found for NASCAR  PSP
No video found for NASCAR 06  Total Team Control  Xbox
No video found for NASCAR 08  PS2
No video found for NASCAR 2005  Chase for the Cup  GameCube
No video found for NASCAR 2011  The Game  Wii
No video found for NASCAR 98  Saturn
No video found for NASCAR 99   PS1
No video found for NASCAR Kart Racing  Wii
No video found for NASCAR The Game  Inside Line  Wii
No video found for NASCAR The Game 2013  PC
No video found for NASCAR Unleashed  PS3
No video found for NBA 2K14  Mobile
No video found for NBA Action 98  Saturn
No video found for NBA Baller Beats  Xbox 360
No video found for NBA Courtside 2002  GameCube
No video found for NBA Fastbreak '98  PS1
No video found for NBA In the Zone '98    PS1
No video found for NBA In the Zone '99    PS1
No video found for NBA In the Zone 2000   PS1
No video found for NBA In the Zone   PS1
No video found for NBA Jam  Mega Drive
No video found for NBA Jam  Mobile
No video found for NBA Jam  On Fire Edition  PS3
No video found for NBA Jam  Tournament Edition  Saturn
No video found for NBA Jam 2002   GBA
No video found for NBA Jam Extreme  PS1
No video found for NBA Jam Tournament Edition  PS1
No video found for NBA Live 06  PS2
No video found for NBA Live 06  Xbox 360
No video found for NBA Live 07  PS2
No video found for NBA Live 08  PS2
No video found for NBA Live 09  PS2
No video found for NBA Live 2000  PS1
No video found for NBA Live 2001  PS1
No video found for NBA Live 2001  PS2
No video found for NBA Live 2002  PS2
No video found for NBA Live 2003  PS2
No video found for NBA Live 2003  PS1
No video found for NBA Live 2004  PS2
No video found for NBA Live 2005  PS2
No video found for NBA Live 97  PS1
No video found for NBA Live 98  PS1
No video found for NBA Live 99  PS1
No video found for NBA Shoot Out   PS1
No video found for NBA Street  PS2
No video found for NBA Street V3  PS2
No video found for NBA Street Vol 2  PS2
No video found for NCAA Basketball Final Four '97  PS1
No video found for NCAA Football 13  Xbox 360
No video found for NCAA March Madness 06  PS2
No video found for NCAA March Madness 2002  PS2
No video found for NCAA March Madness 2005  PS2
No video found for NECROTOPIA  PC
No video found for NEKONIN exHeart  PC
No video found for NEO  The World Ends With You Demo   Switch
No video found for NEO  The World Ends With You   Switch
No video found for NEOVERSE  PC
No video found for NES Remix 2   Wii U
No video found for NES Remix Pack   Wii U
No video found for NES Remix   Wii U
No video found for NFL Blitz 2003  GameCube
No video found for NFL GameDay 2004  PS2
No video found for NG  Vita
No video found for NHL 08  PC
No video found for NHL 09  PC
No video found for NHL 10  PS3
No video found for NHL 10  Xbox 360
No video found for NHL 13  Xbox 360
No video found for NHL 14  Xbox 360
No video found for NHL 15  PS3
No video found for NHL 2000  PS1
No video found for NHL 2001  PS1
No video found for NHL 2001  PS2
No video found for NHL 2002  PS2
No video found for NHL 2002  Xbox
No video found for NHL 2003  PS2
No video found for NHL 2003  GameCube
No video found for NHL 2004  PS2
No video found for NHL 2005  PS2
No video found for NHL 97  PS1
No video found for NHL 98  PS1
No video found for NHL 99  PS1
No video found for NHL Hitz Pro  GameCube
No video found for NHL Legacy Edition  Xbox 360
No video found for NOISZ re;COLLECTION G  Switch
No video found for NORN9 LOFN for Nintendo Switch  Switch
No video found for NOVA111  Vita
No video found for NOeSIS  Uso o Tsuita Kioku no Monogatari  Mobile
No video found for NOeSIS Utau Kage no Gikyoku  Mobile
No video found for NOeSIS 02  Uka  Mobile
No video found for NRA Gun Club  PS2
No video found for NadePro!! Kisama mo Seiyuu Yattemiro!  PS2
No video found for Nadeshiko Drip  PC
No video found for Nadia Was Here  PC
No video found for Naisho no Yorimichi  PC
No video found for Najavu no Daibouken  My Favorite Namjatown  PS1
No video found for Nakoruru  Ano Hito Kara no Okurimono  Dreamcast
No video found for Namaiki Datta, Akanechan  47sai Mushoku Kimodebu ga Shiiku Shite Tokunou Sex ni Hamarasechau Nikki  PC
No video found for Namco Anthology 1  PS1
No video found for Namco Anthology 2  PS1
No video found for Namco Museum  PS2
No video found for Namco Museum Arcade Pac  Switch
No video found for Namco Museum Encore  PS1
No video found for Namco Museum Remix   Wii
No video found for Namco Museum Vol 1  PS1
No video found for Namco Museum Vol 1  PS1
No video found for Namco Museum Vol 3  PS1
No video found for Namco Museum Vol 3  PS1
No video found for Namco Museum Vol 4  PS1
No video found for Namco Museum Vol 5  PS1
No video found for Nanami to Konomi no Oshiete ABC  PC
No video found for Nanatsu no Hikan  Senritsu no Hohoemi  Dreamcast
No video found for Nanatsu no Taizai  The Seven Deadly Sins  Unjust Sin  3DS
No video found for Nanatsuiro  Drops Pure!!  PS2
No video found for Nanatsuiro Drops DS  Touch de Hajimaru Hatsukoi Monogatari  DS
No video found for Nancy Drew  Alibi in Ashes  PC
No video found for Nancy Drew  Danger By Design  PC
No video found for Nancy Drew  Last Train to Blue Moon Canyon  PC
No video found for Nancy Drew  Legend Of The Crystal Skull  PC
No video found for Nancy Drew  Secrets Can Kill Remastered  PC
No video found for Nancy Drew  Shadow at the Water's Edge  PC
No video found for Nancy Drew  The Captive Curse  PC
No video found for Nancy Drew  The Deadly Device  PC
No video found for Nancy Drew  The Haunting of Castle Malloy  PC
No video found for Nancy Drew  Tomb of the Lost Queen  PC
No video found for Nancy Drew  Trail of the Twister  PC
No video found for Nancy Drew Dossier  Resorting to Danger  PC
No video found for Nandas Island  DS
No video found for Nano Project  PC
No video found for Nanobreaker  PS2
No video found for Nanosaur 2  Hatchling  PC
No video found for Nantucket  PC
No video found for Napoleon Dynamite  The Game  PSP
No video found for Napoleon's Campaigns  PC
No video found for Napple Tale  Arsia in Daydream  Dreamcast
No video found for Narcissu  Moshimo Ashita ga Runara  PSP
No video found for Narcissu 10th Anniversary Anthology Project  PC
No video found for Narco Terror  PC
No video found for Nari Kids Park  HUGtto! PreCure  Switch
No video found for Nari Kids Park  Kaitou Sentai Lupinranger VS Keisatsu Sentai Patoranger  Switch
No video found for Nari Kids Park  Ultraman RB  Switch
No video found for Nariagari Trendy  The Sugoroku '92  PC Engine
No video found for Narita Boy  PC
No video found for Narita Boy  Switch
No video found for Naruto  Clash of Ninja  GameCube
No video found for Naruto  Gekitou Ninja Taisen! 4  GameCube
No video found for Naruto  Uzumaki Chronicles 2   PS2
No video found for Naruto  Uzumaki Chronicles   PS2
No video found for Naruto Shippuden  Gekitou Ninja Taisen! EX  Wii
No video found for Naruto Shippuden  Gekitou Ninja Taisen! EX2  Wii
No video found for Naruto Shippuden  Naruto vs Sasuke   DS
No video found for Nascence The Tie Of Heaven  TianDi Jie Wai Zhang Huan Shen Jie  PC
No video found for Nashijiru Action! Funassyi no Yukai na Ohanassyi  3DS
No video found for Nation Red  PC
No video found for National Geographic  Herod's Lost Tomb  PC
No video found for Natsu Ecchi  Mei to Inaka no Natsuyasumi  PC
No video found for Natsu Ecchi 2  Futago to Inaka no Natsuyasumi  PC
No video found for Natsu Iro Mikan  Ecchi na Shoujo to Shitataru Nioi  PC
No video found for Natsu Shoujo  Promised Summer  PS2
No video found for Natsuiro  Hoshikuzu no Memory  PS2
No video found for Natsuiro High School  Seishun Hakusho  PS4
No video found for Natsukashi  PC
No video found for Natsuyume Yobanashi Yawa  PS2
No video found for Natsuzora Kanata  PC
No video found for Natsuzora no Monologue  PS2
No video found for Natsuzora no Monologue Portable  PSP
No video found for Natural 2  Duo  Sakurairo no Kisetsu  PS2
No video found for Natural Doctrine  PS4
No video found for Naughty Bear  PS3
No video found for Naval Warfare  PC
No video found for Navigatris  PC
No video found for Navyblue and the Spectrum Killers  PC
No video found for Nazo Waku Yakata  Oto no Ma ni Ma ni  3DS
No video found for NeXus  One Core  PC
No video found for Nearly Dead  PC
No video found for Nebuchadnezzar  PC
No video found for Necro Mutex  PC
No video found for NecroVisioN  PC
No video found for Necrobarista  PC
No video found for Necrobarista  Final Pour  Switch
No video found for Necrolepsy  PC
No video found for Necromania  Trap of Darkness  PC
No video found for Necronomicon  Digital Pinball  Saturn
No video found for Need For Speed  Carbon  Own the City  Other systems
No video found for Need For Speed  Hot Pursuit  Mobile
No video found for Need For Speed No Limits  Mobile
No video found for Need For Speed Shift  Mobile
No video found for Need for Speed  Hot Pursuit 2  Xbox
No video found for Need for Speed  Shift  PS3
No video found for Need for Speed  Shift  Xbox 360
No video found for Need for Speed  Underground  GameCube
No video found for Need for Speed  Underground 2  GameCube
No video found for Negima!  Dream Tactic Yumemiru Otome Princess  PS2
No video found for Negima! 3Jikanme  Koi to Mahou to Sekaiju Densetsu!  PS2
No video found for Negligee  PC
No video found for Neighbours from Hell  PC
No video found for Neighbours from Hell 2  On Vacation  PC
No video found for Nekketsu Inou Bukatsu  Trigger Kiss  Vita
No video found for Nekketsu Legend Baseballer  PC Engine
No video found for Neko Dungeon  PC
No video found for Neko Journey  Switch
No video found for Neko Navy  PC
No video found for NekoBuro  Cats Block   Vita
No video found for NekoCharm  PC
No video found for Nekopara Vol1  Switch
No video found for Nekotsuku, Sakura  PC
No video found for Nelke & the Legendary Alchemists  Ateliers of the New World   Switch
No video found for Nelke to Densetsu no Renkinjutsushi Tachi ~Aratana Daichi no Atelier~  Vita
No video found for Nemo_Do  PC
No video found for Nemurenu Yoru no Chiisana Ohanashi  PC Engine
No video found for Neo Angelique  Tenshi no Namida  Vita
No video found for Neo Angelique Full Voice  PS2
No video found for Neo Atlas 1469  Vita
No video found for Neo Cab  PC
No video found for Neo Contra  PS2
No video found for Neo Contra  PS2
No video found for Neo Geo CD Special  Neo Geo CD
No video found for Neo Nectaris  PC Engine
No video found for NeoGeo Battle Coliseum  PS2
No video found for NeoGeo Battle Coliseum  Dreamcast
No video found for NeoGeo Heroes  Ultimate Shooting  PSP
No video found for Neocron  PC
No video found for Neodori Forever  Switch
No video found for Neofeud  PC
No video found for Neon Battle  Wii U
No video found for Neon Blight  Switch
No video found for Neon Chrome  Mobile
No video found for Neon Chrome  Vita
No video found for Neon City Riders  Switch
No video found for Neon Drifter  Cyber Racing  Switch
No video found for Neon Genesis Evangelion  Ayanami Ikusei Kaikaku  Dreamcast
No video found for Neon Genesis Evangelion  Ayanami Ikusei Keikaku with Asuka Hokan Keikaku  PS2
No video found for Neon Genesis Evangelion  Digital Card Library  Saturn
No video found for Neon Genesis Evangelion  Typing E Keikaku  Dreamcast
No video found for Neon Genesis Evangelion 2nd Impression  Saturn
No video found for Neon Genesis Evangelion Koutetsu No Girlfriend Special Edition  PS2
No video found for Neon Junctions  Switch
No video found for Neon Race  Air Race  PC
No video found for Neon Seoul  Outrun  PC
No video found for Neon Shadow  Mobile
No video found for Neon Shadow  PC
No video found for Neon Souls  Switch
No video found for Neon Struct  PC
No video found for Neon Valley  Revenge Unleashed ]PC] PC
No video found for Neon White  Switch
No video found for NeonXSZ  PC
No video found for Neonwall  Switch
No video found for Neonwall  PC
No video found for Neopets  The Darkest Faerie  PS2
No video found for Nephenthesys  Switch
No video found for Neptunia re★Verse   PS5
No video found for Neptunia x Senran Kagura  Ninja Wars   PS4
No video found for Nerf NStrike  Wii
No video found for Net High  Vita
No video found for Net de Para  Dreamcast
No video found for Net de Tennis  Dreamcast
No video found for Nettou Golf  Dreamcast
No video found for Netzone  PC
No video found for Neuro  PC
No video found for Neuro Hunter  PC
No video found for Neuro Hunter  PC
No video found for Never Alone   Wii U
No video found for Never Alone  Arctic Collection  Switch
No video found for Never Give Up  Switch
No video found for Never Gone  Mobile
No video found for Never7  The End of Infinity  Dreamcast
No video found for Never7  The End of Infinity  PS2
No video found for Never7  The End of Infinity  PSP
No video found for NeverAwake  Switch
No video found for NeverDead  PS3
No video found for NeverEnd  Vita
No video found for NeverGone  Mobile
No video found for Neverland Card Battles   PSP
No video found for Nevertales LEGENDS  Mobile
No video found for Neverwinter MMORPG  PC
No video found for Neverwinter Nights  PC
No video found for New Game! The Challenge Stage!  Vita
No video found for New Game! The Challenge Stage!  PS4
No video found for New Horizon English Course  DS
No video found for New Joe and Mac  Caveman Ninja  Switch
No video found for New Legends  Xbox
No video found for New Little King's Story   Vita
No video found for New Pokemon Snap  Switch
No video found for New Super Lucky's Tale  Switch
No video found for New Super Mario Bros Wii  New Super Mario Bros 4  Wii
No video found for New Super Mario Bros Wii  Newer Falling Leaf  Wii
No video found for New Super Mario Bros Wii  Newer Holiday Special  Wii
No video found for New Super Mario Bros Wii  Newer Summer Sun  Wii
No video found for New Super Mario Bros Wii  Newer Super Luigi Wii Dark Moon  Wii
No video found for New Super Mario Bros Wii  Super Mario Vacation  Wii
No video found for New York Mysteries  Secrets of the Mafia  PC
No video found for Newer Super Mario Bros Wii  Wii
No video found for Newton and the Apple Tree   PC
No video found for Newton's Cradle Puzzle Game  Switch
No video found for Nexomon  PC
No video found for Nexomon  Extinction  PC
No video found for Next Penelope, The  PC
No video found for Next Penelope, The  Switch
No video found for Next Tetris, The  PS1
No video found for Next Tetris, The  Online Edition  Dreamcast
No video found for Next Up Hero   PC
No video found for Nexuiz  PC
No video found for Nexus  The Jupiter Incident Remastered  PC
No video found for Ni no Kuni  Wrath of the White Witch   PS3
No video found for Ni no Kuni II  Revenant Kingdom  PC
No video found for Ni no Kuni II  Revenant Kingdom  PS4
No video found for Nichijou  Uchuujin  PSP
No video found for Nick Project  PC
No video found for Nickelodeon AllStar Brawl  Switch
No video found for Nickelodeon AllStar Brawl 2  PC
No video found for Nickelodeon Extreme Tennis  PC
No video found for Nickelodeon Kart Racers  PS4
No video found for Nickelodeon Kart Racers  Switch
No video found for Nickelodeon Party Blast  GameCube
No video found for Nickelodeon Teenage Mutant Ninja Turtles  Wii
No video found for Nicktoons  Attack of the Toybots  PS2
No video found for Nicktoons  Attack of the Toybots  Wii
No video found for Nicktoons  Battle for Volcano Island   GameCube
No video found for Nicktoons  Battle for Volcano Island   PS2
No video found for Nicktoons MLB  Wii
No video found for Nicktoons Snap Shot   PS2
No video found for Nicktoons Unite!   GameCube
No video found for Nicktoons Unite!   PS2
No video found for Nicky  The Home Alone Golf Ball  Switch
No video found for Nicolas Eymerich Inquisitor Book 1 The Plague Universal  Mobile
No video found for NieR Recarnation  Mobile
No video found for NieR Replicant ver122474487139  PC
No video found for Nier   Xbox 360
No video found for Nier   PS3
No video found for Night Reverie  PC
No video found for Night Warriors  Darkstalkers' Revenge   Saturn
No video found for Night Wizard the Video Game  Denial of the World  PS2
No video found for Night at the Museum  Battle of the Smithsonian  Wii
No video found for NightCry  Vita
No video found for NightSky  PC
No video found for NightSky  3DS
No video found for NightStone  PC
No video found for Nightclub Story  Mobile
No video found for Nightmare Creatures II  Dreamcast
No video found for Nightmare Kart  PC
No video found for Nightmare Reaper  PC
No video found for Nightmare of Druaga, The  Fushigi no Dungeon  PS2
No video found for Nights  Journey of Dreams   Wii
No video found for Nights into Dreams  PS3
No video found for Nights of Azure  PC
No video found for Nights of Azure 2  Bride of the New Moon   PS4
No video found for Nights of Azure 2  Bride of the New Moon   Switch
No video found for Nights of Azure   PS4
No video found for Nightshade   PS2
No video found for Nihilumbra  PC
No video found for Nihilumbra  Wii U
No video found for Nihilumbra   Vita
No video found for Nihon Pro Mahjong Renmei Kounin  Tetsuman Menkyokaiden  Dreamcast
No video found for Nihongo de Asobo DS  DS
No video found for Niizuma wa Sailor Fuku  PC
No video found for Nijiiro Kanojo  Mobile
No video found for Nike+ Kinect Training  Xbox 360
No video found for Niko and the Cubic Curse  Switch
No video found for Nikopol  Secrets of the Immortals  PC
No video found for Nil Admirari no Tenbin  Irodori Nadeshiko  Switch
No video found for Nil Admirari no Tenbin  Kuroyuri En'youtan  Vita
No video found for Nimbus  PC
No video found for NinNinDays  PC
No video found for Nine Parchments  PC
No video found for Ningyou no Hako  PC
No video found for Ninja Assault  PS2
No video found for Ninja Blade  PC
No video found for Ninja Box  Switch
No video found for Ninja Combat  Neo Geo CD
No video found for Ninja Commando  Neo Geo CD
No video found for Ninja Gaiden 3  PS3
No video found for Ninja Gaiden 3  Razor's Edge  PS3
No video found for Ninja Gaiden Dragon Sword  DS
No video found for Ninja Gaiden Sigma  PS3
No video found for Ninja Gaiden Sigma 2  PS3
No video found for Ninja JaJamaru Collection  Switch
No video found for Ninja Master's   Neo Geo CD
No video found for Ninja Pizza Girl  Wii U
No video found for Ninja Rush  Super Running Adventure  Mobile
No video found for Ninja Saviors, The  Return of the Warriors   Switch
No video found for Ninja Senki DX  Vita
No video found for Ninja Smasher!  Switch
No video found for Ninja Strike Dangerous Dash  Wii U
No video found for Ninja Striker  Mobile
No video found for Ninja Tycoon  PC
No video found for Ninjabread Man  Wii
No video found for Ninjala Exclusive Ninja Club  Switch
No video found for Ninjin  Clash of Carrots  PC
No video found for Ninki Seiyuu no Tsukurikata  Vita
No video found for Ninki Seiyuu no Tsukurikata  PS4
No video found for Ninkyouden  Toseinin Ichidaiki  PS2
No video found for Ninpuu Sentai Hurricanger  PS1
No video found for Nintendo Game Seminar 2013 Student Works  Wii U
No video found for Nintendo Game Seminar 2014 Doki Doki Letter Relay  Wii U
No video found for Nintendo Labo  ToyCon 01  Variety Kit  Switch
No video found for Nintendo Labo  ToyCon 02  Robot Kit  Switch
No video found for Nintendo Labo  ToyCon 03  Vehicle Kit  Switch
No video found for Nintendo Labo  ToyCon 04  VR Kit  Switch
No video found for Nintendo Land  Wii U
No video found for Nintendo World Championships  NES Edition  Switch
No video found for Nintendo eShop  Wii U
No video found for Nintendo×JOYSOUND Wii Karaoke U  Wii U
No video found for Nippon Pro Mahjong Renmei Kounin  Doujou Yaburi  Saturn
No video found for Nirvana Pilot Yume  PC
No video found for Nirvana   Switch
No video found for Nise no Chigiri  Omoide no Saki he  PSP
No video found for Nishikaze no Kyoushikyoku  The Rhapsody of Zephyr  PS2
No video found for Nishimura Kyoutarou Mystery  Hokutosei no Onna  PC Engine
No video found for Nitrobike  PS2
No video found for No Fate! Only the Power of Will  Xbox 360
No video found for No More Heroes III  Switch
No video found for No Respect  PC
No video found for No Straight Roads  Switch
No video found for No Time To Relax  Switch
No video found for Noahmund  PC
No video found for Noble☆Works   PC
No video found for Nobunaga Hiroku  GeTen no Yume  PS1
No video found for Nobunaga Mahjong  Xbox
No video found for Nobunaga no Yabou  Bushou Fuuunroku  PC Engine
No video found for Nobunaga no Yabou  Haouden  Mega Drive
No video found for Nobunaga no Yabou  Haouden  3DO
No video found for Nobunaga no Yabou  Haouden  PS1
No video found for Nobunaga no Yabou  Ranseiki  Xbox
No video found for Nobunaga no Yabou  Ranseiki  PS2
No video found for Nobunaga no Yabou  Reppuuden  Dreamcast
No video found for Nobunaga no Yabou  Sengoku Gunyuuden  Saturn
No video found for Nobunaga no Yabou  Shinsei  Switch
No video found for Nobunaga no Yabou  Shouseiroku with Power Up Kit  Dreamcast
No video found for Nobunaga no Yabou  Soutensoku with PowerUp Kit  PS2
No video found for Nobunaga no Yabou  Souzou  Vita
No video found for Nobunaga no Yabou  Souzou with PowerUp Kit  Switch
No video found for Nobunaga no Yabou  Taishi  Switch
No video found for Nobunaga no Yabou  Tendou with PowerUp Kit  Vita
No video found for Nobunaga no Yabou  Tenshouki with Power Up Kit  Saturn
No video found for Nobunaga no Yabou  Tenshouki with PowerUp Kit HD Version  Vita
No video found for Nobunaga no Yabou  Zenkokuban  PC Engine
No video found for Nobunaga no Yabou Ranseiki  Xbox
No video found for Nobunaga no Yabou Returns  Saturn
No video found for Nobunaga's Ambition  Iron Triangle   PS2
No video found for Nobunaga's Ambition  Rise to Power   PS2
No video found for Nobunaga's Ambition  Sphere of Influence   PS4
No video found for Nodame Cantabile  Dream Orchestra  Wii
No video found for Nogizaka Haruka no Himitsu  Doujinshi Hajime Mashita  PSP
No video found for Nogizaka Haruka no Himitsu Cosplay, Hajimemashita  PS2
No video found for Noitu Love Devolution  Wii U
No video found for Nokia NGage  Other systems
No video found for Nokia NGage IC   Other systems
No video found for Nom Nation  PSP
No video found for Nonet Ensemble  Magicwork Labyrinth  PC
No video found for Nonstop Knight  Mobile
No video found for Noon  Saturn
No video found for Nora to Koujo to Noraneko Heart  Vita
No video found for Nora to Toki no Koubou  Kiri no Mori no Majo  DS
No video found for Norinori Relakkuma  Hit Song Ongakusai  DS
No video found for Norman's Great Illusion  Switch
No video found for Norn + Nonette Act Tune  Vita
No video found for Norn9  Last Era  Vita
No video found for Norn9  Var Commons  Vita
No video found for North American Hunting Extravaganza   Wii
No video found for North Wind  Eien no Yakusoku  PS2
No video found for Northern Tales 5  Revival  PC
No video found for Northgard Relics  PC
No video found for Nory's Escape  Mobile
No video found for Nosferatu  The Wrath of Malachi  PC
No video found for Nosferatu Lilinor  Switch
No video found for Nostalgia 1907  Mega Drive
No video found for Not a Hero  Super Snazzy Edition  Switch
No video found for Notch  The Innocent LunA  Eclipsed SinnerS  PC
No video found for Notrium  PC
No video found for Now That's What I Call Sing  PS4
No video found for Now That's What I Call Sing 2  PS4
No video found for Nowhere Patrol  PC
No video found for Nowhere Prophet  Switch
No video found for Nowhere Station  PC
No video found for Nozomi Kanaetamae  Daydream Reconstruct  PSP
No video found for Nuclear Throne  PC
No video found for Nuclear Throne  Vita
No video found for NugaCel!  PS2
No video found for Null Vector  PC
No video found for Nurse Love Addiction  PC
No video found for Nurse Love Addiction   Vita
No video found for Nurse Love Syndrome  Vita
No video found for Nurse Witch Komugichan Magikarte  PS2
No video found for Nusakana  PC
No video found for Nyan Cat  Mobile
No video found for Nyan Cat  Jump  Mobile
No video found for Nyan Cat  Lost In Space  Mobile
No video found for Nyan Cat  Lost in Space  Switch
No video found for NyxQuest  Mobile
No video found for NyxQuest  Kindred Spirits  PC
No video found for NyxQuest  Kindred Spirits  Wii
No video found for Ochan no Oekaki Logic  Saturn
No video found for ORB  OffWorld Resource Base  PC
No video found for OCCULTIC;NINE  Vita
No video found for OMG Police  Car Chase TV Simulator  Switch
No video found for OMGZ  PSP
No video found for OPUS  Mobile
No video found for ORBIT  Wii U
No video found for ORION Prelude   PC
No video found for OZMAFIA!!  PC
No video found for OZMAFIA!! vivace  Vita
No video found for OZMAFIA!! vivace  Switch
No video found for Oasis Road  PS1
No video found for Obakeidoro  Switch
No video found for Oblivion Tesseract VR  PC
No video found for Oblivious Garden  Carmina Burana  PC
No video found for Obscure  Xbox
No video found for Obsidian Prince  PC
No video found for Occult RERaise  PC
No video found for Ocean Runner  3DS
No video found for Ocean's Heart  Switch
No video found for Oceanhorn  Mobile
No video found for Oceanhorn  Monster of Uncharted Seas  PC
No video found for Oceanhorn  Monster of Uncharted Seas  PS4
No video found for Oceanhorn  Monster of Uncharted Seas  Vita
No video found for Oceanhorn 2  PC
No video found for Oceans Below  3DO
No video found for Ochige Designer Tsukutte Pon!  Saturn
No video found for Octave Higher, An  PC
No video found for Octo Curse  Switch
No video found for Octocopter  Super Sub Squid Escape  Wii U
No video found for Octogeddon  Switch
No video found for Octopath Traveler  Switch
No video found for Octopath Traveler  PC
No video found for Octopath Traveler  Champions of the Continent   Mobile
No video found for Octopath Traveler  Prologue Demo  Switch
No video found for Octopath Traveler 2  Switch
No video found for Octopath Traveler II Prologue Demo  Switch
No video found for Oculus First Contact   Mobile
No video found for Oddworld  Stranger's Wrath HD  Vita
No video found for Odin Sphere  PS2
No video found for Odin Sphere Leifthrasir  PS4
No video found for Odo Odo Oddity  PS1
No video found for Odyssey VR  The Deep Space Expedition  PC
No video found for Of Orcs And Men  PC
No video found for Offroad Extreme! Special Edition  Wii
No video found for Ogura Hyakunin Isshuu  3DO
No video found for Oh My Godheads  PC
No video found for Oh!Edo Towns   Switch
No video found for Ohayou! Beginner's Japanese  Wii U
No video found for Ohenrosan  Hosshin no Doujou  GameCube
No video found for Ojousama to Aware na  Shitsuji  PC
No video found for Ojousama Sousamou  PC Engine
No video found for Okami HD   PS3
No video found for OkunoKA  Switch
No video found for Old School Musical  Switch
No video found for OlliOlli  PC
No video found for OlliOlli  Wii U
No video found for OlliOlli  3DS
No video found for OlliOlli World  Switch
No video found for OlliOlli2  Welcome to Olliwood  PS4
No video found for OlliOlli2  Welcome to Olliwood  Vita
No video found for OlliOlli2  Welcome to Olliwood  PC
No video found for Olympia Rising  Wii U
No video found for Olympia Soiree  Switch
No video found for Olympic Soccer  PS1
No video found for Olympic Soccer  Atlanta 1996   Saturn
No video found for Omega Labyrinth  Vita
No video found for Omega Labyrinth Life  Switch
No video found for Omega Labyrinth Life  PC
No video found for Omega Labyrinth Z  Vita
No video found for Omega Quintet  PC
No video found for Omega Strike  PC
No video found for Omega Strike  Switch
No video found for Omega Vampire  Switch
No video found for OmegaBot  Switch
No video found for Omerta  City of Gangsters  PC
No video found for Omikron The Nomad Soul   PC
No video found for Ominous Horizons  A Paladin's Calling  PC
No video found for Omochan no Kuni no Alice  Wonderful Wonder World  PSP
No video found for Omoi no Kakera  Close to  PS2
No video found for Omoi no Kakera  Close to  PSP
No video found for Omoide ni Kawaru Kimi  Memories Off  PS2
No video found for Omoide ni Kawaru Kimi  Memories Off  Dreamcast
No video found for Omoide ni Kawaru Kimi  Memories Off  PSP
No video found for Omori  Switch
No video found for Omoshiro Action Ii Otonatachi no Daibouken  Switch
No video found for On the RainSlick Precipice of Darkness, Episode One  PC
No video found for One Dog Story  PC
No video found for One Eyed Kutkh  Vita
No video found for One Finger Death Punch 2  Switch
No video found for One Hand Clapping  Switch
No video found for One More Dungeon  Vita
No video found for One Piece  Burning Blood  PC
No video found for One Piece  Daikaizoku Coliseum  3DS
No video found for One Piece  Grand Adventure  GameCube
No video found for One Piece  Grand Battle! 2  PS1
No video found for One Piece  Grand Battle! 3  GameCube
No video found for One Piece  Grand Battle! 3  PS2
No video found for One Piece  Grand Battle! Rush  GameCube
No video found for One Piece  Pirate Warriors 4   Switch
No video found for One Piece  Pirates' Carnival  GameCube
No video found for One Piece  Romance Dawn   3DS
No video found for One Piece  Round the Land   PS2
No video found for One Piece  Super Grand Battle X  3DS
No video found for One Piece  Treasure Battle!  GameCube
No video found for One Piece  Unlimited World Red  3DS
No video found for One Piece  Unlimited World Red  Vita
No video found for One Piece  Unlimited World Red  Deluxe Edition   Switch
No video found for One Piece Gigant Battle  DS
No video found for One Piece Grand Battle!  PS1
No video found for One Piece Odyssey  PC
No video found for One Punch Man  A Hero Nobody Knows  PS4
No video found for One Small Fire At A Time  PC
No video found for One Way Heroics Plus  Switch
No video found for One night, hot springs  PC
No video found for Onechanbara  Bikini Zombie Slayers   Wii
No video found for Onechanbara Z2  Chaos  PS4
No video found for Onemuri Sister  PC
No video found for Ongeki  PC
No video found for Ongeki Plus  PC
No video found for Ongeki RED Plus  PC
No video found for Ongeki Summer Plus  PC
No video found for Ongeki bright  PC
No video found for Ongeki bright MEMORY  PC
No video found for Onigiri  Switch
No video found for Oniichan, Migite no Shiyou o Kinshi Shimasu!  PC
No video found for Onikira  Demon Killer  PC
No video found for Onimusha  Dawn of Dreams   PS2
No video found for Oninaki Demo   PC
No video found for Oninaki   Switch
No video found for Onion Assault  Switch
No video found for Onirism  PC
No video found for Online Pro Wrestling  PS2
No video found for Onmyoji  Mobile
No video found for Onmyou Taisenki  Byakko Enbu  PS2
No video found for Onmyou Taisenki  Hasha no In  PS2
No video found for Onore no Shinzuru Michi wo Yuke  PSP
No video found for Onore no Shinzuru Michi wo Yuke  PSP
No video found for Onsei Ninshiki Mahjong  Jahmang  Dreamcast
No video found for Ooedo Blacksmith  Vita
No video found for Ooga Booga  Dreamcast
No video found for Oogami Ichirou Funtouki  Sakura Taisen Kayou Show ''Kurenai Sekiek'' Yori  Dreamcast
No video found for Ookami Kakushi  PSP
No video found for Oookuki  PS2
No video found for Oozi  Earth Adventure  PC
No video found for Opaline  2 Fates 1 Love  PC
No video found for Open Season  PSP
No video found for Operation Abyss  New Tokyo Legacy  PC
No video found for Operation Abyss  New Tokyo Legacy   Vita
No video found for Operation Babel  New Tokyo Legacy  PC
No video found for Operation Babel  New Tokyo Legacy   Vita
No video found for Operation Darkness  Xbox 360
No video found for Operation Dracula  Mobile
No video found for Operation Flashpoint   PC
No video found for Opoona  Wii
No video found for Oppai Chiisakute Nani ga Warui no sa!  PC
No video found for Optika  PC
No video found for Option Tuning Car Battle 2  PS1
No video found for Option Tuning Car Battle SpecR  PS1
No video found for Oracle of Forgotten Testament  PC
No video found for Orange Cast  PC
No video found for Orange Honey  Boku wa Kimi ni Koishiteru  PS2
No video found for Orange Pocket  Cornet  Dreamcast
No video found for Orbit  PSP
No video found for Orbital Gear  PC
No video found for Orc Attack  Flatulent Rebellion  PC
No video found for Orcs Must Die! 2  PC
No video found for Orcs Must Die!  Xbox 360
No video found for Order and Chaos  Mobile
No video found for Order of the Thorne, The  The King's Challenge  PC
No video found for Ore ga Kantoku da! Gekitou Pennant Race  PS2
No video found for Ore ni Hatarakette Iwaretemo  PSP
No video found for Ore no Imouto Maker EX Portable  PSP
No video found for Ore no Imouto ga Konna ni Kawaii Wake ga Nai Portable  PSP
No video found for Ore no Imouto ga Konna ni Kawaii Wake ga Nai Portable ga Tsuzuku Wake ga Nai  PSP
No video found for Ore no Kanojo no Uraomote  Pure Sweet Heart  PSP
No video found for Ore no Shikabane o Koete Yuke  PS1
No video found for Ore no Shite Agake  PS2
No video found for Oresama Kingdom  Ikemen Kareshi o Get Shiyo! Moe Kyun School Days  3DS
No video found for Oretachi ni Tsubasa wa Nai  Vita
No video found for Organ Trail Complete Edition  Vita
No video found for Orgarhythm  Vita
No video found for Ori and the Blind Forest  Definitive Edition  PC
No video found for Ori and the Blind Forest  Definitive Edition  Switch
No video found for Ori and the Will of the Wisps  PC
No video found for Ori and the Will of the Wisps  Switch
No video found for Orient Arcadia  Mobile
No video found for Original Strife, The  PC
No video found for Orion  A SciFi Visual Novel  PC
No video found for Orion Trail  PC
No video found for Osananajimi to no Kurashikata  PC
No video found for Osanasugiru Katei Kyoushi  PC
No video found for Osanasugiru Osanazuma  Omukaisan ni Damasarete  PC
No video found for Oshaberi! Horijyo!  Switch
No video found for OshiRabu  Waifus Over Husbandos + Love or Die   Switch
No video found for Oshiete Little Vampire  PC
No video found for Oshiete! Popotan  PS2
No video found for Oshiete! Yuiko Sensei   o Oboeru Otona no Seikyouiku Lesson!!  PC
No video found for Oshikake Scramble  Ano Ko to Watashi, Docchi o Erabu no  PC
No video found for Osmos  PC
No video found for Osouji Sentai Clean Keeper H  PS2
No video found for Osozaki Late Blooming  First  PC
No video found for Osyaberi! Horijyo! Gekihori  Anna Holinski saves the universe, alright!   Switch
No video found for Otaku's Fantasy  PC
No video found for Otama!  Otaku Nakama wa Chikkoi Mania   PC
No video found for Otenki Kororin  PS1
No video found for Otoboku  Maidens Are Falling for Me!   PC
No video found for Otogi Katsugeki Mameda no Bakeru  Oracle Saitarou no Sainan!!  Switch
No video found for Otoko Yuukaku  Vita
No video found for Otokomizu  Switch
No video found for Otome Break!  Mobile
No video found for Otome Renshin Prister  PC
No video found for Otome Renshin Prister Fandisc  Motto H ni Koi Seyo Otome!  PC
No video found for Otome Riron to Sono Shuuhen  Bon Voyage  Vita
No video found for Otome the Exorcist  PC
No video found for Otome wa Boku ni Koishiteru Portable  PSP
No video found for Otome wa Boku ni Koishiteru Portable  Futari no Elder  PSP
No video found for Otometeki Koi Kakumei  Love Revo! Portable  PSP
No video found for Otometeki Koi Kakumei  Love Revo!! 100kg KarahajimaruKoimonogatari  PSP
No video found for Otoshi Deka  Keijisan, Watashi ga Yarimashita  DS
No video found for Otostaz  PS2
No video found for Otsugea Uranai na Desu  PSP
No video found for Otto Matic  PC
No video found for Otto Matic  Mobile
No video found for Ouchi Mainichi Tamagotchi  3DS
No video found for Ougon Musou Kyoku Cross  Switch
No video found for Ouka  PC
No video found for Ouka Kokoro Kagayakaseru Sakura  PS2
No video found for Ouka Sabaki Zan  Vita
No video found for Ouka Sengoku Portable  PSP
No video found for Oukahoushin  Oukasakishikiza  Dreamcast
No video found for Oukoku no Grand Chef  3DO
No video found for Ouma ga Toki  Kakuriyo no Enishi  Vita
No video found for Oumagatoki  Kaidan Romance  PSP
No video found for Ouran Koukou Host Bu  PS2
No video found for Out There Somewhere  PC
No video found for OutDrive  PC
No video found for Outbound Ghost, The  Switch
No video found for Outcast  Second Contact  PS4
No video found for Outdoors Unleashed  Africa 3D  3DS
No video found for Outer Wilds  PC
No video found for Outland  PC
No video found for Outland  Xbox 360
No video found for Outside the Realm  Wii U
No video found for Outtrigger  Dreamcast
No video found for Outward  PC
No video found for Over Top  Neo Geo CD
No video found for Over the Hedge  GameCube
No video found for Over the Hedge  PS2
No video found for Over the Hedge  Hammy Goes Nuts  PSP
No video found for Over the Hills and Far Away  PC
No video found for Over the Monochrome Rainbow featuring Shogo Hamada  PS2
No video found for OverBlood  A 3D SciFi Adventure   PS1
No video found for Overboard!  Switch
No video found for Overchunked  PC
No video found for Overclocked  A History of Violence  PC
No video found for Overcooked  PC
No video found for Overcooked  Special Edition  Switch
No video found for Overcooked! 2  Switch
No video found for Overdriven Evolution  Switch
No video found for Overdriven Reloaded  PC
No video found for Overdungeon  PC
No video found for Overfall  The Ancients Awaken  PC
No video found for Overkill 3  Mobile
No video found for Overload  PC
No video found for Overlord  Dark Legend  Wii
No video found for Overlord  Escape From Nazarick  Switch
No video found for Overlord  Fellowship of Evil  PC
No video found for Overlord  Raising Hell  PS3
No video found for Overlord II  PS3
No video found for Overlord II  Xbox 360
No video found for Overlord   Xbox 360
No video found for Overpass  PC
No video found for Override  Mech City Brawl  Switch
No video found for Owari no Seraph  Unmei no Hajimari  Vita
No video found for Owaru Sekai to Birthday  Vita
No video found for Owlboy  PC
No video found for Oxenfree  PC
No video found for Oxenfree  Switch
No video found for Oyaji Hunter Mahjong  3DO
No video found for Oyako de Asoberu DS Ehon  Ukkari Penelope  DS
No video found for Oyatsu no Jikan  PC
No video found for PTO IV  Pacific Theater of Operations   PS2
No video found for PAKO 2  PC
No video found for PANPAN A TINY BIG ADVENTURE  Switch
No video found for PANDA LOVE  Wii U
No video found for PARQUET  PC
No video found for PAWARUMI  PC
No video found for PD Ultraman Invader    PS1
No video found for PEG SOLITAIRE  Wii U
No video found for PIANOFORTE  Switch
No video found for PICK ME UP!  Rescue Rangers   Switch
No video found for PING 15+ Nami Tentou Mushi) Wii U
No video found for PIXEL SLIME U  Wii U
No video found for PO'ed  3DO
No video found for POD SpeedZone   Dreamcast
No video found for PONCHO  Wii U
No video found for PONG Quest  Switch
No video found for POWER DoLLS 4  PC
No video found for POWER DoLLS 5  PC
No video found for POWER DoLLS 5X  PC
No video found for PRIDE DANCE Out & Proud  Switch
No video found for PRINCESS NIGHT  Mobile
No video found for PW  Project Witch  PSP
No video found for PaRappa the Rapper  PSP
No video found for Pac'NJump  Mobile
No video found for PacMan  Mobile
No video found for PacMan AllStars  PC
No video found for PacMan Championship Edition 2 + Arcade Game Series  PS4
No video found for PacMan Championship Edition 2 Plus  Switch
No video found for PacMan Dash!  Mobile
No video found for PacMan Geo  Mobile
No video found for PacMan Party  Wii
No video found for PacMan Party Royale  PC
No video found for PacMan World  PS1
No video found for PacMan World   PS1
No video found for PacMan World   PS1
No video found for PacMan World  RePAC  Switch
No video found for PacMan World 2  GameCube
No video found for PacMan World 3  GameCube
No video found for PacMan World 3  PS2
No video found for PacMan World 3  Xbox
No video found for PacMan World 3  PC
No video found for PacMan World Rally  GameCube
No video found for PacMan World Rally  PC
No video found for PacMan and the Ghostly Adventures  Xbox 360
No video found for PacMan and the Ghostly Adventures 2   PS3
No video found for PacMan and the Ghostly Adventures 2   Xbox 360
No video found for PacMan and the Ghostly Adventures   PC
No video found for PacMan and the Ghostly Adventures   PS3
No video found for PacMan and the Ghostly Adventures   Xbox 360
No video found for PacMan vs  GameCube
No video found for PacMania  Mobile
No video found for Pacer  PC
No video found for Pachi Moso  PC
No video found for Pachi Pachi 2 on a roll  Switch
No video found for PachiSlot Higurashi no Naku Koro ni Matsuri  PS2
No video found for PachiSlot Kanzen Kouryaku  Gigazone  The Meteor Strike  PS2
No video found for PachiPara 12  Ooumi to Natsu no Omoide  PS2
No video found for PachiPara 13  Super Umi to PachiPro Fuuunroku  PS2
No video found for PachiPara 14  Kaze to Kumo to Super Umi in Okinawa  PS2
No video found for PachiPara 15  Super Umi Monogatari in Okinawa 2  PS3
No video found for Pachinka Mania P  CR Tekkenden Tough  PSP
No video found for Pachinko no Dendou CR Nanashii  Dreamcast
No video found for Pachiokun  Maboroshi no Densetsu  PC Engine
No video found for Pachiokun  Warau Uchuu  PC Engine
No video found for Pachiokun 3  Pachi Slot & Pachinko  PC Engine
No video found for Pachiokun FX  Maboroshi no Shima Daisakusen  PC Engine
No video found for Pachislot Gyakuten Saiban  Mobile
No video found for Pachislot Monster Hunter World TM  Mobile
No video found for Pachitte Chonmage @VPACHI  CR Hissatsu Shigotonin  Dreamcast
No video found for Pack Master  Switch
No video found for Pacman Hats 2  Mobile
No video found for Pad of Time  Switch
No video found for Paddington  Adventures in London  3DS
No video found for Paddle Battle  PC
No video found for Pain   PS3
No video found for Painkiller  Gold Edition   PC
No video found for Painkiller  Hell and Damnation  PC
No video found for Painkiller  Overdose  PC
No video found for Pajama Sam  Life Is Rough When You Lose Your Stuff  PC
No video found for Palais de Reine  PS2
No video found for Pale Spectrum  Part Two of the Book of Gray Magic  PC
No video found for Panda Punch  Switch
No video found for Pandora  Kimi no Namae wo Boku wa Shiru  PS2
No video found for Pandora no Yume  Dreamcast
No video found for Pandora's Box  PC
No video found for Pang Adventures  PC
No video found for Pangea Arcade  PC
No video found for Panic Palette  PS2
No video found for Panicchan  Saturn
No video found for Pantheon Cycle, The  Shrouded Aspect  Mobile
No video found for Panty Party  PC
No video found for Panzer Corps  Afrika Korps  PC
No video found for Panzer Corps   PC
No video found for Panzer Front  Dreamcast
No video found for Panzer Front AusfB  PS2
No video found for Paper Dungeons Crawler  PC
No video found for Paper Mario  Color Splash  Wii U
No video found for Paper Mario  The Origami King  Switch
No video found for Paper Mario  The ThousandYear Door   GameCube
No video found for Paper Monsters Recut  Wii U
No video found for Paper Sorcerer  PC
No video found for Paperbound Brawlers  Switch
No video found for Papers, Please  Vita
No video found for Papetura  PC
No video found for Paradise Cracked  PC
No video found for Paradox Soul  Vita
No video found for Paragraph 78  PC
No video found for Paranormal State  Poison Spring  PC
No video found for Paranormasight  The Seven Mysteries of Honjo   Switch
No video found for Parfait  Chocolat Second Style  PS2
No video found for Parfait Remake  Switch
No video found for Parfait ~Chocolat Second Brew~  PC
No video found for Parkan  The Imperial Chronicles  PC
No video found for Parkan II  PC
No video found for Parkitect   PC
No video found for Parodion  Auto Crusher Palladium  PC Engine
No video found for Part Time UFO  Switch
No video found for Particle Mace  PC
No video found for Party Crashers  PC
No video found for Party Hard  Switch
No video found for Party Planet  Switch
No video found for Party Saboteurs  PC
No video found for Party of Sin  PC
No video found for Pastel Chime Continue  PSP
No video found for Pastel Lime  PC Engine
No video found for Pastel Muse  Saturn
No video found for Patapon  PSP
No video found for Patapon 2   PSP
No video found for Patapon 3  PSP
No video found for Path of the Abyss  PC
No video found for Pathfinder Adventures  Rise of the Goblins Deck 2  PC
No video found for Pathologic  PC
No video found for Pathologic  PC
No video found for Pathos  PC
No video found for Pato Box  Switch
No video found for Pato Box  Vita
No video found for Pavilion  Mobile
No video found for Paw Patrol  On a Roll!  Switch
No video found for Pawarumi  Switch
No video found for Paws & Claws  Pet Vet   DS
No video found for Payday 2  Xbox 360
No video found for Peach Ball  Senran Kagura  Switch
No video found for Peanuts Movie  Snoopy's Grand Adventure, The  PS4
No video found for Peanuts Movie  Snoopy's Grand Adventure, The  Wii U
No video found for Peanuts Movie  Snoopy's Grand Adventure, The  Xbox 360
No video found for Peasant Knight  Vita
No video found for Pebble Beach Golf Links   3DO
No video found for Pebble Beach Golf Links   3DO
No video found for Pebble Beach Golf Links   3DO
No video found for Pebble Beach no Hatou Plus  PS1
No video found for Peggle  PC
No video found for Peggle Classic  Mobile
No video found for Peggle Nights  PC
No video found for Pen Pen TriIceLon  Dreamcast
No video found for Pendragon  PC
No video found for Pendula Swing  The Complete Journey   Switch
No video found for Penguin Wars   Switch
No video found for Penguins of Madagascar  3DS
No video found for Penguins of Madagascar, The  Dr Blowhole Returns  Again  Wii
No video found for Penny Arcade's On the RainSlick Precipice of Darkness 3  PC
No video found for Penny Blood  Hellbound  PC
No video found for PennyPunching Princess  Switch
No video found for Penumbra  Black Plague  PC
No video found for Penumbra  Requiem  PC
No video found for Penumbra Overture  PC
No video found for Peppa Pig  World Adventures  Switch
No video found for Pepper's Puzzles  PC
No video found for Perception  PC
No video found for Percy's Predicament Deluxe  3DS
No video found for Perils of Man, The  PC
No video found for Period Cube  Shackles of Amadeus   Vita
No video found for Persephone  Mobile
No video found for Persona 2  Eternal Punishment   PS1
No video found for Persona 3  Dancing Moon Night  Vita
No video found for Persona 4 Arena Ultimax   Switch
No video found for Persona 4 Arena Ultimax   PS3
No video found for Persona 4 Arena   PS3
No video found for Persona 4 Arena   Xbox 360
No video found for Persona 4 Golden  PC
No video found for Persona 4 Golden   PC
No video found for Persona 5  PS3
No video found for Persona 5  PS4
No video found for Persona 5  PS3
No video found for Persona 5  PS3
No video found for Persona 5  Dancing Star Night  Vita
No video found for Persona 5 Royal  PS4
No video found for Persona 5 Royal  Switch
No video found for Persona 5 Strikers   PC
No video found for Persona Q  Shadow of the Labyrinth  3DS
No video found for Persona Q2  New Cinema Labyrinth  3DS
No video found for Persona   PS1
No video found for Pet Adoption Center    DS
No video found for Pet Hotel Story  Mobile
No video found for Pet Shop Story  Mobile
No video found for Peter Jackson's King Kong  The Official Game of the Movie  PSP
No video found for Peter Jacobsen's Golden Tee Golf  PS1
No video found for Petit Cluster  Switch
No video found for Petit Copter  Xbox
No video found for Petz  Dogz 2    Wii
No video found for Pew Paw  Switch
No video found for PewDiePie  Legend of the Brofist  Mobile
No video found for Phantasy Star Online Episode I & II Plus  GameCube
No video found for Phantasy Star Online Episode III  CARD Revolution  GameCube
No video found for Phantom  Phantom of Inferno  Xbox 360
No video found for Phantom Brave  PS2
No video found for Phantom Brave PC  PC
No video found for Phantom Breaker Battle Grounds Overdrive  Switch
No video found for Phantom Crash  Xbox
No video found for Phantom Doctrine  PC
No video found for Phantom Rift  Mobile
No video found for Phantom Rose  PC
No video found for Phantom Signal  SciFi Strategy Game  PC
No video found for Phantom Thief Celianna  PC
No video found for Phantom of the Kill  Mobile
No video found for Pharaonic Deluxe  PS4
No video found for PhaseD  Akaki no Shou  PSP
No video found for PhaseD  Aohana no Shou  PSP
No video found for PhaseD  Kurosei no Shou  PSP
No video found for Phigros  Mobile
No video found for Phil's Epic FillAPix Adventure   3DS
No video found for Phineas and Ferb  Day of Doofenshmirtz  Vita
No video found for Phineas and Ferb  Quest for Cool Stuff  3DS
No video found for Phineas and Ferb Across the 2nd Dimension  PS3
No video found for Phineas and Ferb Across the 2nd Dimension  Wii
No video found for Phlyndir  PC
No video found for Phoenix Hope  PC
No video found for Phoenix Wright  Ace Attorney Trilogy HD   Mobile
No video found for Phoenix Wright  Ace Attorney Trilogy   Switch
No video found for Phoenix Wright Ace Attorney  Dual Destinies   Mobile
No video found for Phoenix Wright Ace Attorney  Spirit of Justice   3DS
No video found for Phoenotopia  Awakening  PC
No video found for Phoenotopia Awakening  Switch
No video found for PhotoKano  PSP
No video found for PhotoKano Kiss  Vita
No video found for Photon Cube  Vita
No video found for Phrasefight  Switch
No video found for Physical Contact  2048  Switch
No video found for Physical Contact  Picture Place  Switch
No video found for Physical Contact  Picture Place   3DS
No video found for Physical Contact  Speed  Switch
No video found for Physical Lesson Otometachi no Rhapsody  PC
No video found for Pia Carrot e Youkoso!! 4  Natsu no Koikatsu  Xbox 360
No video found for Pia Carrot e Youkoso!! GO Summer Fair  PS2
No video found for Pia Carrot e Youkoso!! GP Gakuen Princess  PS2
No video found for Pia Carrot he Youkoso!! 2  Saturn
No video found for Pia Carrot he Youkoso!! 25  Dreamcast
No video found for Pia Carrot he Youkoso!! 3  Dreamcast
No video found for PicAPix Classic  Vita
No video found for PicaPix Color  Wii U
No video found for PicaPix Color  Vita
No video found for PicaPix Color   3DS
No video found for PicaPix Pieces  Vita
No video found for Picross 3D Round 2   3DS
No video found for Picross Lord of the Nazarick  Switch
No video found for Picross S  Switch
No video found for Picross S  GENESIS & Master System Edition    Switch
No video found for Picross S+  Switch
No video found for Picross S2  Switch
No video found for Picross S3  Switch
No video found for Picross S4  Switch
No video found for Picross S5  Switch
No video found for Picross S6  Switch
No video found for Picross S7  Switch
No video found for Picross S8  Switch
No video found for Picross S9  Switch
No video found for Picross X  Picbits vs Uzboross  Switch
No video found for Pictlogica Final Fantasy  3DS
No video found for PictoParty  Wii U
No video found for PictoQuest  Switch
No video found for Pictopix  PC
No video found for Picture Puzzle Collection  DS
No video found for Pid  PC
No video found for Pier Solar and the Great Architects  Enhanced Soundtrack Disc  Mega Drive
No video found for Pig Eat Ball  PC
No video found for Pig Eat Ball  Switch
No video found for Pig Medal  Wii U
No video found for PigShip and the Giant Wolf  Switch
No video found for Pikmin 3  Wii U
No video found for Pikmin 3 Deluxe  Switch
No video found for Pikmin Bloom  Mobile
No video found for Pillars of Eternity  Complete Edition  Switch
No video found for Piloteer  PC
No video found for Pimp My Ride  PS2
No video found for PinOut  Mobile
No video found for Pinball Breakout  Wii U
No video found for Pinball Breakout  3DS
No video found for Pinball Fun   PS2
No video found for Pinball Graffiti  Saturn
No video found for Pineview Drive  PC
No video found for Pinkalicious  It's Party Time!   DS
No video found for Pinkman  PC
No video found for Pinkman+  Switch
No video found for Pinku Kult  Hex Mortis  Switch
No video found for Pinobee   PS1
No video found for Pinstripe  PC
No video found for Piofiore  Fated Memories   Switch
No video found for Piofiore no Banshou  Vita
No video found for Piofiore no Banshou  Episodio 1926  Switch
No video found for Pipe & Quest  Mobile
No video found for Pipe Dreams 3D   PS1
No video found for Pipe Mania  PS2
No video found for Piposaru 2001  PS2
No video found for Pippi Longstocking 3D  3DS
No video found for Pirate Hunter  PC
No video found for Pirate Legends TD  Mobile
No video found for Pirate Pop Plus  3DS
No video found for Pirate Pop Plus  Wii U
No video found for Pirates  The Legend of Black Kat  PS2
No video found for Pirates of Black Cove  PC
No video found for Pirates of the Caribbean  The Legend of Jack Sparrow  PC
No video found for Pirates of the Polygon Sea  PC
No video found for Pix the Cat  Switch
No video found for Pixboy   Switch
No video found for Pixel Devil and the Broken Cartridge  Switch
No video found for Pixel Game Maker Series Osyaberi! Horijo! Holin Slash  Switch
No video found for Pixel Gladiator  PC
No video found for Pixel Gladiator  Switch
No video found for Pixel Gun 3D  Mobile
No video found for Pixel Hunter  3DS
No video found for Pixel Paint  Wii U
No video found for Pixel Puzzle Collection  Mobile
No video found for Pixel Puzzles Ultimate  PC
No video found for Pixel Shield  PC
No video found for Pixel Shopkeeper  PC
No video found for Pixel Story, A  PS4
No video found for PixelJunk Eden 2  Switch
No video found for PixelJunk Monsters 2 Demo  Switch
No video found for PixelJunk Nom Nom Galaxy  PC
No video found for PixelJunk Scrappers Deluxe  Switch
No video found for Pixeline i Pixieland  GBA
No video found for Pixeljunk Shooter  PC
No video found for Pixygarden  PS1
No video found for Piyotan  Oyashiki Sennyuu Daisakusen!  PS2
No video found for Pizza Parking  Switch
No video found for Pizza Titan Ultra  PC
No video found for Pizza Tower  PC
No video found for Pizzicato Polka  Ensa Genya  Dreamcast
No video found for Pizzicato Polka  Suisei Genya  PS2
No video found for Plague Tale, A  Innocence  PC
No video found for Planar Conquest  Mobile
No video found for Planes  Wii U
No video found for Planes  Wii
No video found for Planes  PC
No video found for Planes  Fire & Rescue  Wii U
No video found for Planescape Torment  Enhanced Edition  Switch
No video found for Planet 51  PS3
No video found for Planet Explorers  PC
No video found for Planet Nomads  PC
No video found for PlanetSide 2  PC
No video found for Planetary Annihilation  PC
No video found for Plantera  Wii U
No video found for Plants vs Zombies  Mobile
No video found for Plants vs Zombies  PS3
No video found for Plasma Sword  Nightmare of Bilstein   Dreamcast
No video found for Platformines  PC
No video found for Platypus  PC
No video found for Platypus II  PC
No video found for Play with Gilbert  PC
No video found for PlayStation 3 System Software  PS3
No video found for PlayStation Classic   PS1
No video found for PlayStation Move Ape Escape   PS3
No video found for PlayStation Move Heroes  PS3
No video found for PlayStation Network Collection  Power Pack, Puzzle Pack  PSP
No video found for PlayStation Portable System Software  PSP
No video found for Playboy  The Mansion  PC
No video found for Playboy  The Mansion Private Party  PC
No video found for Playmobil Circus  Wii
No video found for Please The Gods  Switch
No video found for Pleasure Goal  5 on 5 Mini Soccer   Neo Geo CD
No video found for Plenty of Fishies  Wii U
No video found for Plunder Panic  PC
No video found for Plunderer's Adventures  Switch
No video found for Plus Plum 2  Xbox
No video found for Plus Plum 2  PS2
No video found for PockeKano  Yumi  Shizuka  Fumio  Dreamcast
No video found for Pocket Arcade Story  Switch
No video found for Pocket Bravery  PC
No video found for Pocket Kingdom  PC
No video found for Pocket MuuMuu  PS1
No video found for Pocket Penguin DX  A Retro Style Adventure  Switch
No video found for Pocket Ping Pong 2005  Other systems
No video found for Pocket RPG  Mobile
No video found for Pocket RPG  Vita
No video found for Pocky & Rocky Reshrined   Switch
No video found for Pocoyo Racing  Wii
No video found for Pode  Switch
No video found for Poi  Explorer Edition  Switch
No video found for Poi! Hito Natsu no Keiken!  PS2
No video found for Poinie's Poin  PS2
No video found for Poison Control  Switch
No video found for Pokemon Battle Revolution  Wii
No video found for Pokemon Brilliant Diamond + Shining Pearl   Switch
No video found for Pokemon Cafe Mix  Switch
No video found for Pokemon Cafe Mix  Mobile
No video found for Pokemon HOME  Switch
No video found for Pokemon Legends  Arceus  Switch
No video found for Pokemon Mystery Dungeon Rescue Team DX Demo  Switch
No video found for Pokemon Mystery Dungeon Rescue Team DX   Switch
No video found for Pokemon Quest  Switch
No video found for Pokemon Rumble U  Wii U
No video found for Pokemon Rumble World   3DS
No video found for Pokemon Scarlet + Violet   Switch
No video found for Pokemon Smile  Mobile
No video found for Pokemon Sword + Shield    Switch
No video found for Pokemon Sword    Switch
No video found for Pokémon Shuffle  Mobile
No video found for Pokémon Sleep  Mobile
No video found for Pokémon TCG Card Dex  Mobile
No video found for Polar Bowler   PC
No video found for Polar Golfer  PC
No video found for Polara  3DS
No video found for Polaris Sector  PC
No video found for Polaris SnoCross  PS1
No video found for Polarity  PC
No video found for Polaroid Pete   PS2
No video found for Police Stories  PC
No video found for Police Tactics  Imperio  PC
No video found for Police X Heroine Lovepatrina! Love na Rhythm de Taiho Shimasu!  Switch
No video found for Poltergeist  A Pixelated Horror  PC
No video found for Poltergeist  A Pixelated Horror  Vita
No video found for Polyball  PC
No video found for Polychromatic  PC
No video found for Polygod  PC
No video found for Polygon Attack  PC
No video found for Polynomial  Space of the Music  PC
No video found for Polynomial 2  Universe of the Music  PC
No video found for Pompom  The Great Space Rescue  Switch
No video found for Pony Island  PC
No video found for Pony Luv  DS
No video found for Poochy & Yoshi's Woolly World   3DS
No video found for Pooh's Party Game  In Search of the Treasure   PC
No video found for Pool Hustler  PS1
No video found for Pool Nation  PC
No video found for Pool Paradise  GameCube
No video found for Pool Slide Story   Switch
No video found for Pool of Radiance  Ruins of Myth Drannor  PC
No video found for Poopdie  Chapter One  Switch
No video found for Pooplers  Switch
No video found for Pop'n Music   Wii
No video found for PopSlinger  Switch
No video found for Populous  The Beginning  PS1
No video found for Populous  The Promised Lands  PC Engine
No video found for Popup Dungeon  PC
No video found for Port Royale 2  PC
No video found for Port Royale 3  Pirates & Merchants  PC
No video found for Portable Island  Tenohira Resort  PSP
No video found for Portal Runner  PS2
No video found for Portal Walk  PC
No video found for PositronX  PC
No video found for Possession Magenta  Vita
No video found for Post Apocalyptic Mayhem  PC
No video found for Postknight  Mobile
No video found for Potata  Fairy Flower  PC
No video found for Potion Party  Switch
No video found for Power Jet Racing 2001  Dreamcast
No video found for Power Pro Kun Pocket R  Switch
No video found for Power Rangers  Dino Thunder  GameCube
No video found for Power Rangers  Samurai  DS
No video found for Power Rangers Samurai  Wii
No video found for Power Rangers Super Legends  PC
No video found for Power Rangers Super Megaforce  3DS
No video found for Power Rangers Super Samurai  Xbox 360
No video found for Power Serve 3D Tennis    PS1
No video found for Power Smash  Live Match!  PS3
No video found for Power Spikes II  Neo Geo CD
No video found for Powerboat Racing  PS1
No video found for Powerpuff Girls, The  Relish Rampage  Pickle Edition  GameCube
No video found for Powerslide  PC
No video found for PoyPoy   PS1
No video found for Predynastic Egypt  PC
No video found for Prehistoric Dude  Switch
No video found for Pressure Overdrive  PC
No video found for Preta  Vendetta Rising  PC
No video found for Pretty Girls Breakers!  Switch
No video found for Pretty Girls Four Kings Solitaire  Switch
No video found for Pretty Girls Speed  Switch
No video found for Pretty Princess Magical Coordinate  Switch
No video found for Pretty Rhythm  My Deco Rainbow Wedding  3DS
No video found for Pretty Rhythm  Rainbow Live  Kira Kira My Design  3DS
No video found for PriSaga! Princess wo Sagase!  PS2
No video found for PriPara & Pretty Rhythm  PriPara de Tsukaeru Oshare Item 1450!  3DS
No video found for PriPara All Idol Perfect Stage  Switch
No video found for PriPara Mezameyo! Megami no Dress Design  3DS
No video found for PriPara Mezase! Idol Grand Prix No1!  3DS
No video found for PriPri Chichan! PriPri DecoRoom!  3DS
No video found for Pride FC Fighting Championships  PS2
No video found for Pride GP Grand Prix 2003  PS2
No video found for Primal Light  PC
No video found for Primary  Magical Trouble Scramble  PC
No video found for Prime World  Defenders  PC
No video found for Primopuel  Oshaberi Heartner  PS2
No video found for Primordia  Switch
No video found for Primordials  Battle of Gods  PC
No video found for Prince of Persia  Arabian Nights  Dreamcast
No video found for Prince of Persia  Revelations  PSP
No video found for Prince of Persia  Rival Swords  PSP
No video found for Prince of Persia  The Forgotten Sands   PSP
No video found for Prince of Persia  Warrior Within  PC
No video found for Prince of Persia  Warrior Within   PC
No video found for Prince of Persia Classic  Mobile
No video found for Prince of Stride  Vita
No video found for Princess Arthur  PSP
No video found for Princess Arthur  Vita
No video found for Princess Connect! ReDive  Mobile
No video found for Princess Crown  Saturn
No video found for Princess Evangile  PC
No video found for Princess Frontier Portable  PSP
No video found for Princess Heart, The  PC
No video found for Princess Maker  Fairy Tales Come True  Switch
No video found for Princess Maker  Yumemiru Yousei  Saturn
No video found for Princess Maker 4 Portable  PSP
No video found for Princess Maker 5  PS2
No video found for Princess Maker 5 Portable  PSP
No video found for Princess Nightmare  PS2
No video found for Princess Princess  PS2
No video found for Princess Remedy in a World of Hurt  PC
No video found for Princess Waltz  PC
No video found for Princess, The Stray Cat, and Matters of the Heart, The  PC
No video found for PrincessLootPixelAgain X2  Switch
No video found for Prinny  Can I Really Be the Hero  Switch
No video found for Prinny 2  Dawn of Operation Panties, Dood!  Switch
No video found for Prinny Presents NIS Classics Vol 2  Switch
No video found for Prinny Presents NIS Classics Volume 1  Switch
No video found for Prism Ark  Awake  PS2
No video found for Prism Heart  Dreamcast
No video found for Prison Princess  Switch
No video found for Prisoner of Ice  Jashin Kourin  PS1
No video found for Private Eye Dol  PC Engine
No video found for Pro Cycling Manager 2013  PC
No video found for Pro Evolution Soccer 2008   PS2
No video found for Pro Evolution Soccer 2011 3D   3DS
No video found for Pro Evolution Soccer 2012 3D   3DS
No video found for Pro Evolution Soccer 2013  PC
No video found for Pro Evolution Soccer 2013 3D   3DS
No video found for Pro Evolution Soccer 2015   PS3
No video found for Pro Mahjong Kiwame D  Dreamcast
No video found for Pro Pinball  Big Race USA  PS1
No video found for Pro Pinball  Fantastic Journey  PS1
No video found for Pro Pinball Trilogy  Dreamcast
No video found for Pro Pinball   Saturn
No video found for Pro Rally  GameCube
No video found for Pro Shinan Mahjong  Tsuwamono  Saturn
No video found for Pro Yakyu Famista 2020  Switch
No video found for Pro Yakyuu Famista Evolution  Switch
No video found for Pro Yakyuu Spirits 2015  Vita
No video found for Pro Yakyuu Spirits 2019  Vita
No video found for Pro Yakyuu Super '94, The  PC Engine
No video found for Pro Yakyuu Super League CD  Mega Drive
No video found for Pro Yakyuu Super, The  PC Engine
No video found for Pro Yakyuu Team o Tsokouru! 3  PS2
No video found for Pro Yakyuu Virtual Stadium  Professional Baseball  3DO
No video found for Prodeus  PC
No video found for Prodigy Racing  PC
No video found for Prodigy Tactics  PC
No video found for Proelium  PC
No video found for Profane  Switch
No video found for Professor Layton and the Curious Village HD for Mobile  Mobile
No video found for Professor Layton and the Diabolical Box HD for Mobile  Mobile
No video found for Professor Layton and the Unwound Future HD for Mobile  Mobile
No video found for Professor Lupo  Ocean  PC
No video found for Project Abyss  PC
No video found for Project Aether  First Contact  PC
No video found for Project Aura  PC
No video found for Project CARS  PS4
No video found for Project Cars 2  PS4
No video found for Project Cars 2  Spirit of Le Mans  PC
No video found for Project Discovery  Daidai Daisuki!  Vita
No video found for Project G  PC
No video found for Project GaiaRay  PS1
No video found for Project Gotham Racing 3  Xbox 360
No video found for Project Graviton  PC
No video found for Project Kat  PC
No video found for Project Milo  Xbox 360
No video found for Project Nomads  After the disaster!  PC
No video found for Project Overkill  PS1
No video found for Project Root  Vita
No video found for Project Spark  PC
No video found for Project Starship  PC
No video found for Project Triangle Strategy Debut Demo  Switch
No video found for Project Warlock  PC
No video found for Project Zomboid  PC
No video found for Prometheus Secret Noohra, The  PC
No video found for Promethium  PC
No video found for Pronant Symphony  PC
No video found for Property Brothers Home Design  Mobile
No video found for Proteus  Vita
No video found for ProtoCorgi  Switch
No video found for Protodroid DeLTA  Switch
No video found for Proton Pulse  PC
No video found for Protoxide Death Race  Mobile
No video found for Proun+  3DS
No video found for PsiOps  The Mindgate Conspiracy  PC
No video found for PsiOps  The Mindgate Conspiracy  Xbox
No video found for Psikyo Collection Vol 3  Switch
No video found for Psybadek  PS1
No video found for Psychedelica of the Ashen Hawk  PC
No video found for Psychic Detective Series Vol 3  Aya  PC Engine
No video found for Psychic Detective Series Vol 3  Aya  Mega Drive
No video found for Psychic Detective Series Vol 4  Orgel  PC Engine
No video found for Psychic Detective Series Vol 4  Orgel  Mega Drive
No video found for Psychic Detective Vol 3  Aya  FM Towns
No video found for Psychic Force  Puzzle Taisen  PS1
No video found for Psychic Force Complete  PS2
No video found for Psycho Starship Rampage  PC
No video found for Psychoduck, The  Switch
No video found for Psychonauts   Xbox
No video found for Psyvariar 2  The Will to Fabricate  Dreamcast
No video found for Psyvariar 2  Ultimate Final  PS2
No video found for Psyvariar Delta  Switch
No video found for Puchi Carat  PS1
No video found for Pudding Monsters  Switch
No video found for Puddle  Vita
No video found for Puddle  Wii U
No video found for Puddle Plus  Mobile
No video found for Puella Magi Madoka Magica Portable  PSP
No video found for Puella Magi Madoka Magica Side Story  Magia Record  Mobile
No video found for Puffle Launch  Mobile
No video found for Pukunpa  Joshikousei no Houkago  PS1
No video found for Pulstar  Neo Geo CD
No video found for Pulstario  Switch
No video found for Pumped BMX +  Vita
No video found for Pumped BMX +  Wii U
No video found for Punch Club  Mobile
No video found for Punch Club  3DS
No video found for PunchMan Online  Switch
No video found for Punishing  Gray Raven  Mobile
No video found for Pup Breeder  Saturn
No video found for Puppy Luv  Spa and Resort   GBA
No video found for PuraMai Wars V  Vita
No video found for Pure Chase 80's  Switch
No video found for Pure Pinball  Xbox
No video found for Pure Pure  PC
No video found for Pure Pure  Mimi to Shippo no Monogatari  PS2
No video found for Pure Song Garden!  PC
No video found for Pure   Xbox 360
No video found for Pure   PS3
No video found for Pure x Cure Recovery  PS2
No video found for Purino Party  PC
No video found for Purrfect Apawcalypse  Patches' Infurno  PC
No video found for PuruChara Friends  Hoppechan to Sanrio Characters  Switch
No video found for Push The Crate  Switch
No video found for Pushmo World    Wii U
No video found for Pushy and Pully in Blockland  Switch
No video found for Puyo Pop Fever   GameCube
No video found for Puyo Puyo  FM Towns
No video found for Puyo Puyo 15th Anniversary  PS2
No video found for Puyo Puyo Chronicle  3DS
No video found for Puyo Puyo Da! featuring Ellena System  Dreamcast
No video found for Puyo Puyo Fever  Dreamcast
No video found for Puyo Puyo Fever 2  PS2
No video found for Puyo Puyo Tetris  PS3
No video found for Puyo Puyo Tetris  PS4
No video found for Puyo Puyo Tetris  Wii U
No video found for Puyo Puyo Tetris 2  Switch
No video found for Puyo Puyo Tetris   Switch
No video found for Puyo Puyo eSports  Switch
No video found for Puyo Puyo! 15th Anniversary  Wii
No video found for Puyo Puyo!! 20th Anniversary  Wii
No video found for Puyo Puyo!! 20th Anniversary  3DS
No video found for Puyo Puyoon  Dreamcast
No video found for Puyo Puyo~n  Carkun to Issho  PS1
No video found for Puzzle & Dragons  Mobile
No video found for Puzzle & Dragons Gold  Switch
No video found for Puzzle & Dragons Nintendo Switch Edition  Switch
No video found for Puzzle  Diddl  DS
No video found for Puzzle  Underwater  DS
No video found for Puzzle Battler! Mirai  Switch
No video found for Puzzle Bobble Everybubble!  Switch
No video found for Puzzle Forge Dungeon  PC
No video found for Puzzle Maniacs   PS2
No video found for Puzzle Monkeys  Wii U
No video found for Puzzle Quest  The Legend Returns  Switch
No video found for Puzzle Quest 2  Mobile
No video found for Puzzle Series Vol 2  Illust Logic + Colorful Logic  Wii
No video found for Puzzle Star Sweep   PS1
No video found for Puzzle Vacations  Ireland  Switch
No video found for Puzzle by Nikoli S Nurikabe  Switch
No video found for Puzzle by Nikoli S Slitherlink  Switch
No video found for Puzzle by Nikoli V  Sudoku   Vita
No video found for Puzzler Collection   DS
No video found for Puzznic  PS1
No video found for Pylon Rogue  PC
No video found for Pyon Pyon Kyaruru no Mahjong Hiyori  Saturn
No video found for Pyramid Intruder  3DO
No video found for Pyre  PC
No video found for Pyroblazer  PC
No video found for Q  A Neon Platformer  PC
No video found for QBall  Billiards Master  PS2
No video found for QBert  Rebooted  Vita
No video found for QYO Blaster  PC
No video found for QYO Blaster  Switch
No video found for Qbert  Dreamcast
No video found for QP Shooting  Dangerous!!  PC
No video found for QUByte Classics  Jim Power  The Lost Dimension by PIKO  Switch
No video found for QUByte Classics  The Humans by PIKO  Switch
No video found for Qbics Paint  Switch
No video found for Qbik  Switch
No video found for Quad Fighter K   Switch
No video found for Quake II  Other systems
No video found for Quake II Mission Pack 2  Ground Zero  PC
No video found for Quake III  Revolution  PS2
No video found for Quake Remastered  Switch
No video found for Quantum Conundrum  PC
No video found for Quantum Recharged  Switch
No video found for Quantum Redshift   Xbox
No video found for Quantum Revenge  Mobile
No video found for Quantum Revenge  Mobile
No video found for Quantum Runners  PC
No video found for Quartett! The Stage of Love  PS2
No video found for Queen of Duelist Gaiden, The + Gaiden Alpha  FM Towns
No video found for Queen of Duelist, The  FM Towns
No video found for Queen's Garden  Wii U
No video found for Queeny Army  Switch
No video found for Quell Memento   3DS
No video found for Quell Reflect   3DS
No video found for Quell Zen  Switch
No video found for Quest for Glory V  Dragon Fire  PC
No video found for Quest for Infamy  PC
No video found for Quest for the Golden Duck  Switch
No video found for Quest of Dungeons  Wii U
No video found for Quiet Collection, The  Wii U
No video found for Quiet Collection, The  Vita
No video found for Quiplash  PC
No video found for Quiz Ah! Megamisama  Tatakau Tsubasa Totomo Ni  Dreamcast
No video found for Quiz Kidou Senshi Gundam  Toi Senshi DX  PSP
No video found for Quiz Marugoto The World 2  Time Machine ni Onegai!  PC Engine
No video found for Quiz Present Variety QSama!! DS  Pressure Study x Atama Ga Yokunaru Drill SP  DS
No video found for Quiz RPG  World of Mystic Wiz   Mobile
No video found for R  Racing Evolution  GameCube
No video found for R  Racing Evolution   PS2
No video found for R  Racing Evolution   Xbox
No video found for R15 Portable  PSP
No video found for RType Command   PSP
No video found for RType Dimensions EX  Switch
No video found for RType Tactics II  Operation Bitter Chocolate  PSP
No video found for RIPD  The Game  PC
No video found for R2 Iseki he no Michi  PC
No video found for RACE THE SUN  Wii U
No video found for RADIANTFLUX  HYPERFRACTAL  Wii U
No video found for RAGE 2  Rise of the Ghosts  PC
No video found for RAGE 2  Rise of the Ghosts  PS4
No video found for RAZED  PC
No video found for RC Revenge  PS1
No video found for RC Revenge Pro  PS2
No video found for RC de Go!   PS1
No video found for REC  DokiDoki Seiyuu Paradise  PS2
No video found for REFLEC BEAT  PC
No video found for REFLEC BEAT plus  Mobile
No video found for REPLAY  VHS is not dead  Wii U
No video found for RETSNOM  Mobile
No video found for RINA RhythmERROR  Switch
No video found for RIVE  Wreck, Hack, Die, Retry!  PC
No video found for ROCKETRON  PC
No video found for ROCKETSROCKETSROCKETS  PC
No video found for RPG Chronus Arc  Mobile
No video found for RPG Fighter League  PC
No video found for RPG Maker MV + DLC  PC
No video found for RPG Merchant  PC
No video found for RPG Silver Nornir  Mobile
No video found for RPG Time  The Legend of Wright   Switch
No video found for RPG ~ End of Aspiration  Mobile
No video found for RPGolf Legends  Switch
No video found for RTL Biathlon 2009  PC
No video found for RTL Racing Team Manager  PC
No video found for RTL Ski Jumping 2005  PC
No video found for RTL Winter Sports 2009  PC
No video found for RUINER  PC
No video found for RUSH  Wii U
No video found for RXN  Raijin  Switch
No video found for Rabbit  Saturn
No video found for Rabi Laby  Puzzle Out Stories  Vita
No video found for Rabi Ribi  PC
No video found for RabiRibi  Vita
No video found for RabiRibi  Switch
No video found for Raby Laby  Puzzle Out Stories  Switch
No video found for Race After 1977  Mobile
No video found for Race the Sun  Vita
No video found for Race with Ryan  Switch
No video found for Raceabit  PC
No video found for Racing Lagoon  PS1
No video found for Rack N Ruin  PS4
No video found for Racquet Sports   PS3
No video found for Rad Rodgers  PC
No video found for RadialG Racing Revolved  PC
No video found for Radiant Crusade VR  PC
No video found for Radiant Historia  DS
No video found for Radiant Historia  Perfect Chronology  3DS
No video found for Radiation Island  Mobile
No video found for Radical Dungeon Sweeper  PC
No video found for Radical Rabbit Stew  PC
No video found for Radical Rabbit Stew  Switch
No video found for Radio Hammer Station  Switch
No video found for Radio Hammer Station  Vita
No video found for Radio Squid  Switch
No video found for Radio Viscera  PC
No video found for Radioactive Dwarfs  Evil From the Sewers  Switch
No video found for Radiohammer   3DS
No video found for Raft  PC
No video found for Rage of Mages  PC
No video found for Rage of Mages II  Necromancer  PC
No video found for RageBall  PC
No video found for Raging Blasters  Switch
No video found for Raging Justice  PC
No video found for Ragnagard   Neo Geo CD
No video found for Raiden III  PS2
No video found for Raiden IV  Xbox 360
No video found for Raiden IV Overkill  PS3
No video found for Raiden IV x MIKADO remix  PC
No video found for Raiden Legacy  PC
No video found for Raiders of the Broken Planet  Hades Betrayal  PC
No video found for Railroad Tycoon II  Dreamcast
No video found for Raimuiro Senkitan Jun  Meiji Nihon, Otome Sakimorisu  PS2
No video found for Rain Blood Chronicles  Mirage  PC
No video found for Rain World  Switch
No video found for Rain on Your Parade   Switch
No video found for Rainbow Cotton  Dreamcast
No video found for Rainbow Laser Disco Dungeon  Switch
No video found for Rainbow Moon  Vita
No video found for Rainbow Moon  PS4
No video found for Rainbow Runner  Switch
No video found for Rainbow Six  Dreamcast
No video found for Rainbow Skies  Vita
No video found for Rainbows, Toilets & Unicorns  Switch
No video found for Raishi  3DS
No video found for Rakoo & Friends  Wii U
No video found for Rakuen  PC
No video found for Rakugaki Kingdom  Mobile
No video found for Rakugaki Showtime  PS1
No video found for Rakushou! PachiSlot Sengen 5  Rio Paradise  PS2
No video found for Rakushou! PachiSlot Sengen 6  Rio 2 Cruising Vanadis  PS2
No video found for RalliSport Challenge  PC
No video found for RalliSport Challenge 2  Xbox
No video found for Rally Chase  Neo Geo CD
No video found for Rally Copters  Vita
No video found for Rally Racers  Switch
No video found for Rally Rock 'N Racing  Switch
No video found for Ramp Car Racing  Switch
No video found for Rampage  Total Destruction  GameCube
No video found for Rampage Miami  PC
No video found for Rampage Through Time  PS1
No video found for Rance IX  The Helmanian Revolution   PC
No video found for Rance Quest Magnum  PC
No video found for Rance VI  Collapse of Zeth   PC
No video found for Rance X  Showdown   PC
No video found for Randal's Monday  PC
No video found for Random Heroes  Gold Edition  Switch
No video found for Rango  PS3
No video found for Ranma 12  Byakuran Aika  Mega Drive
No video found for Ranma 12  Datou, Ganso Musabetsu Kakutou Ryuu!  PC Engine
No video found for Ranshima Monogatari Rare Land Story  Shoujo no Yakujou Remake  Switch
No video found for Rascal   PS1
No video found for Rasen Reijoh Spiral Ojousama Chohatsu no Makina  Switch
No video found for Raspberry Mash  Switch
No video found for Rat Attack!  PS1
No video found for Ratatouille  PC
No video found for Ratatouille  Xbox
No video found for Ratatouille   GameCube
No video found for Ratchet & Clank  All 4 One  PS3
No video found for Ratchet & Clank  Full Frontal Assault    Vita
No video found for Ratchet & Clank  Full Frontal Assault    PS3
No video found for Ratchet & Clank  Going Commando  Vita
No video found for Ratchet & Clank  Going Commando    PS2
No video found for Ratchet & Clank  Size Matters   PS2
No video found for Ratchet & Clank  Up Your Arsenal  Vita
No video found for Ratchet  Deadlocked    PS2
No video found for Rattyvity Lab  Switch
No video found for Raven's Cry  PC
No video found for Ravenmark  Scourge of Estellion  PC
No video found for Ravensword  Mobile
No video found for Ravva and the Cyclops Curse  Switch
No video found for Ravva and the Phantom Library  Switch
No video found for RawrOff  Switch
No video found for RayCrisis  Series Termination   PS1
No video found for Rayman  Legends  PS3
No video found for Rayman 2  The Great Escape  Dreamcast
No video found for Rayman 2  The Great Escape  Mobile
No video found for Rayman 3  Hoodlum Havoc  GameCube
No video found for Rayman 3  Hoodlum Havoc  Xbox
No video found for Rayman 3  Hoodlum Havoc  PC
No video found for Rayman 3  Hoodlum Havoc  PS2
No video found for Rayman 3  Hoodlum Havoc   PS2
No video found for Rayman 3  Hoodlum Havoc   PS2
No video found for Rayman 3  Hoodlum Havoc   PC
No video found for Rayman 3  Hoodlum Havoc   PS2
No video found for Rayman 3  Hoodlum Havoc   PC
No video found for Rayman 3  Hoodlum Havoc   PC
No video found for Rayman 3  Hoodlum Havoc   PS2
No video found for Rayman 3  Hoodlum Havoc   PS2
No video found for Rayman 3 HD  PS3
No video found for Rayman Adventures  Mobile
No video found for Rayman Arena  PS2
No video found for Rayman Arena  PC
No video found for Rayman Arena  GameCube
No video found for Rayman Arena  Xbox
No video found for Rayman Brain Games  PS1
No video found for Rayman Fiesta Run  Mobile
No video found for Rayman Fiesta Run  PC
No video found for Rayman Jungle Run  Mobile
No video found for Rayman Jungle Run  PC
No video found for Rayman Legends  Xbox 360
No video found for Rayman Legends  PC
No video found for Rayman Legends Beatbox  Mobile
No video found for Rayman Legends Beatbox  PC
No video found for Rayman Mini   PC
No video found for Rayman Origins  PS3
No video found for Rayman   Saturn
No video found for Razenroth  PC
No video found for Razerwire  Nanowars  Switch
No video found for Razion EX  Switch
No video found for Razor Freestyle Scooter  Dreamcast
No video found for Re BIRTHDAY SONG  Koi o Utau Shinigami  Another Record  Vita
No video found for ReLieF ~Shin'ainaru Anata e~  PC
No video found for ReVolt  Dreamcast
No video found for ReVolt  Racing out of Control  PS1
No video found for Re;Zero  kara Hajimeru Isekai Seikatsu  DEATH OR KISS  PS4
No video found for ReVeN XBridge  PC
No video found for Reader Rabbit Preschool  PC
No video found for Ready 2 Rumble Boxing  Round 2  PS2
No video found for Ready 2 Rumble Boxing  Round 2  PS1
No video found for Ready 2 Rumble Revolution  Wii
No video found for Real Drift Racing  Switch
No video found for Real Golf 2011 HD  Mobile
No video found for Real Heroes  Firefighter  Wii
No video found for Real Mahjong Adventure  Umi he Summer Waltz  Saturn
No video found for Real Pinball  3DO
No video found for Real Racing 2  Mobile
No video found for Real Racing 3  Mobile
No video found for Real Racing 3  Mobile
No video found for Real Racing HD  Mobile
No video found for Real Robots Final Attack  PS1
No video found for Real Sound  Kaze no Regret  Dreamcast
No video found for Real Warfare 2  Northern Crusades  PC
No video found for Realize  Panorama Luminary  PS2
No video found for Realms of Ancient War  PC
No video found for Realms of Arkania  Blade of Destiny Revised  PC
No video found for Realms of Arkania  Star Trail  PC
No video found for Reaper  Tale of a Pale Swordsman  Switch
No video found for Rear Sekai   Switch
No video found for RearSekai Demo  Switch
No video found for Reassembly  PC
No video found for Rebel Galaxy  PC
No video found for Rebellions  Secret Game 2nd Stage  PSP
No video found for Rebirth Colony Lost Azurite  PC
No video found for RecoLove  Blue Ocean  Vita
No video found for Record of Agarest War 2    PS3
No video found for Record of Lodoss War  Deedlit in Wonder Labyrinth  Switch
No video found for Record of Lodoss War Deedlit in Wonder Labyrinth  PC
No video found for Record of Lodoss War Online   PC
No video found for Record of Lodoss War   Dreamcast
No video found for Recursed  PC
No video found for Recursion Deluxe  PC
No video found for Red Ball 4  Mobile
No video found for Red Ball 4  Mobile
No video found for Red Death  Switch
No video found for Red Dog  Superior Firepower!  Dreamcast
No video found for Red Faction II  GameCube
No video found for Red Game Without a Great Name  Vita
No video found for Red Goddess  Inner World  PS4
No video found for Red Hot Ricochet  Switch
No video found for Red Obsidian Remnant  PC
No video found for Red Riding Hood  Wii U
No video found for Red Solstice,The  PC
No video found for Red Star, The  PSP
No video found for Red Steel  Wii
No video found for Red Strings Club, The  PC
No video found for Red Strings Club, The  Switch
No video found for Red Tether  PC
No video found for Red White Yellow Cruising   Switch
No video found for Red White Yellow Stingray   Switch
No video found for Red White Yellow Zinger   Switch
No video found for Red White Yellow   Switch
No video found for Red Wings  American Aces  Switch
No video found for RedCard 2003   GameCube
No video found for RedRaptor  Switch
No video found for Redline  PC
No video found for Redline Racer  PC
No video found for Redneck Rampage  PC
No video found for Redout  PC
No video found for Redout Enhanced Edition  PC
No video found for Reed 2  Switch
No video found for Reed Remastered  Vita
No video found for Reel Fishing  Angler's Dream   Wii
No video found for Reel Fishing  The Great Outdoors   PSP
No video found for Reel Fishing II   PS1
No video found for Reel Fishing, Wild   Dreamcast
No video found for Reentry  An Orbital Simulator  PC
No video found for RefRain  prism memories   PC
No video found for Reflection of Mine  PC
No video found for Refreshing Sideways Puzzle Ghost Hammer   Switch
No video found for Refunct  PC
No video found for Regalia  Of Men and Monarchs  PC
No video found for Regular Show  Mordecai and Rigby in 8Bit Land  3DS
No video found for ReiJinGLuP  Vita
No video found for Reign  Conflict of Nations  PC
No video found for Reigns  Game of Thrones The West and The Wall  PC
No video found for Reine des Fleurs  Vita
No video found for Reine des Fleurs for Nintendo Switch  Switch
No video found for Relaxuma  Ojama Shitemasu 2 Shuukan  PS2
No video found for Relic Hunters Zero  PC
No video found for Relic Hunters Zero  Remix  Switch
No video found for Remember 11  The Age of Infinity  PS2
No video found for Remember 11  The Age of Infinity  PSP
No video found for RemiLore  Lost Girl in the Lands of Lore  PC
No video found for Remington Great American Bird Hunt  Wii
No video found for Remington Super Slam Hunting Alaska  PC
No video found for Remnant II  PC
No video found for Remyadry  PC
No video found for Remyuouru no Renkinjutsushi  DS
No video found for Renai 0 Kilometer Portable  PSP
No video found for Renai 0 Kilometer V  Vita
No video found for Renai Banchou  Inochi Meishi, Koiseyo Otome! Love is Power!!!  PSP
No video found for Renai Banchou 2  Midnight Lesson!!!  PSP
No video found for Renai Chu! Happy Perfect  Dreamcast
No video found for Renai Revenge  Vita
No video found for Renegade Ops  PC
No video found for Renegade Ops  PS3
No video found for Renegade Racers  PS1
No video found for Renshin no Astral  Mobile
No video found for Rent A Hero No 1  Dreamcast
No video found for Rent A Hero No 1  Xbox
No video found for Replikator  PC
No video found for Reptilian Rebellion  Wii U
No video found for Reptilian Rebellion  Switch
No video found for Republique  Mobile
No video found for Repulsanoid  PC
No video found for Requiem  Avenging Angel  PC
No video found for Requital  PC
No video found for Rescue Copter   PS1
No video found for Reservoir Dogs  PS2
No video found for Reservoir Dogs  Xbox
No video found for Resident Evil  Outbreak File #2   PS2
No video found for Resistance  Burning Skies  Vita
No video found for Resistance  Fall of Man   PS3
No video found for Resistance 2  PS3
No video found for Resistance 3  PS3
No video found for Resogun  Vita
No video found for Resolutiion  PC
No video found for Resonance  PC
No video found for Resonance of Fate 4KHD Edition   PC
No video found for Restaurant Story  Mobile
No video found for Restaurant Story 2  Mobile
No video found for Retro Cave Flyer  PSP
No video found for Retro Highway  Switch
No video found for Retro Mystery Club Vol 1  The IseShima Case Ise Shima Mystery Annai  Itsuwari no Kuro Shinju]  Switch
No video found for Retro Pixel Racers  Switch
No video found for Retro Pocket Rocket  Switch
No video found for Retro Road Rumble  Wii U
No video found for RetroMania Wrestling  Switch
No video found for Retrobooster  PC
No video found for Retrovamp  Switch
No video found for Retrovirus  PC
No video found for Retrowave  PC
No video found for Return Fire  PS1
No video found for Return of the Obra Dinn  Switch
No video found for Return to Castle Wolfenstein  Operation Resurrection  PS2
No video found for Revenant Dogma  Vita
No video found for Revenant Dogma  PC
No video found for Revenant Saga  PC
No video found for Revenant Saga  Vita
No video found for Revenge of the Bird King  Vita
No video found for Reventure  PC
No video found for Reventure  Switch
No video found for Reverie  Vita
No video found for Reverie  Sweet As Edition  Switch
No video found for Reverthion  PS1
No video found for Revita  PC
No video found for Revive  Sosei  Dreamcast
No video found for Revolution Ace  PC
No video found for Rewrite Harvest Festa!  PC
No video found for Rewrite Harvest festa!  Vita
No video found for Rewrite+  PC
No video found for Reynatis Trial Version  Switch
No video found for Rezrog  PC
No video found for Rhapsody  A Musical Adventure   DS
No video found for Rhapsody  A Musical Adventure   PS1
No video found for Rhapsody  A Musical Adventure   PS1
No video found for Rhythm Destruction  PC
No video found for Rhythm Girl  PC
No video found for Rhythm Heaven Megamix   3DS
No video found for Rhythm Nights  PC
No video found for Rhythm Party   Xbox 360
No video found for Rhythm Sprout  Switch
No video found for Rhythm Stars Climbing  PC
No video found for Rhythm Thief & The Emperor's Treasure   3DS
No video found for Rhythm Thief & The Paris Caper   Mobile
No video found for Rhythm of the Gods  Switch
No video found for Richard Burns Rally  PC
No video found for Richard Burns Rally  PC
No video found for Richard Burns Rally  Other systems
No video found for Rick Henderson  Switch
No video found for Rick and Morty  Virtual Rickality  PS4
No video found for Riddick  The Merc Files  Mobile
No video found for Riddled Corpses EX  Vita
No video found for Ride 2  PC
No video found for Ride 3  PC
No video found for Ride to Hell  Retribution  PC
No video found for Ridegear Guybrave  PS1
No video found for Riders 2491  PC
No video found for Ridge Race Slipstream  Mobile
No video found for Ridge Racer 2   PSP
No video found for Ridge Racer 3D  3DS
No video found for Ridge Racer 6  Xbox 360
No video found for Ridge Racer 7  PS3
No video found for Ridge Racer Draw and Drift  Mobile
No video found for Ridge Racer Unbounded  PC
No video found for Ridge Racer V Arcade Battle  PS2
No video found for Ridge Racer   PSP
No video found for Ridiculous Fishing  Mobile
No video found for Riding Hero  Neo Geo CD
No video found for Riding Spirits   PS2
No video found for Rift Keeper  Switch
No video found for Rift Racoon  PC
No video found for Riftbreaker  Prologue, The  PC
No video found for Rifter  PC
No video found for Rig'n'Roll  PC
No video found for Riglordsaga 2  Saturn
No video found for Rigonauts  PC
No video found for Ring Racer  Switch
No video found for Ring Run Circus  Vita
No video found for Ring, The  Terror's Realm  Dreamcast
No video found for Ringling Bros and Barnum & Bailey   Wii
No video found for Rinne no Lagrange  Kamogawa Days Game & OVA Hybrid Disc  PS3
No video found for Rio  Wii
No video found for Rio   DS
No video found for Rippin' Riders Snowboarding    Dreamcast
No video found for Rippin' Riders Snowboarding     Dreamcast
No video found for Ripple no Tamago   PS2
No video found for Rise  Race to the Future  Switch
No video found for Rise and Fall  Civilizations at War  PC
No video found for Rise and Shine  PC
No video found for Rise and Shine  Switch
No video found for Rise of Keepers  PC
No video found for Rise of Nightmares  Xbox 360
No video found for Rise of the Argonauts  PC
No video found for Rise of the Guardians  Xbox 360
No video found for Rise of the Guardians  3DS
No video found for Rise of the Guardians  DS
No video found for Rise of the Guardians  Wii
No video found for Risen 2  Dark Waters  PC
No video found for Rising Angels Reborn  PC
No video found for Rising Dusk  PC
No video found for Rising Islands  PC
No video found for Rising Storm   PC
No video found for Rising Zan  The Samurai Gunman  PS1
No video found for Risk of Rain  Switch
No video found for Risk of Rain 2  Switch
No video found for Risky Wings  PC
No video found for Ritual Sorcerer Angel  PC
No video found for Rival Knights  Mobile
No video found for Rival Megagun  PC
No video found for Rivals of Aether  Switch
No video found for River City  Rival Showdown  Switch
No video found for River City Melee Mach!!   Switch
No video found for River City Super Sports Challenge  AllStar Special   PS3
No video found for River King  A Wonderful Journey    PS2
No video found for Riverbond  Switch
No video found for Rivers of Alice  Extended Version, The  Wii U
No video found for RoKyuBu! Himitsu no Otoshimono  PSP
No video found for RoKyuBu! Naisho no Shutter Chance  Vita
No video found for Road Fist  PC
No video found for Road Redemption  PC
No video found for RoadKill  PS2
No video found for RoadKill  Xbox
No video found for Roarr! The Adventures of Rampage Rex  PC
No video found for Robbie Swifthand and the Orb of Mysteries  Switch
No video found for Robbit mon Dieu  PS1
No video found for Robo Army  Neo Geo CD
No video found for RoboShark Rampage  Switch
No video found for Robonauts  PC
No video found for Roboquest  PC
No video found for Robos World   The Zarnok Fortress  PC
No video found for Robot Arena  PC
No video found for Robot Arena 2  Design and Destroy  PC
No video found for Robot Tsunami  Mobile
No video found for Robotech  Invasion  PS2
No video found for Robotech  Invasion  Xbox
No video found for Robotron X  PS1
No video found for Robots  Xbox
No video found for Robots  GameCube
No video found for Rochard  PC
No video found for Roche Fusion  PC
No video found for Rock 'N Racing Grand Prix  Switch
No video found for Rock 'N Racing Off Road DX  Wii U
No video found for Rock Band Unplugged  PSP
No video found for Rock Blast  Wii
No video found for Rock Boshers DX  Director's Cut  Switch
No video found for Rock Zombie  Wii U
No video found for Rock of Ages 2  Bigger and Boulder  Switch
No video found for Rock of Ages 3  Make & Break  PC
No video found for Rocket Fist  Switch
No video found for Rocket Jockey  PC
No video found for Rocket Knight Adventures  ReSparked!  Switch
No video found for Rocket League  Switch
No video found for Rocket Power  Team Rocket Rescue  PS1
No video found for Rocket Riot  PC
No video found for Rocketmen  Axis of Evil  Xbox 360
No video found for Rockman  Power Battle Fighters  PS2
No video found for Rockman 3  Dr Wily no Saigo!  PS1
No video found for Rockman DASH 2 Episode 2  Ōinaru Isan  PC
No video found for Rockman Xover  Mobile
No video found for Rocksmith  Xbox 360
No video found for Rocksmith 2014 Edition  Xbox 360
No video found for Rocky  GameCube
No video found for Rodea the Sky Soldier   Wii
No video found for Rodea the Sky Soldier   Wii U
No video found for Rogue Continuum  PC
No video found for Rogue Glitch Ultra  Switch
No video found for Rogue Hearts Dungeon  PS2
No video found for Rogue Heroes  Ruins of Tasos  PC
No video found for Rogue Lords  PC
No video found for Rogue Singularity  Switch
No video found for Rogue Stormers  PC
No video found for Rogue Trip  Vacation 2012  PS1
No video found for Rogue Trooper  PS2
No video found for Rogue Trooper  Xbox
No video found for Rogue Wizards  PC
No video found for Roguebook  PC
No video found for Roguelands  PC
No video found for Roguemance  PC
No video found for Roll'd  Switch
No video found for Rollcage  PS1
No video found for RollerCoaster Tycoon 3  Complete Edition  PC
No video found for Rollercoaster World   PS2
No video found for Rollers of the Realm   Vita
No video found for Rolling Gunner  Switch
No video found for Rolling Sky  Switch
No video found for Rom^2 Karaoke Volume 2  PC Engine
No video found for Rom^2 Karaoke Volume 2  Nattoku Idol  PC Engine
No video found for Rom^2 Karaoke Volume 3  PC Engine
No video found for Rom^2 Karaoke Volume 3  Yappashi Band  PC Engine
No video found for Rom^2 Karaoke Volume 4  PC Engine
No video found for Rom^2 Karaoke Volume 4  Choito Otona!  PC Engine
No video found for Rom^2 Karaoke Volume 5  PC Engine
No video found for Rom^2 Karaoke Volume 5  Maku no Uchi  PC Engine
No video found for Romance of the Three Kingdoms 12   Wii U
No video found for Romance of the Three Kingdoms IV  Wall of Fire   Saturn
No video found for Romance of the Three Kingdoms IV  Wall of Fire   PS1
No video found for Romance of the Three Kingdoms IX   PS2
No video found for Romance of the Three Kingdoms VII   PS2
No video found for Romance of the Three Kingdoms VIII   PS2
No video found for Romance of the Three Kingdoms X   PS2
No video found for Romance of the Three Kingdoms XIII   PS4
No video found for Romancing SaGa  Minstrel Song Remastered  Switch
No video found for Romancing SaGa  ReuniverSe  Mobile
No video found for Rome Total War Alexander  Mobile
No video found for Romeo VS Juliet  PSP
No video found for Romeow  in the cracked world  Switch
No video found for Ronnie O'Sullivan's Snooker  PSP
No video found for Roof Rage  Switch
No video found for Roogoo  PC
No video found for Roogoo Attack!  DS
No video found for Roommania #203  Dreamcast
No video found for Roommate Asami  Okusama wa Joshikousei  PS2
No video found for Roommate Asami  Okusama wa Joshikousei Takao  Dreamcast
No video found for Roommate Novel  Satou Yuka  Dreamcast
No video found for Root Double  Before Crime  After Days  Xbox 360
No video found for Root Double  Before Crime After Days  Xtend Edition  Vita
No video found for Root Double  Before Crime ∗ After Days  Xtend Edition  Switch
No video found for Root Film  Switch
No video found for Root Letter  Vita
No video found for Root Letter  PC
No video found for Root Letter  Last Answer  Vita
No video found for Rorrim  Wii U
No video found for Rosario to Vampire Capu 2  Koi to Yume no Rhapsodia  PS2
No video found for Rose & Camellia   Switch
No video found for Rose Guns Days  PC
No video found for Rose Guns Days  Season 2  PC
No video found for Rotating Brave  Switch
No video found for Rotund Rebound  Switch
No video found for Rotund Zero  Switch
No video found for Roundabout  Vita
No video found for Route 66  PSP
No video found for Roving Rogue  Wii U
No video found for Royal Alchemist  PC
No video found for Royal Anapoko Academy  Switch
No video found for Royal Bounty HD  Mobile
No video found for Royal Frontier  Switch
No video found for Royal Trap, The  The Confines Of The Crown  PC
No video found for Rozen Maiden  Wechseln Sie Welt ab  PS3
No video found for Rozen Maiden  Wechseln Sie Welt ab  Vita
No video found for Rozen Maiden ~Duellwalzer~  PS2
No video found for Rubbish Blazon  PS1
No video found for Rubik's Cube  Wii U
No video found for Rudolph the RedNosed Reindeer  DS
No video found for Rugby 15  PS3
No video found for Rugby League Challenge  PSP
No video found for Rugby League Live  Xbox 360
No video found for Rugrats  Royal Ransom  GameCube
No video found for Rui wa Tomo o Yobu  Vita
No video found for Ruin  Kami no Isan  PC Engine
No video found for Ruined King  A League of Legends Story  PC
No video found for Ruins of Albion  PC
No video found for Rule of Rose  PS2
No video found for RuleNo1  PC
No video found for Rumble Fish 2, The  Switch
No video found for Rumble Fish, The  PS2
No video found for Rumble Roses  PS2
No video found for Rumble Roses XX  Xbox 360
No video found for Rumble Trucks  PSP
No video found for Run Jump Fail  PC
No video found for Runaway  A Twist of Fate  DS
No video found for Runbow  Wii U
No video found for Runbow Pocket  3DS
No video found for Rune Caster  Dreamcast
No video found for Rune Factory  A Fantasy Harvest Moon   DS
No video found for Rune Factory  Tides of Destiny    Wii
No video found for Rune Factory  Tides of Destiny   PS3
No video found for Rune Factory 3 Special  Switch
No video found for Rune Factory 4 Special  Switch
No video found for Rune Factory 5  Switch
No video found for Rune Factory Frontier  Wii
No video found for Rune Jade  Dreamcast
No video found for Rune Princess  PS2
No video found for Runestone Keeper  PC
No video found for Runic Rampage  Mobile
No video found for Runic Rampage  Action RPG  PC
No video found for Runner Heroes  The Curse of Night and Day  PC
No video found for Runner3  Switch
No video found for Runner3  PC
No video found for Running Gods  PC
No video found for Running Wild  PS1
No video found for Running on Magic  Switch
No video found for Rush Bros  PC
No video found for Rush Hour  PS1
No video found for Rush Rally 3  Switch
No video found for Rush Rally Origins   Switch
No video found for Rush Rover  Switch
No video found for Rush'N Attack ExPatriot  PS3
No video found for Rushdown  PS1
No video found for Rusty Gun  Switch
No video found for Ruzh Delta Z  PC
No video found for Ryan's Rescue Squad  Switch
No video found for Rygar  The Battle of Argus   Wii
No video found for Rym 9000  PC
No video found for Ryoujoku Rensa  PC
No video found for Ryu Ga Gotoku 1&2 HD for Wii U   Wii U
No video found for Ryu ga Gotoku  Ishin!  PS3
No video found for Ryu ga Gotoku  Ishin!  PS4
No video found for Ryu ga Gotoku  Ishin! Companion App  Vita
No video found for Ryu ga Gotoku  Kenzan!  PS3
No video found for Ryu ga Gotoku  Kiwami  PS3
No video found for Ryu ga Gotoku 0 Free app  Vita
No video found for Ryu ga Gotoku 1&2 HD Edition  PS3
No video found for Ryu ga Gotoku ONLINE  Mobile
No video found for Ryu ga Gotoku Zero  Chikai no Basho  PS3
No video found for RyuKoku  PS2
No video found for Ryukoku  PSP
No video found for Ryuo's Work is Never Done!, The  Switch
No video found for Ryuuyoku no Melodia  Diva with the Blessed Dragonol  Vita
No video found for STALKER  Clear Sky  PC
No video found for SYK  Renshouden Portable  PSP
No video found for SYK  Shinsetsu Saiyuuki Portable  PSP
No video found for SYK  Renshouden  PS2
No video found for SYK  Shinsetsu Saiyuuki  PS2
No video found for SA7  Silent Ability Seven  Vita
No video found for SAI  PC
No video found for SBK 2011  PC
No video found for SBK 2011  Superbike World Championship  PS3
No video found for SBK Generations  PS3
No video found for SBK Generations  Xbox 360
No video found for SBK X  Superbike World Championship  PC
No video found for SBK09  Superbike World Championship  PC
No video found for SBK09 Superbike World Championship  PS2
No video found for SCORE International Baja 1000  Wii
No video found for SCORE International Baja 1000  Xbox 360
No video found for SCP Secret Laboratory  PC
No video found for SD Gundam  Gashapon Wars  GameCube
No video found for SD Gundam  Gashapon Wars   GameCube
No video found for SD Gundam Battle Alliance  PC
No video found for SD Gundam Battle Alliance Demo  Switch
No video found for SD Gundam G Generation 3D  3DS
No video found for SD Gundam G Generation Cross Rays  Switch
No video found for SD Gundam G Generation Genesis  Vita
No video found for SD Gundam G Generation Genesis  Switch
No video found for SD Gundam G Generation Spirits  PS2
No video found for SD Gundam G Generation World  PSP
No video found for SD Gundam GCentury S  Saturn
No video found for SD Shin Kamen Rider Rumble  Switch
No video found for SDK Paint  Wii U
No video found for SDK Spriter  Wii U
No video found for SEGA Genesis Collection  PS2
No video found for SEGA Superstars Tennis  PS3
No video found for SEGARaceTV  PC
No video found for SEUM  Speedrunners From Hell  PC
No video found for SEVEN's CODE  Mobile
No video found for SGZH  School Girl Zombie Hunter  PS4
No video found for SHOOT THE BALL  Wii U
No video found for SHOOTY SPACE  Wii U
No video found for SHOWTIME 2073  PC
No video found for SINNER  Sacrifice for Redemption  PC
No video found for SINce Memories  Off the Starry Sky  Switch
No video found for SINoALICE  Mobile
No video found for SLUDGE LIFE 2  PC
No video found for SNK 40th Anniversary Collection  PC
No video found for SNK Arcade Classics Vol 1  PS2
No video found for SNK Heroines  Tag Team Frenzy  Switch
No video found for SOCOM  US Navy SEALs  PS2
No video found for SOCOM  US Navy SEALs  Combined Assault  PS2
No video found for SOCOM  US Navy SEALs  Confrontation  PS3
No video found for SOCOM 3  US Navy SEALs  PS2
No video found for SOCOM 4  US Navy SEALs   PS3
No video found for SOCOM II  US Navy SEALs  PS2
No video found for SOCOM II  US Navy SEALs   PS2
No video found for SOL  Exodus  PC
No video found for SOULVARS  Switch
No video found for SOUND SHOOTING!!  Rhythm Action & 2D Shooter   Mobile
No video found for SPACEFRIGHT  PC
No video found for SPEC  Kan  3DS
No video found for SPLASHY DUCK  Wii U
No video found for SSX  PS2
No video found for SSX  PS3
No video found for SSX 3  GameCube
No video found for SSX 3  PS2
No video found for SSX 3  Xbox
No video found for SSX Blur  Wii
No video found for SSX Blur  Wii
No video found for SSX On Tour  PS2
No video found for SSX On Tour  Xbox
No video found for SSX Tricky  PS2
No video found for SSX Tricky  PS2
No video found for SSX Tricky  GameCube
No video found for SSX   PS2
No video found for SSX   PS2
No video found for SSX3  Other systems
No video found for STAR OCEAN anamnesis  Mobile
No video found for STARDROP  PC
No video found for STEEL LORDS  Wii U
No video found for STEEL RIVALS  Wii U
No video found for STRAFE  Millennium Edition  PC
No video found for STURMWIND EX  Switch
No video found for SUPER BENBO QUEST  TURBO DELUXE  PC
No video found for SUPER ROBO MOUSE  Wii U
No video found for SUPER UFO FIGHTER  Switch
No video found for SUPERBEAT  XONIC  PS4
No video found for SUPERBEAT  XONiC  Switch
No video found for SUPERHOT  Switch
No video found for SWAP BLOCKS  Wii U
No video found for SWARMRIDERS  Switch
No video found for SWAT  Target Liberty  PSP
No video found for SWAT 4 Gold Edition  PC
No video found for SX Superstar  GameCube
No video found for SaGa Scarlet Grace  Ambitions   Switch
No video found for Sabbat of the Witch   PC
No video found for Sable Maze 4  Twelve Fears CE  PC
No video found for Sable Maze 6  Sinister Knowledge CE  PC
No video found for Sable's Grimoire  Man and Elf  PC
No video found for Sables Grimoire  PC
No video found for Sabotain  Break the Rules  PC
No video found for Saboteur II  Avenging Angel  Switch
No video found for Saboteur, The  PC
No video found for Saboteur, The  PS3
No video found for Sackboy  A Big Adventure  PS5
No video found for Sacred  PC
No video found for Sacred 3  PC
No video found for Sacred Earth Promise  PC
No video found for Sacred Line Genesis    Mega Drive
No video found for Sacred Odyssey  Rise of Ayden  Mobile
No video found for Sacred Tears, The  PC
No video found for Saenai Heroine no Sodatekata  Blessing Flowers  Vita
No video found for Safecracker  The Ultimate Puzzle Challenge!   DS
No video found for Sagashi ni Ikouyo  PS2
No video found for Sage Fusion 2  PC
No video found for Saihate no Ima COMPLETE  PC
No video found for Saihate no Ima Portable  PSP
No video found for Saikin Koishiteru  DS
No video found for Saint Beast  Rasen no Shou  PS2
No video found for Saint Seiya  Brave Soldiers  PS3
No video found for Saint Seiya  Sanctuary Battle   PS3
No video found for Saint Seiya  Soldiers' Soul  PS4
No video found for Saint Seiya  Soldiers' Soul  PS3
No video found for Saint Seiya  The Sanctuary   PS2
No video found for Saint Seiya Omega  Ultimate Cosmo  PSP
No video found for Saints Row IV  PC
No video found for Sairento VR  PC
No video found for Saishuu Heiki Kanojo  PS2
No video found for Saishuu Shiken Kujira  Alive  PS2
No video found for Saiyuki  Journey West   PS1
No video found for Saka Agari Hurricane Portable  PSP
No video found for Saka Agari Hurricane Portable  Switch
No video found for Saki  Achigahen Episode of SideA Portable  PSP
No video found for Saki Portable  PSP
No video found for Sakigake!! Cromartie Koukou  PS2
No video found for Saku Saku  Love Blooms with the Cherry Blossoms   PC
No video found for Sakura Ignoramus  Mobile
No video found for Sakura Kakumei  Hanasaku Otometachi  Mobile
No video found for Sakura MMO  PC
No video found for Sakura MMO 2  PC
No video found for Sakura Momoko Gekijou Kojikoji  Dreamcast
No video found for Sakura Sakura  Vita
No video found for Sakura Succubus 3  Switch
No video found for Sakura Taisen  Atsuki Chishio Ni  PS2
No video found for Sakura Taisen 1 & 2  PSP
No video found for Sakura Taisen 2  Kimi, Shini Tamou Kotonakare  Dreamcast
No video found for Sakura Taisen 3  Paris wa Moeteiru ka  Dreamcast
No video found for Sakura Taisen 3 ~Paris wa Moeteiru ka~  PS2
No video found for Sakura Taisen 4  Koi Seyo Otome  Dreamcast
No video found for Sakura Taisen Monogatari  Mysterious Paris  PS2
No video found for Sakura Wars  So Long, My Love   PS2
No video found for Sakura Wars  So Long, My Love   Wii
No video found for Sakura no Kumo  Scarlet no Koi  Switch
No video found for Sakura no Uta  Sakura no Mori no Ue wo Mau  PC
No video found for SakuraSou no Pet na Kanojo  PSP
No video found for SakuraSou no Pet na Kanojo  Vita
No video found for Salary Man Escape  PC
No video found for Salaryman Shi  Switch
No video found for Salem no Majotachi  PC
No video found for Salmon Ninja  PC
No video found for Salt and Sanctuary  PC
No video found for Salt and Sanctuary  Switch
No video found for Salvation Prophecy  PC
No video found for Sam & Max  Beyond Time and Space Remastered  Switch
No video found for Sam & Max Save the World Remastered  Switch
No video found for Samantha Swift and the Fountains of Fate  PC
No video found for Samantha Swift and the Golden Touch  PC
No video found for Samantha Swift and the Hidden Roses of Athena  PC
No video found for Samantha Swift and the Mystery from Atlantis  PC
No video found for Samaritan Paradox, The  PC
No video found for Samurai Champloo  Sidetracked   PS2
No video found for Samurai Defender  3DS
No video found for Samurai II Vengeance  Mobile
No video found for Samurai Maiden  Switch
No video found for Samurai Riot  PC
No video found for Samurai Riot  Definitive Edition  Switch
No video found for Samurai Shodown  3DO
No video found for Samurai Shodown Anthology   Wii
No video found for Samurai Shodown II   Neo Geo CD
No video found for Samurai Shodown IV  Amakusa's Revenge   Neo Geo CD
No video found for Samurai Shodown NeoGeo Collection  PC
No video found for Samurai Shodown NeoGeo Collection  Switch
No video found for Samurai Shodown Sen   Xbox 360
No video found for Samurai Shodown V Special   Vita
No video found for Samurai Shodown   Neo Geo CD
No video found for Samurai Shodown   Switch
No video found for Samurai Shodown   Mobile
No video found for Samurai Spirits  Tenkaichi Kenkakuden  PS2
No video found for Samurai Warrior  Switch
No video found for Samurai Warriors  Katana   Wii
No video found for Samurai Warriors  Xtreme Legends   PS2
No video found for Samurai Warriors 4   PS4
No video found for Samurai Warriors   Xbox
No video found for Samurai Wish  PC
No video found for San Francisco Rush 2049  Dreamcast
No video found for Sanatory Hallways  Wii U
No video found for Sanctum 2  PC
No video found for Sanctum 2  PS3
No video found for Sandbox Evolution, The  PC
No video found for Sangoku Hime 2  Tenka Hatou  Shishi no Keishousha  Vita
No video found for Sangoku Hime 4  Tenka Ryouran  Tenmei no Koi Emaki  Vita
No video found for Sangoku Justice  Mobile
No video found for Sangoku Koi Senki  Otome no Heihou!  PS2
No video found for Sangoku Rensenki  Otome no Heihou!  PS2
No video found for Sangoku Rensenki  Otome no Heihou!  Vita
No video found for Sangoku Rensenki  Otome no Heihou! Omoide Gaeshi  CS Edition  Vita
No video found for Sangoku Rensenki ~Omoide Gaeshi~ & Gakuen Rensenki  Switch
No video found for Sangokushi  Eiketsu Tenka ni Nozomu  PC Engine
No video found for Sangokushi 12 with PowerUp Kit  Vita
No video found for Sangokushi Eiketsuden  Saturn
No video found for Sangokushi III  PC Engine
No video found for Sangokushi IV  3DO
No video found for Sangokushi Koumeiden  Saturn
No video found for Sangokushi Taisen   PC
No video found for Sangokushi V  Saturn
No video found for Sangokushi VI  Dreamcast
No video found for Santa Claus is Comin' to Town!  DS
No video found for Santa Rockstar HD  PC
No video found for Sanyo Pachinko Paradise  PS1
No video found for Sanyo Pachinko Paradise 10  PS2
No video found for Sanyo Pachinko Paradise 11  Shin Umi to Saraba Gintama no Ookami  PS2
No video found for Sanyo Pachinko Paradise 2  Umi Monogatari Special  PS1
No video found for Sanyo Pachinko Paradise 3  Wanwan Daikoushin  PS1
No video found for Sanyo Pachinko Paradise 4  Sushiya da Gensan!!  PS1
No video found for Sanyo Pachinko Paradise 5  PS1
No video found for Sanyo Pachinko Paradise 8  Shin Umi Monogatari  PS2
No video found for Sanyo Pachinko Paradise 9  Shin Umi Okawari!  PS2
No video found for Sarah  Keeper of the Unicorn  DS
No video found for Saru Gecchu  Million Monkeys  PS2
No video found for Satazius  PC
No video found for Satomi ~Yami no Kyouzou~  PC
No video found for Saturday Morning RPG  Vita
No video found for Saturday Morning RPG  Switch
No video found for Savage 2  A Tortured Soul  PC
No video found for Savaki  Saturn
No video found for Savant  Ascent  PC
No video found for Save Me Mr Tako  Tasukete TakoSan  PC
No video found for Save me Mr Tako  Tasukete TakoSan  Switch
No video found for Save the Ninja Clan  Vita
No video found for Saviors of Sapphire Wings & Stranger of Sword City Revisited  Switch
No video found for Saviors of Sapphire Wings  PC
No video found for Sayaka  PC
No video found for Scandal  PS2
No video found for Scared Rider Xechs  PS2
No video found for Scared Rider Xechs Rev  Vita
No video found for Scarface  The World is Yours  Xbox
No video found for Scarface  The World is Yours  PC
No video found for Scarface  The World is Yours  PS2
No video found for Scarface  The World is Yours  Wii
No video found for Scarlet Hood and the Wicked Wood   Switch
No video found for Scarlet Nexus  PC
No video found for Scarlett  Nichijou no Kyoukaisen  PS2
No video found for Scarygirl  PC
No video found for Schatte  The Witch and the Fake Shadow  PC
No video found for Schizm  Mysterious Journey  PC
No video found for Schlag den Raab  Das 2 Spiel  3DS
No video found for Schlag den Star  Switch
No video found for School Love! Koi to Kibou no Metronome  PS2
No video found for School Rumble  Neruko wa Sodatsu  PS2
No video found for School Tycoon  PC
No video found for School Wars  PSP
No video found for School Wars  Sotsugyou Sensen  PSP
No video found for School of Ragnarok  PC
No video found for School of Talent Suzu Route  PC
No video found for Schoolgirl Strikers  Mobile
No video found for Scooby Doo! & Looney Tunes Cartoon Universe  Adventure  PC
No video found for ScoobyDoo! First Frights  DS
No video found for ScoobyDoo! First Frights  Wii
No video found for ScoobyDoo! Night of 100 Frights  PS2
No video found for ScoobyDoo! Unmasked  PS2
No video found for ScoobyDoo! Unmasked  Xbox
No video found for ScoobyDoo! and the Spooky Swamp  DS
No video found for ScoobyDoo! and the Spooky Swamp  Wii
No video found for ScoobyDoo! and the Spooky Swamp  PC
No video found for Scoop n' Birds  3DS
No video found for Scorpion Disfigured  PC
No video found for Scorpion King, The  Rise of the Akkadian  GameCube
No video found for Scourge  Outbreak  PC
No video found for Scrabble Interactive  Wii
No video found for Scram Kitty and his Buddy on Rails  Wii U
No video found for Scrap Rush!!  Switch
No video found for Scraper The First Strike  PC
No video found for Scrapland  PC
No video found for Scrapland  Xbox
No video found for Scratches  PC
No video found for Screamride  Xbox 360
No video found for Scribble  Wii U
No video found for Sdorica Puzzle Tactical RPG v 341  Mobile
No video found for Sea Dogs  Caribbean Tales  PC
No video found for Sea Doo Hydrocross  PS1
No video found for Sea King Hunter  Switch
No video found for Sea Salt  PC
No video found for Sea of Lies  Beneath the Surface Collector's Edition  PC
No video found for Sea of Lies  Burning Coast Collector's Edition  PC
No video found for Sea of Lies  Leviathan Reef Collector's Edition  PC
No video found for Sea of Lies  Mutiny of the Heart Collector's Edition  PC
No video found for Sea of Lies  Nemesis Collector's Edition  PC
No video found for Sea of Lies  Tide of Treachery Collector's Edition  PC
No video found for Sea of Stars Demo  Switch
No video found for SeaBed  Switch
No video found for Seal of the Pharaoh   3DO
No video found for Seasons after Fall  PC
No video found for Sebastien Loeb Rally EVO   PC
No video found for Second Novel  Kanojo no Natsu, 15Bun no Kioku  PSP
No video found for Second Sight  PS2
No video found for Second Sight  Xbox
No video found for Second Sight  PC
No video found for Secret Empires of the Ancient World  3DS
No video found for Secret Flirts  DS
No video found for Secret Game  Killer Queen Portable  PSP
No video found for Secret Mysteries in London  3DS
No video found for Secret Ponchos  PC
No video found for Secret Saturdays  Beasts of the 5th Sun, The   DS
No video found for Secret Service  Xbox 360
No video found for Secret Summoner   Switch
No video found for Secret of Evangelion Portable  PSP
No video found for Secret of Magia  PC
No video found for Secret of Mana   Mobile
No video found for Secrets of Me  Switch
No video found for Secrets of Raetikon  PC
No video found for Secrets of the Titanic  3DS
No video found for Section 8  PC
No video found for Section 8  Prejudice  PC
No video found for Section 8  Prejudice  PS3
No video found for Seek Hearts  Switch
No video found for Sega 3D Classics Collection   3DS
No video found for Sega 3D Fukkoku Archives 3  Final Stage  3DS
No video found for Sega Ages  Columns Arcade Collection  Saturn
No video found for Sega Ages  Herzog Zwei  Switch
No video found for Sega Ages  Memorial Collection Vol 1  Saturn
No video found for Sega Ages  OutRun  Saturn
No video found for Sega Ages  Outrun  Switch
No video found for Sega Ages  Virtua Racing  Switch
No video found for Sega Ages 2500 Series Vol 03  Fantasy Zone  PS2
No video found for Sega Ages 2500 Series Vol 12  Puyo Puyo Tsuu Perfect Set  PS2
No video found for Sega Ages 2500 Series Vol 19  Fighting Vipers  PS2
No video found for Sega Ages 2500 Series Vol 24  Last Bronx ~Tokyo Bangaichi~  PS2
No video found for Sega Ages 2500 Series Vol 26  Dynamite Deka  PS2
No video found for Sega Ages 2500 Series Vol 27  Panzer Dragoon  PS2
No video found for Sega Ages 2500 Series Vol 28  Tetris Collection  PS2
No video found for Sega Ages 2500 Series Vol 31  Dennou Senki Virtual On  PS2
No video found for Sega Bass Fishing 2   Dreamcast
No video found for Sega Bass Fishing   Dreamcast
No video found for Sega GT 2002  Xbox
No video found for Sega GT   Dreamcast
No video found for Sega Marine Fishing  Dreamcast
No video found for Sega Multimedia Studio  SEGA CD Demo   Mega Drive
No video found for Sega Rally 2  Sega Rally Championship  Dreamcast
No video found for Sega Rally 2006  PS2
No video found for Sega SuperStars  PS2
No video found for Sega Superstars Tennis  Xbox 360
No video found for Sega Superstars Tennis  PC
No video found for Sega Tetris  Dreamcast
No video found for Sega Worldwide Soccer '97   Saturn
No video found for SegaGaGa  Dreamcast
No video found for Seikai no Senki  PS2
No video found for Seiken Tsukai no Proposition Proposition to the Holy Key Contractant  PC
No video found for Seirei Shinseiki  Fhey Area  Mega Drive
No video found for Seireiki Rayblade  PS1
No video found for Seireiki Rayblade  Dreamcast
No video found for Seiryuu Densetsu Monbit  PC Engine
No video found for Seisenshi Denshou  Jantaku no Kishi  PC Engine
No video found for Seitokai no Ichizon  DSsuru Seitokai  DS
No video found for Seitokai no Ichizon Lv 2 Portable  PSP
No video found for Sekai Fushigi Hakken! Troia  Mystery Adventure 1183 BC  Dreamcast
No video found for Sekai Seifuku ~COSTUME FES~  Vita
No video found for Sekai de Ichiban NG na Koi  Full House  PSP
No video found for Sekai no Subete  Two of Us  PS2
No video found for Sekien no Inganock What a Beautiful People  PC
No video found for Sekirei  Mirai Kara no Okurimono  PS2
No video found for Selenon Rising  PC
No video found for Selenophobia  PC
No video found for Semblance  PC
No video found for Semen Security 2009  PC
No video found for Semerare  Imouto de Kanjiru nante, Oniichan wa Hentai Nanda ne  PC
No video found for Sengo Muramasa DX  Guren no Kettou  PS4
No video found for Sengoku  Koihime  Otome Kenran Sengoku Emaki  Switch
No video found for Sengoku 2   Neo Geo CD
No video found for Sengoku BASARA 3 Pachislot Game  Mobile
No video found for Sengoku BASARA Battle Party  Mobile
No video found for Sengoku Basara  Battle Heroes  PSP
No video found for Sengoku Basara  Chronicle Heroes  PSP
No video found for Sengoku Basara  Sanada YukimuraDen  PS4
No video found for Sengoku Basara 4 Sumeragi  PS3
No video found for Sengoku Basara HD Collection  PS3
No video found for Sengoku Hime  Senran ni Mau Otometachi  PS2
No video found for Sengoku Hime  Senran ni Mau Otometachi  PSP
No video found for Sengoku Hime 2 Honoo  Hyakubana, Senran Tatsukaze no Gotoku  PS2
No video found for Sengoku Hime 3  Tenka o Kirisaku Hikari to Kage  Vita
No video found for Sengoku Hime 4  Souha Hyakkei Hana Mamoru Chikai  Vita
No video found for Sengoku Hime 5  Senkatatsu Haoh no Keifu  Vita
No video found for Sengoku Hime 5  Senkatatsu Haou no Keifu  PS4
No video found for Sengoku Hime 7  Sen'un Tsuranuku Guren no Ishi  Vita
No video found for Sengoku Kantou Sangokushi  PC Engine
No video found for Sengoku Mugen  PS1
No video found for Sengoku Night Blood  Mobile
No video found for Sengoku Otome  Legend Battle  Vita
No video found for Sengoku Rance  PC
No video found for Sengoku Rance  PC
No video found for Sengoku TURB  Dreamcast
No video found for Sengoku TURB  Fanfan I Love me Duncedoublentendre  Dreamcast
No video found for Sengoku TURB Fanfan I love me Dancedoubletendre  Dreamcast
No video found for Sengoku Taiga  Mobile
No video found for Sengoku Tenka Touitsu  PS2
No video found for Sengoku Tenshi Djibril  PC
No video found for Senjou no Valkyria 3  PSP
No video found for Senjou no Waltz  Vita
No video found for Senken Kigyouden  Saturn
No video found for Senkou no Clarias  PC
No video found for Senran Kagura  Bon Appetit!  Full Course  PC
No video found for Senran Kagura  Estival Versus  PC
No video found for Senran Kagura  Estival Versus   PS4
No video found for Senran Kagura  Estival Versus   Vita
No video found for Senran Kagura  Peach Ball  Switch
No video found for Senran Kagura  Peach Beach Splash  PC
No video found for Senran Kagura  Shinovi Versus   Vita
No video found for Senran Kagura Reflexions   Switch
No video found for Senran Kagura Shinovi Versus  PC
No video found for Senryaku Shogi  Saturn
No video found for Senshi Tank 2   Space Bots  PC
No video found for Sentimental Graffiti  Yakusoku  Dreamcast
No video found for Sentimental Graffiti 2  Dreamcast
No video found for Sentry Knight Tactics  PC
No video found for Separate Hearts  PS2
No video found for Sephirothic Stories  PC
No video found for Sephonie  Switch
No video found for Serious Sam 3  BFE  PC
No video found for Serious Sam 4  PC
No video found for Serious Sam II  Xbox
No video found for Serious Scramblers  Switch
No video found for Serment  Contract With a Devil  PC
No video found for Sesame Street  Cookie's Counting Carnival  Wii
No video found for Sesame Street  Elmo's AtoZoo Adventure  Wii
No video found for Sesame Street  Elmo's Musical Monsterpiece  Wii
No video found for Settlers II _ Awakening of Cultures, The  PC
No video found for Settlers III, The  PC
No video found for Settlers IV, The  PC
No video found for Settlers V, The  Heritage of Kings  PC
No video found for Settlers VI, The  Rise of an Empire  PC
No video found for Settlers VII, The  Paths to a Kingdom  PC
No video found for Settlers, The  DS
No video found for Settlers, The  Mobile
No video found for Seven  Molmorth no Kiheitai  PS2
No video found for Seven Days  Anata to Sugosu Nanokakan  Vita
No video found for Seven Kingdoms  Conquest  PC
No video found for Seven Pirates H   Switch
No video found for Seven Samurai 20XX  PS2
No video found for Seventh Cross Evolution   Dreamcast
No video found for Seventh Rebirth  Mobile
No video found for Severed  Vita
No video found for Severed  Wii U
No video found for Severed  3DS
No video found for Sexbot  PC
No video found for Sexy Idol Mahjong  PC Engine
No video found for Sexy Idol Mahjong  Fashion Monogatari  PC Engine
No video found for Sexy Idol Mahjong  Yakyuuken no Uta  PC Engine
No video found for Shachou Eiyuuden  The Eagle Shooting Heroes  PS1
No video found for Shad'O  PC
No video found for Shade  Wrath of Angels  PC
No video found for Shadow  War of Succession   3DO
No video found for Shadow Archery  Wii U
No video found for Shadow Blade Reload  Mobile
No video found for Shadow Blade Reload  Switch
No video found for Shadow Force  Razor Unit  PC
No video found for Shadow Guardian HD  Mobile
No video found for Shadow Heroes  Vengeance In Flames  PC
No video found for Shadow Heroes  Vengeance In Flames  PC
No video found for Shadow Legend VR  PC
No video found for Shadow Man  Dreamcast
No video found for Shadow Man Remastered  Switch
No video found for Shadow Ops  Red Mercury  PC
No video found for Shadow Ops  Red Mercury  PC
No video found for Shadow Puppeteer  PC
No video found for Shadow Puppeteer  Wii U
No video found for Shadow Sun, The  Mobile
No video found for Shadow the Hedgehog  PS2
No video found for Shadow the Hedgehog  Xbox
No video found for Shadow the Hedgehog  GameCube
No video found for Shadow the Hedgehog   GameCube
No video found for Shadowcrypt  PC
No video found for Shadowgrounds  PC
No video found for Shadowgrounds  Survivor  PC
No video found for Shadowgun  Mobile
No video found for Shadowhand  PC
No video found for Shadowlings  PC
No video found for Shadowrun  Dragonfall  Director's Cut  Switch
No video found for Shadowrun  Hong Kong  Extended Edition  PC
No video found for Shadowrun  Hong Kong  Extended Edition  Switch
No video found for Shadowrun Dragonfall  PC
No video found for Shadowrun Hong Kong  PC
No video found for Shadowrun Returns  Switch
No video found for Shadowrun Returns + Shadowrun Dragonfall v22010  PC
No video found for Shadows Awakening  The Chromaton Chronicles  PC
No video found for Shadows of Adam  PC
No video found for Shadows of Pygmalion, The  PC
No video found for Shakedown  Hawaii  Vita
No video found for Shakedown Hawaii  Switch
No video found for Shakedown Hawaii  3DS
No video found for Shakugan no Shana  PS2
No video found for Shallow Space  PC
No video found for Shanghai  Banri no Choujou  PC Engine
No video found for Shanghai  Triple Threat   3DO
No video found for Shanghai Dynasty  Dreamcast
No video found for Shank  PC
No video found for Shanky  The Vegan's Nightmare  Switch
No video found for Shantae  Half Genie Hero  Wii U
No video found for Shantae  Risky's Revenge  Director's Cut  Wii U
No video found for Shape Shifter   PC Engine
No video found for Shapeshooter  Switch
No video found for Shaq Fu  A Legend Reborn  PC
No video found for Shaq Fu  A Legend Reborn  Switch
No video found for Shardlight  PC
No video found for Sharin no Kuni, Himawari no Shoujo  Xbox 360
No video found for Shark Attack Deathmatch  PC
No video found for Shark Tale  Xbox
No video found for Shatter  PS3
No video found for Shattered Hourglass  PC
No video found for Shaun White Skateboarding  PC
No video found for Shaun White Skateboarding  Wii
No video found for She Remembered Caterpillars  PC
No video found for Sheep  PS1
No video found for ShellShock  Nam '67  Xbox
No video found for Shenmue III  PC
No video found for Shepherd's Crossing   PS2
No video found for Sherlock Holmes  The Awakened  PC
No video found for Shichida Shiki Training  Unou Tanren Portable  PSP
No video found for Shichisei Toushin  Guyferd  Saturn
No video found for Shichu Suimei Pitagraph  Saturn
No video found for Shieldmaiden  Remix Edition  Switch
No video found for Shieldwall  PC
No video found for Shieldwall Chronicles  Swords of the North  PC
No video found for Shift 2  Unleashed  PS3
No video found for Shift 2 Unleashed  Mobile
No video found for Shift Extended  PSP
No video found for Shift Happens  PC
No video found for Shift Quantum  PC
No video found for Shifting World   3DS
No video found for Shiju Hachi  PS2
No video found for Shijyou Saikyou no Deshi Kenichi  Gekitou! Ragnarok Hachikengou  PS2
No video found for Shikhondo  Soul Eater  PC
No video found for Shikigami no Shiro Evolution  Xbox
No video found for Shikkoku no Sharnoth  PC
No video found for Shimai Kyoushi Donburi  The sexy class of the sister teachers  PC
No video found for Shimaigusa  PC
No video found for Shin Bakusou Dekotora Densetsu  Tenkatou Icchojou Kessen  PS2
No video found for Shin Hayarigami  Vita
No video found for Shin Hayarigami 2  Vita
No video found for Shin Hayarigami 3  Switch
No video found for Shin Hisui no Shizuku  Hiiro no Kakera 2 Portable  PSP
No video found for Shin Honkaku Hanafuda  Dreamcast
No video found for Shin Koihime Musou  Otome Ryouran  Sangokushi Engi  Wuhen  PSP
No video found for Shin Koihime Musou  Otome Ryouran Sangokushi Engi  PS2
No video found for Shin Koihime Musou  Otome Taisen Sangokushi Engi  PS3
No video found for Shin Master of Monsters Final EX  Mukunaru Nageki, Tenmei no Saika  PS2
No video found for Shin Megami Tensei  PC Engine
No video found for Shin Megami Tensei  Mega Drive
No video found for Shin Megami Tensei  Mobile
No video found for Shin Megami Tensei  Devil Children  Kuro no Sho ~ Aka no Sho  PS1
No video found for Shin Megami Tensei  Devil Summoner  PSP
No video found for Shin Megami Tensei  Devil Summoner  Raidou Kuzunoha vs the Soulless Army   PS2
No video found for Shin Megami Tensei  Devil Summoner 2  Raidou Kuzunoha vs King Abaddon   PS2
No video found for Shin Megami Tensei  Devil Survivor 2   DS
No video found for Shin Megami Tensei  Devil Survivor   DS
No video found for Shin Megami Tensei  Digital Devil Saga 2   PS2
No video found for Shin Megami Tensei  Digital Devil Saga   PS2
No video found for Shin Megami Tensei  Liberation Dx2  Mobile
No video found for Shin Megami Tensei  Persona 2  Innocent Sin   PSP
No video found for Shin Megami Tensei  Persona 3 FES   PS2
No video found for Shin Megami Tensei  Persona 3 Portable   PSP
No video found for Shin Megami Tensei  Persona 3   PS2
No video found for Shin Megami Tensei  Persona 4   PS2
No video found for Shin Megami Tensei  Strange Journey  DS
No video found for Shin Megami Tensei  Synchronocity Prologue  PC
No video found for Shin Megami Tensei III  Nocturne HD Remaster  PS4
No video found for Shin Megami Tensei III  Nocturne HD Remaster  Switch
No video found for Shin Megami Tensei V  Vengeance  PS4
No video found for Shin Nihon Pro Wrestling '94  Battlefield in Tokyo Dome  PC Engine
No video found for Shin Nihon Pro Wrestling Toukon Retsuden 4  Dreamcast
No video found for Shin Onryou Senki  PC Engine
No video found for Shin Sakura Wars  PS4
No video found for Shin Senki Vangale  The War of NeoCentury  PS1
No video found for Shin TOEIC Test  1 Nichi 1 Pun DS Lesson  DS
No video found for Shin Tennis no OjiSama  Go to the Top  3DS
No video found for Shin chan  Me and the Professor on Summer Vacation  The Endless SevenDay Journey   Switch
No video found for Shinchan  Shiro of Coal Town  Switch
No video found for Shinchou Mahjong  Xbox
No video found for Shine  Kotoba wo Tsumuide  PS2
No video found for ShineG in the Bullethell  PC
No video found for ShineG in the SeaFight  PC
No video found for Shiness  The Lightning Kingdom  PC
No video found for Shingata Kururin Pa!  Saturn
No video found for Shingeki no Kyojin  ShichiKara no Dasshutsu  3DS
No video found for Shinigami Kagyou  Kaidan Romance  PSP
No video found for Shinigami Shogyou  Kaidan Romance  PSP
No video found for Shinigami no Testament ~Menuet of Epistula~  PC
No video found for Shining Ark  PSP
No video found for Shining Beyond  Mobile
No video found for Shining Blade  PSP
No video found for Shining Force CROSS ELYSION  PC
No video found for Shining Force CROSS RAID  PC
No video found for Shining Force EXA  PS2
No video found for Shining Force Feather  DS
No video found for Shining Force Neo  PS2
No video found for Shining Resonance  PS3
No video found for Shining Resonance Refrain  Switch
No video found for Shining Resonance Refrain Demo  Switch
No video found for Shining Tears  PS2
No video found for Shining Wind  PS2
No video found for Shinjuku no Ookami  PS2
No video found for Shinken de Watashi ni Koi Shinasai! R  PS3
No video found for Shinkon Gattai Godannar!!  PS2
No video found for Shinobi  PS2
No video found for Shinobi   PS2
No video found for Shinobi Nightmare  Mobile
No video found for Shinobi Spirits S  Legend of Heroes   Switch
No video found for Shinobi   3DS
No video found for Shinobi non Grata  Switch
No video found for Shinobi, Koi Utsutsu  Kanmitsu Hana Emaki  Vita
No video found for Shinobi, Koi Utsutsu  Setsugetsuka Koi Emaki  Vita
No video found for Shinobi, Koi Utsutsu for Nintendo Switch  Switch
No video found for Shinobido 2  Revenge of Zen   Vita
No video found for Shinouken  Saturn
No video found for Shinreigari  Ghost Hound DS  DS
No video found for Shinseiki Evangelion  Koutetsu no Girlfriend Special Edition  PS2
No video found for Shinseiki Evangelion Ayanami Ikusei Keikaku DS with Asuka Hokan Keikaku  DS
No video found for Shinseiki GPX Cyber Formula  Road to the Evolution  GameCube
No video found for Shinsetsu Samurai Spirits  Bushidouretsuden  Neo Geo CD
No video found for Shinsou Kaiten!! Wan Wan Umi Monogatari  Sanyo Pachinko Paradise DX  PS1
No video found for Shinsouhan Heart no Kuni no Alice  Wonderful Wonder World  PSP
No video found for Shinsouhan Heart no Kuni no Alice  Wonderful Wonder World  Vita
No video found for Shintaisou   PC
No video found for Shintaisou   PC
No video found for Shinten Makai  Generation of Chaos V  PS2
No video found for Shiny The Firefly  Wii U
No video found for Shinya Ichizoku The Battle for Hokkaido's Delicious Foods  Switch
No video found for Shio  PC
No video found for Ship, The  Murder Party  PC
No video found for ShipLord  PC
No video found for Shipped  Switch
No video found for Shipwreckers!   PS1
No video found for Shirachuu Tankenbu  PS2
No video found for Shiritsu Justice Gakuen Nekketsu Seisyun Nikki 2  PS1
No video found for Shiro Tsume Souwa  Episode of the Clovers  Dreamcast
No video found for Shiro to Kuro no Alice  Vita
No video found for Shiro to Kuro no Alice Twilight Line  Vita
No video found for Shiro to Kuro no Alice for Nintendo Switch  Switch
No video found for Shirogane no Cal to Soukuu no Joou  PSP
No video found for Shirogane x Spirits  Vita
No video found for Shiroki Majo  Mou Hitotsu no Eiyuu Densetsu  Saturn
No video found for Shirokishi Monogatari  Inishie no Kodou  PS3
No video found for Shirokuma Belles Stars  PC
No video found for Shirokuma Belles Stars  Happy Holidays!  PSP
No video found for Shitai x Shitai x Shitai  PC
No video found for Shitsuji ga Aruji o Erabu Toki  Vita
No video found for Shivering Stone  Switch
No video found for Shizuku  PC
No video found for Shmadow  PC
No video found for Shmup Love Boom  PC
No video found for ShockRods  PC
No video found for Shogi Matsuri  Saturn
No video found for Shokuhoko no Soma  Yuujou to Kizuna no Hitosara  3DS
No video found for Shonen Kininden Tsumuji  DS
No video found for Shoot 1UP DX  Switch
No video found for Shooting Blaster Big Bang Boom  PC
No video found for Shooting Love  Trizeal  PS2
No video found for Shooting Star Island  Switch
No video found for Short Hike, A  PC
No video found for Short Hike, A  Switch
No video found for Shotgun King  The Final Checkmate  Switch
No video found for Shotgun Witch  PC
No video found for Shougi Database Kitomo  PC Engine
No video found for Shougi no Tatsujin  Neo Geo CD
No video found for Shoujo Dominance  My Precious Reina   PC
No video found for Shoujo Jigoku no Doku Musume  Switch
No video found for Shoujo Slave  Ojousama wa Katei Kyoushi no Seieki Ningyou  PC
No video found for Shoujo Yoshitsuneden Ni  Toki wo Koeru Chigiri  PS2
No video found for Shoujo Yoshitsunejong  Benkei no Naki Dokoro  PS2
No video found for Shoukan Shoujo  Elemental Girl Calling  PS2
No video found for Shoumetsu Toshi  Mobile
No video found for Shounen Onmyouji  Tsubasa yo Ima, Sora e Kaere  PS2
No video found for Shovel Knight  3DS
No video found for Shovel Knight  PC
No video found for Shovel Knight  Wii U
No video found for Shovel Knight  Vita
No video found for Shovel Knight  King of Cards  Switch
No video found for Shovel Knight  Plague of Shadows  Wii U
No video found for Shovel Knight  Specter of Torment  Switch
No video found for Shovel Knight  Specter of Torment  Wii U
No video found for Shovel Knight  Treasure Trove  Switch
No video found for Shovel Knight Dig  Switch
No video found for Shovel Knight Pocket Dungeon  Switch
No video found for Showtime Championship Boxing  Wii
No video found for Shox   PS2
No video found for Shred! 2  PC
No video found for Shrek  Smash n' Crash Racing  PS2
No video found for Shrek 2  PS2
No video found for Shrek 2  Xbox
No video found for Shrek Extra Large  GameCube
No video found for Shrek Forever After  The Game  Mobile
No video found for Shrek Kart  Mobile
No video found for Shrek's Carnival Craze  Party Games  PC
No video found for Shrek's Carnival Craze  Party Games  PS2
No video found for Shrek's Carnival Craze  Party Games  Wii
No video found for Shrek's Carnival Craze Party Games  Wii
No video found for Shu  PC
No video found for Shu  Vita
No video found for Shuffle! On the Stage  PS2
No video found for Shukuchi Ninja  Switch
No video found for Shukufuku no Campanella Portable  PSP
No video found for Shurado  Mobile
No video found for Shuriken and Aliens  PC
No video found for Shut the Box  Wii U
No video found for Shutshumi  Vita
No video found for Shuttle Rush  Wii U
No video found for Shuttlecock H  PC
No video found for Shuuchuu Chiryoushitsu  PC
No video found for Shuuen no Virche ErroR salvation  Switch
No video found for Shuumatsu no Sugoshikata  PC
No video found for Shuyan Saga  PC
No video found for Shuyan Saga  Mobile
No video found for Shuyan Saga  Switch
No video found for SiN  Gold   PC
No video found for SiN Mission Pack  Wages of SiN  PC
No video found for Sid Meier's Civilization  Shin Sekai Shichidai Bunmei  Saturn
No video found for Sid Meier's Civilization Revolution 2+  Vita
No video found for Sid Meier's Gettysburg!  PC
No video found for Sid Meier's Pirates  Mobile
No video found for Sid Meier's Pirates!  PC
No video found for Sid Meier's SimGolf  PC
No video found for Sid Meier's Starships  PC
No video found for Side Kicks!  Vita
No video found for Side Pocket 3  Saturn
No video found for Sidewinder Max  PS2
No video found for Sidonia no Kishi   Shoui no Kizuna  Mobile
No video found for Siebenstreich's Nerdventure  Switch
No video found for Sifu  PC
No video found for Sigi  A Fart for Melusina  Mobile
No video found for Sigi  A Fart for Melusina  PC
No video found for Sigi  A Fart for Melusina  Vita
No video found for Sigma Harmonics  DS
No video found for Signal From Tolva, The  PC
No video found for Signal to Noise  PC
No video found for Silent Hill  Downpour  PS3
No video found for Silent Hill  Homecoming  PS3
No video found for Silent Hill  Homecoming  Xbox 360
No video found for Silent Hill  The Escape  Mobile
No video found for Silent Line  Armored Core   PS2
No video found for Silent Ops  Mobile
No video found for Silent Sign  Mobile
No video found for Silver  PC
No video found for Silver Bullet  Prometheus  PC
No video found for Silver Case 2425, The   Switch
No video found for Silver Case, The  PC
No video found for Silver Norrnir   Switch
No video found for Silverio Trinity  Beyond the Horizon  Vita
No video found for Silverlicious  Sweet Adventures   DS
No video found for Silversword  Mobile
No video found for SimCity  PC
No video found for SimCity 2000  SNES
No video found for SimCity 3000  Unlimited  PC
No video found for SimCity 4 Deluxe  PC
No video found for SimCity Societies  PC
No video found for SimCoaster   PC
No video found for SimCopter  PC
No video found for SimEarth  Mega Drive
No video found for SimEarth  The Living Planet  PC Engine
No video found for Simon  The Memory Game  Switch
No video found for Simoun  Shoubi Sensou  Fuuin no Remersion  PS2
No video found for Simple 2000 Series DC Vol 01  The Renai Adventure  Bitter Sweet Fools  Dreamcast
No video found for Simple 2000 Series DC Vol 02  The Renai Simulation  Natsu Iro Celebration  Dreamcast
No video found for Simple 2000 Series DC Vol 03  The Renai Simulation 2  Fureai  Dreamcast
No video found for Simple 2000 Series DC Vol 04  The Renai Adventure  Okaeri!  Dreamcast
No video found for Simple 2000 Series Ultimate Vol 1  Love Smash!  PS2
No video found for Simple 2000 Series Ultimate Vol 25  Chou Saisoku! Zokusha King BU no BU  Butchigiri Densetsu 2 Kai  PS2
No video found for Simple 2000 Series Ultimate Vol 5  Love Mahjong!  PS2
No video found for Simple 2000 Series Vol 009  The Renai Adventure  Bittersweet Fools  PS2
No video found for Simple 2000 Series Vol 086  The Menkyou Shutoku Simulation  PS2
No video found for Simple 2000 Series Vol 100  The Otokotachi no Kijuu Houza  PS2
No video found for Simple 2000 Series Vol 13  Onna no Ko no Tame no  The Ren'ai Adventure  Garasu no Mori  PS2
No video found for Simple 2000 Series Vol 36  The Musume Ikusei Simulation  Otousan to Issho  PS2
No video found for Simple 2000 Series Vol 4 The Double Mahjong Puzzle  PS2
No video found for Simple 2000 Series Vol 44  The Hajimete no RPG  Densetsu no Keishousha  PS2
No video found for Simple 2000 Series Vol 97  The Koi no Engine  Darling Special Backlash  Koi no Exhaust Heat  PS2
No video found for Simple 2000 Ultimate Series Vol 11  Wandaba Style Totsugeki! Mix Ki Juice  PS2
No video found for Simple V Series Vol 2  The Tousou Highway Full Boost  NagoyaTokyo Gekisou 4Jikan  Vita
No video found for Simpsons Wrestling, The  PS1
No video found for Simpsons, The  Road Rage  PS2
No video found for Simpsons, The  Road Rage  GameCube
No video found for Sims 2, The  PC
No video found for Sims 2, The  Castaway  PSP
No video found for Sims 2, The  Castaway  PS2
No video found for Sims 2, The  Castaway  Wii
No video found for Sims 2, The  Pets  GameCube
No video found for Sims 2, The  Pets   PSP
No video found for Sims Bowling, The  Mobile
No video found for Sims Castaway Stories, The  PC
No video found for Sims Life Stories, The  PC
No video found for Sims Pet Stories, The  PC
No video found for Sims Pool, The  Mobile
No video found for Sims, The  Bustin' Out   GameCube
No video found for Simulacra  Mobile
No video found for Simulacra  Pipe Dreams  Mobile
No video found for Simulacra 2  Mobile
No video found for Sin Chronicle  Mobile
No video found for Sinbad Adventure wa Enomoto Kanako de Dou Desu ka  PS2
No video found for Sine Mora EX  Switch
No video found for Sine Mora  Xbox 360
No video found for Sing Party  Wii U
No video found for SingStar  PS2
No video found for Singles  Flirt Up Your Life  PC
No video found for Singularity  PC
No video found for Singularity Tactics Arena  PC
No video found for Sinking City, The  PC
No video found for Sins of a Solar Empire  Rebellion  PC
No video found for Sir Tincan  Adventures in the Castle  Switch
No video found for Siralim  Vita
No video found for Siralim 2  Mobile
No video found for Siralim 2  Vita
No video found for Siralim 3  PC
No video found for Siralim Ultimate ~EARLY ACCESS~  PC
No video found for Siren  Blood Curse   PS3
No video found for Siscon  Saiminjutsushi Oniichan to Namaiki na Imouto  PC
No video found for Sister Princess Premium Edition  Dreamcast
No video found for Sisters Royale  Five Sisters Under Fire   Switch
No video found for Sisters Runner  Switch
No video found for Sisters _Natsu no Saigo no Hi_ Ultra Edition  PC
No video found for Sisters ~Natsu no Saigo no Hi~ Ultra Edition  PC
No video found for Six Cats Under  PC
No video found for Six Sides of the World  Wii U
No video found for SixGuns  Mobile
No video found for Sixtar Gate  STARTRAIL  Switch
No video found for Skate  Xbox 360
No video found for Skate  PS3
No video found for Skate 2  PS3
No video found for Skate 3  Xbox 360
No video found for Skate It  Wii
No video found for Skate Park City  PSP
No video found for Skater Nation  Mobile
No video found for Skautfold   Usurper  Switch
No video found for Skautfold  Usurper  PC
No video found for Skein  PC
No video found for Skeletal Dance Party  PC
No video found for Skeleton Boomerang  PC
No video found for Skellboy  Switch
No video found for Sketchcross  Vita
No video found for Ski Jumping Pairs  Reloaded  PS2
No video found for Skies of Arcadia Trial Edition   Dreamcast
No video found for Skilltree Saga  PC
No video found for Skilltree Saga  Mobile
No video found for Skull Rogue  Switch
No video found for Skullgirls  PC
No video found for Skullgirls  2nd Encore  Switch
No video found for Skullgirls  PS3
No video found for Sky Break  PC
No video found for Sky Force Anniversary  Vita
No video found for Sky Force Anniversary  Wii U
No video found for Sky Force Reloaded  PC
No video found for Sky Full of Stars, A  PC
No video found for Sky Gambler Infinite Jets  Mobile
No video found for Sky Knights  PC
No video found for Sky Racket  Switch
No video found for Sky Realm  Mobile
No video found for Sky Ride  Switch
No video found for Sky Rogue  PC
No video found for Sky Safari 2  Mobile
No video found for Sky racket  PC
No video found for SkyOver  Mobile
No video found for Skyborn  PC
No video found for Skydiving Extreme   PS1
No video found for Skyforge  PC
No video found for Skygalleon of the Blue Sky  Mobile
No video found for Skyhook  PC
No video found for Skykeepers  PC
No video found for Skylanders  Spyro's Adventure  3DS
No video found for Skylanders  Spyro's Adventure  Wii U
No video found for Skylanders Giants  PS3
No video found for Skylanders Giants  Wii U
No video found for Skylanders Imaginators  Switch
No video found for Skylanders SWAP Force  Wii U
No video found for Skylanders SWAP Force  3DS
No video found for Skylanders SuperChargers  Wii U
No video found for Skylanders SuperChargers  PS4
No video found for Skylanders Trap Team  Wii U
No video found for Skylight  PC
No video found for Skylight Freerange 2  Gachduine  Vita
No video found for Skylock  Kamigami to Unmei no Itsutsuko  Mobile
No video found for Skyscraper  PS2
No video found for Slain  Back from Hell  PS4
No video found for Slain  Back from Hell  Vita
No video found for Slam 'n Jam '96 featuring Magic & Kareem  Saturn
No video found for Slam Land  Switch
No video found for Slap City  PC
No video found for Slap Happy Rhythm Busters  PS1
No video found for Slash It 2  PC
No video found for Slaughter Dark Demons  Mobile
No video found for Slave Zero  Dreamcast
No video found for Slave Zero  PC
No video found for Slay the Spire  Mobile
No video found for Slay the Spire  Switch
No video found for Slayaway Camp  PC
No video found for Slayaway Camp  Butcher's Cut  Vita
No video found for Slayin 2  Switch
No video found for Sled Storm  PS1
No video found for Sled Storm  PS2
No video found for Sleeping Dogs   Xbox 360
No video found for Slice It!   Mobile
No video found for Slice, Dice & Rice  PC
No video found for Slime Rancher  PC
No video found for Slime Rancher  Plortable Edition  Switch
No video found for Slime Tactics  Switch
No video found for Slimesan  Blackbird's Kraken  PC
No video found for Slimeking's Tower, The  PC
No video found for Sling Ming  PC
No video found for Sling Ming  Switch
No video found for Slinki  PC
No video found for Slipstream  PC
No video found for Slot Shoubushi  PC Engine
No video found for Slots  Pharaoh's Riches  Wii U
No video found for Slotter Mania P  Mach Go Go Go III  PSP
No video found for Slotter Mania P  Tetsuya Shinjuku vs Ueno  PSP
No video found for Sly 2  Band of Thieves   PS2
No video found for Sly 2  Band of Thieves   PS2
No video found for Sly 2  Band of Thieves   PS2
No video found for Sly 2  Band of Thieves   PS2
No video found for Sly 3  Honor Among Thieves  PS2
No video found for Sly 3  Honor Among Thieves  PS3
No video found for Sly 3  Honor Among Thieves   PS2
No video found for Sly Cooper  Thieves in Time  PS3
No video found for Sly Cooper  Thieves in Time   PS3
No video found for Smash Cars  PS3
No video found for Smash Club  Streets of Shmeenis  Switch
No video found for Smash Hit  Mobile
No video found for Smash Rush  Switch
No video found for Smashing The Battle   Ghost Soul  Switch
No video found for Smashing the Battle  Switch
No video found for Smile Cubic! Suiheisen made Nan Mile After & Another Stories  PC
No video found for Smile Shooter  First Ticket  PC
No video found for Smith and Winston  PC
No video found for Smuggler's Run   PS2
No video found for Smurfs 2, The  Wii U
No video found for Snack World, The  TreJarers  3DS
No video found for Snack World, The  TreJarers Gold  Switch
No video found for Snail Bob 2  PC
No video found for Snake 3D Adventures  PC
No video found for Snake Pass  Mobile
No video found for Snakebird  PC
No video found for Snarf Quest Episode 1  PC
No video found for Sneak King  Xbox
No video found for Sneak King  Xbox 360
No video found for Sniper  Ghost Warrior  Xbox 360
No video found for Sniper  Ghost Warrior 2  PC
No video found for Sniper Elite  PS2
No video found for Sniper Elite  Nazi Zombie Army  PC
No video found for Sniper Elite  Nazi Zombie Army 2  PC
No video found for SnoCross Championship Racing  PS1
No video found for SnoCross Championship Racing  Dreamcast
No video found for Snow  Dreamcast
No video found for Snow Battle Princess Sayuki  Switch
No video found for Snow Bros Special   Switch
No video found for Snow Moto Racing Freedom  PC
No video found for Snow Portable  PSP
No video found for Snow Sakura   PC
No video found for Snowboard Heaven  PS2
No video found for Snowboard Party 2  Mobile
No video found for Snowboard Party Pro  Mobile
No video found for Snowy  Fish Frenzy  PC
No video found for Snowy  Puzzle Islands  PC
No video found for Snowy  Space Trip  PC
No video found for Snowy  The Bear's Adventures  PC
No video found for Snowy  Treasure Hunter  PC
No video found for Snowy  Treasure Hunter 2  PC
No video found for Snowy  Treasure Hunter 3  PC
No video found for SoRaNoWoTo  Otome no Gojuusou  PSP
No video found for Soap Dodgem  Switch
No video found for Soccer America  International Cup  PS2
No video found for Soccer America  International Cup   PS2
No video found for Soccer Brawl  Neo Geo CD
No video found for Soccer Life 2  We are Challengers to Europe  PS2
No video found for Soccer Slammers  Switch
No video found for Soccer Tsuku  Pro Soccer Club o Tsukurou!  Vita
No video found for SoccerDie  Cosmic Cup  Switch
No video found for Sockventure  PC
No video found for Sockventure  Switch
No video found for Soda Dungeon  PC
No video found for Soda Dungeon 2  PC
No video found for Soda Girls  PC
No video found for Sofiya and the Ancient Clan  Switch
No video found for Sokko Seitokai  Sonic Council  Saturn
No video found for Sokoban Next  Vita
No video found for Sokobond  Switch
No video found for Sol  Moonarge  PC Engine
No video found for Sol Divide  PS1
No video found for Sol Trigger  PSP
No video found for SolSeraph  Switch
No video found for Solar Shifter EX  PC
No video found for Soldam  Drop, Connect, Erase   Switch
No video found for Solenars Edge II  Champions  PC
No video found for Solfege  Sweet Harmony  PSP
No video found for Solitaire Conspiracy, The  Switch
No video found for Solomon Program  Switch
No video found for Solstice Chronicles MIA  PC
No video found for Soma Spirits  Rebalance  PC
No video found for Sometimes Always Monsters  Special Edition  PC
No video found for Son of Scoregasm  Vita
No video found for Son of Scoregasm  PC
No video found for Son of a Witch  PC
No video found for Sonar Beat  Switch
No video found for Song Summoner  The Unsung Heroes  Encore  Mobile
No video found for Song of Iron  PC
No video found for Song of the Deep  PS4
No video found for Song of the Myrne  What Lies Beneath  PC
No video found for SongPop Party  PC
No video found for Songbird Symphony  PC
No video found for Songbird Symphony  Switch
No video found for Songs for a Hero  A Lenda do Heroi  PC
No video found for Songs for a Hero    PC
No video found for Songs of Silence  PC
No video found for Sonic & AllStars Racing Transformed  Vita
No video found for Sonic & AllStars Racing Transformed  3DS
No video found for Sonic & AllStars Racing Transformed  3DS
No video found for Sonic & Sega AllStars Racing with BanjoKazooie  Xbox 360
No video found for Sonic  Lost World  3DS
No video found for Sonic  Lost World  Wii U
No video found for Sonic Adventure 2 Shop Trial  Dreamcast
No video found for Sonic Adventure 2 The Trial  Dreamcast
No video found for Sonic Adventure 2  Xbox 360
No video found for Sonic Adventure AutoDemo  Dreamcast
No video found for Sonic Adventure DX Director's Cut   GameCube
No video found for Sonic After the Sequel  PC
No video found for Sonic After the Sequel DX  PC
No video found for Sonic Before the Sequel  PC
No video found for Sonic Boom  Fire & Ice   3DS
No video found for Sonic Boom  Rise of Lyric  Wii U
No video found for Sonic Boom  Shattered Crystal   3DS
No video found for Sonic Colors  Ultimate  PS4
No video found for Sonic Colors  Ultimate  Switch
No video found for Sonic Dash  Mobile
No video found for Sonic Dash 2  Sonic Boom  Mobile
No video found for Sonic Dream Team  PC
No video found for Sonic Forces  PC
No video found for Sonic Forces  PC
No video found for Sonic Free Riders  Xbox 360
No video found for Sonic Frontiers  PC
No video found for Sonic Frontiers  Switch
No video found for Sonic Gems Collection  GameCube
No video found for Sonic Gems Collection  PS2
No video found for Sonic Generations   3DS
No video found for Sonic Heroes  GameCube
No video found for Sonic Heroes  PS2
No video found for Sonic Heroes  Xbox
No video found for Sonic Heroes   GameCube
No video found for Sonic Heroes   GameCube
No video found for Sonic Jam  Saturn
No video found for Sonic Jump  Mobile
No video found for Sonic Jump Fever  Mobile
No video found for Sonic Lost World  PC
No video found for Sonic Mega Collection  GameCube
No video found for Sonic Mega Collection Plus  Xbox
No video found for Sonic Mega Collection Plus  PS2
No video found for Sonic Origins  PC
No video found for Sonic Origins  Switch
No video found for Sonic Riders  Xbox
No video found for Sonic Riders  GameCube
No video found for Sonic Riders  PS2
No video found for Sonic Riders  PC
No video found for Sonic Riders  Zero Gravity  PS2
No video found for Sonic Riders  Zero Gravity   Wii
No video found for Sonic Robo Blast 2   PC
No video found for Sonic Rumble  Mobile
No video found for Sonic Runners  Mobile
No video found for Sonic Runners Adventure  Mobile
No video found for Sonic Superstars  Switch
No video found for Sonic Unleashed  PS2
No video found for Sonic Utopia Demo  PC
No video found for Sonic and the Black Knight   Wii
No video found for Sonic and the Secret Rings   Wii
No video found for Sonic at the Olympic Games  Tokyo 2020  Mobile
No video found for Sonic at the Olympic Winter Games  Mobile
No video found for Sonic the Hedgehog  Xbox 360
No video found for Sonic the Hedgehog 2  Mobile
No video found for Sonic the Hedgehog 2  Mobile
No video found for Sonic the Hedgehog 4  Episode 1  Xbox 360
No video found for Sonic the Hedgehog 4  Episode I  Mobile
No video found for Sonic the Hedgehog 4  Episode II  PS3
No video found for Sonic the Hedgehog 4  Episode II  Xbox 360
No video found for Sonshi no Heihou DS  DS
No video found for Sora no Otoshimono  DokiDoki Summer Vacation  PSP
No video found for Sorairo Portable  PSP
No video found for Sorayume  PS2
No video found for Sorcerian  Shichisei Mahou no Shito  Dreamcast
No video found for Sorcery Jokers  PC
No video found for Sorcery Saga  Curse of the Great Curry God  PC
No video found for Sorcery Saga  The Curse of the Great Curry God   Vita
No video found for Sorcery   PS3
No video found for Sorcery!  Mobile
No video found for Sorcery! 2  Mobile
No video found for Sorcery! 3  Mobile
No video found for Sorcery! 4  Mobile
No video found for Sorry, James  Switch
No video found for Soshite Bokura wa,  and He Said  PS2
No video found for Soshite Kono Uchuu ni Kirameku Kimi no Shi XXX  PS2
No video found for Soshite Kono Uchuu ni Kirameku Kimi no Uta  PS2
No video found for Sotsugyou  Graduation  PC Engine
No video found for Sotsugyou  Graduation S  Saturn
No video found for Sotsugyou 2nd Generation  PS2
No video found for Sotsugyou II  Neo Generation  PC Engine
No video found for Sotsugyou II  Neo Generation  PS1
No video found for Sotsugyou III  Wedding Bell  Saturn
No video found for Sotsugyou Shashin Miki  PC Engine
No video found for Soukai Buccaneers!  Vita
No video found for Soukaigi  PS1
No video found for Soukoku no Kusabi  Hiiro no Kakera 3  PS2
No video found for Soukoku no Kusabi  Hiiro no Kakera 3  Ashita e no Tobira  PSP
No video found for Soukoku no Kusabi  Hiiro no Kakera 3 DS  DS
No video found for Soukou Akki Muramasa  PC
No video found for Soukou Kihei Votoms  PS2
No video found for Soukou Kihei Votoms  Lightning Slash  PS1
No video found for Soukou Kihei Votoms  Uoodo Kumenhen  PS1
No video found for Soukou Kihei Votoms Gaiden  Blue Knight Bersaga Story  PS1
No video found for Soukou Musume Mizel Crisis  Mobile
No video found for Soukuu no Tsubasa  Gotha World  PS1
No video found for Soul Axiom  Wii U
No video found for Soul Hackers 2  PC
No video found for Soul Link Extension  PS2
No video found for Soul Sacrifice Delta  Vita
No video found for Soul Warriors  Mobile
No video found for SoulCalibur  Mobile
No video found for SoulCalibur II  GameCube
No video found for SoulCalibur II  PS2
No video found for SoulCalibur IV  PS3
No video found for SoulCalibur IV  Xbox 360
No video found for SoulCalibur Legends  Wii
No video found for SoulCalibur V  PS3
No video found for SoulCalibur V  Xbox 360
No video found for SoulSet  PC
No video found for Soulcalibur  Lost Swords  PS3
No video found for Soulcalibur II HD Online  PS3
No video found for Souldiers  Switch
No video found for Soulless Ray of Hope  PC
No video found for Soundtrack Attack  Mobile
No video found for Sousei no Onmyouji  Vita
No video found for Soushuu Senshinkan Gakuen Bansenjin  PC
No video found for Soushuu Senshinkan Gakuen Hachimyoujin  PC
No video found for South Park  The Fractured But Whole + DLC  PC
No video found for Space Adventure Cobra  Koku Ryuu Ou no Densetsu  PC Engine
No video found for Space Bob vs The Replicons  PC
No video found for Space Chimps  PC
No video found for Space Chimps  Wii
No video found for Space Colony HD  PC
No video found for Space Crew  PC
No video found for Space Empires  Starfury  PC
No video found for Space Fisherman  PS2
No video found for Space Force PC] PC
No video found for Space Griffon VF9  PS1
No video found for Space Hack  PC
No video found for Space Hulk  Wii U
No video found for Space Hulk  Vengeance of the Blood Angels  PS1
No video found for Space Hulk  Vengeance of the Blood Angels   3DO
No video found for Space Hulk Ascension Edition  PC
No video found for Space Hunted  Wii U
No video found for Space Intervention   Switch
No video found for Space Invaders Get Even   Wii
No video found for Space Leprechaun  PC
No video found for Space Maze Beyond Infinity  Mobile
No video found for Space Moth  Lunar Edition  Switch
No video found for Space Overlords  PC
No video found for Space Overlords  Vita
No video found for Space Radiance  PC
No video found for Space Rangers HD  A War Apart  PC
No video found for Space Ribbon  Switch
No video found for Space Rift  Episode 1 VR  PC
No video found for Space Run  PC
No video found for Space Station Sprint  PC
No video found for Space Station Tycoon   Wii
No video found for Space Trucker  PC
No video found for Space Tyrant  PC
No video found for Space Zombies Invasion  PC
No video found for SpaceColorsRunner  Switch
No video found for Spaceball  Revolution  PSP
No video found for Spacebase Startopia  PC
No video found for Spacebourne  PC
No video found for Spacecats with Lasers VR  PC
No video found for Spaceforce Rogue Universe HD  PC
No video found for Spacejacked  Switch
No video found for Spaceland  PC
No video found for Spaceland  Switch
No video found for Spacelords  Raiders of the Broken Planet ~ Alien Myths  PC
No video found for Spacescape  PC
No video found for Spaceship Looter  PC
No video found for Spade no Kuni no Alice  Wonderful White World  Switch
No video found for Spark the Electric Jester 3 Demo  PC
No video found for Sparkle  Vita
No video found for Sparkle 2  Vita
No video found for Sparkle 2 Evo  PC
No video found for Sparkle 4 Tales  Switch
No video found for Sparkle Unleashed  Vita
No video found for Sparklite  Switch
No video found for Sparklite  PC
No video found for Spartan  Total Warrior  Xbox
No video found for Spartan  Total Warrior  GameCube
No video found for Spatials, The  Galactology  PC
No video found for Spawn  Armageddon  Xbox
No video found for Spawn  Armageddon   PS2
No video found for Spawn  In the Demon's Hand  Dreamcast
No video found for Spectacular Sparky  Switch
No video found for Spectral Force 2  Eien Naru Kiseki  PS1
No video found for Spectral Force 3  Xbox 360
No video found for Spectral Gene  PS2
No video found for Spectral Tower  PS1
No video found for Spectral Tower II  PS1
No video found for Spectral vs Generation  PS2
No video found for Spectral vs Generation  Other systems
No video found for Speed Blazers  Mobile
No video found for Speed Challenge  Jacques Villeneuve's Racing Vision  GameCube
No video found for Speed Dating for Ghosts  Switch
No video found for Speed Devils  Dreamcast
No video found for Speed Kings  Xbox
No video found for Speed Rider  Mobile
No video found for SpeedZone   Wii
No video found for Spell Sword  Mobile
No video found for SpellForce 2  Faith in Destiny  PC
No video found for SpellForce 2 Anniversary Edition  PC
No video found for SpellForce 3     New DLC added  PC
No video found for SpellForce 3  PC
No video found for Spellcaster's Assistant  Wii U
No video found for Spellrune  Realm of Portals  PC
No video found for Spellspire  Vita
No video found for Spellsword Cards  DungeonTop  PC
No video found for SpelunKing  The Mine Match  Switch
No video found for Spelunker Party  PC
No video found for Spelunker Party   Switch
No video found for Spelunky  PC
No video found for Spelunky  PC
No video found for Spelunky  Vita
No video found for Spelunky  Switch
No video found for Spheroids  Wii U
No video found for Spheroids  Vita
No video found for Spheroids  PC
No video found for Sphinx and the Cursed Mummy  PS2
No video found for Spice and Wolf VR  Switch
No video found for Spider  Rite of the Shrouded Moon  Vita
No video found for SpiderMan  The Movie  GameCube
No video found for SpiderMan  Total Mayhem  Mobile
No video found for SpiderMan  Web of Shadows  PS2
No video found for SpiderMan 3  PC
No video found for SpiderMan 3  PS3
No video found for SpiderMan 3  Xbox 360
No video found for SpiderMan 3  PS2
No video found for SpiderMan 3  Wii
No video found for SpiderMan 3  PSP
No video found for Spikeout  Battle Street  Xbox
No video found for Spin Jam  PS1
No video found for Spin Rhythm XD  PC
No video found for Spin Rhythm XD  Switch
No video found for Spiral Episode 1  Mobile
No video found for Spiral Knights  PC
No video found for Spiral Scouts, The  PC
No video found for Spiral Splatter  Vita
No video found for Spirit  Stallion Of The Cimarron  Forever Free  PC
No video found for Spirit Hunter  Death Mark II   Switch
No video found for Spirit Roots  Switch
No video found for Spirit Sphere DX  PC
No video found for Spirit Stones  Anguish of Lysis  Mobile
No video found for Spirit of Speed 1937  Dreamcast
No video found for Spirit of the North  PC
No video found for Spiritfarer  PC
No video found for Spiritfarer  Switch
No video found for Splash Blast Panic  Switch
No video found for Splash Cars  Switch
No video found for Splash Lake  PC Engine
No video found for Splashdown  Rides Gone Wild  PS2
No video found for Splatoon  Wii U
No video found for Splatoon 2  Switch
No video found for Splatoon 2  Global Testfire Demo  Switch
No video found for Splatoon Global Testfire  Wii U
No video found for Splatterhouse  PS3
No video found for Splinter Cell  Conviction  Xbox 360
No video found for Splinter Cell  Conviction  PC
No video found for Split Second  PC
No video found for Split Second   PS3
No video found for Split Second   Xbox 360
No video found for Splotches  Switch
No video found for SpongeBob  Krusty CookOff  Mobile
No video found for SpongeBob  Patty Pursuit  PC
No video found for SpongeBob SolitairePants  PC
No video found for SpongeBob SquarePants  Battle for Bikini Bottom  Rehydrated  PC
No video found for SpongeBob SquarePants  Battle for Bikini Bottom  Rehydrated  Switch
No video found for SpongeBob SquarePants  Employee of the Month  PC
No video found for SpongeBob SquarePants  Operation Krabby Patty  PC
No video found for SpongeBob SquarePants  Plankton's Robotic Revenge  PS3
No video found for SpongeBob SquarePants  Plankton’s Robotic Revenge  Wii U
No video found for SpongeBob SquarePants  Revenge of the Flying Dutchman  PS2
No video found for SpongeBob SquarePants  Revenge of the Flying Dutchman  GameCube
No video found for SpongeBob SquarePants  Revenge of the Flying Dutchman   PS2
No video found for SpongeBob SquarePants  The Cosmic Shake  PC
No video found for SpongeBob SquarePants Featuring Nicktoons  Globs of Doom  PS2
No video found for SpongeBob SquarePants Featuring Nicktoons  Globs of Doom  Wii
No video found for SpongeBob Squarepants  Battle for Bikini Bottom  PS2
No video found for SpongeBob's Atlantis SquarePantis  PS2
No video found for SpongeBob's Atlantis SquarePantis  Wii
No video found for SpongeBob's Boating Bash  Wii
No video found for SpongeBob's Truth or Square  PSP
No video found for SpongeBob's Truth or Square  Wii
No video found for Spongebob Truth or Square  Xbox 360
No video found for Spooky Ghosts Dot Com  Switch
No video found for Spooky's Jump Scare Mansion  HD Renovation  PC
No video found for Spore Origins  Mobile
No video found for Sports Champions  PS3
No video found for Sports Champions 2  PS3
No video found for Sports Story  Switch
No video found for Sportsball  Wii U
No video found for Spot The Differences  Party!  Wii U
No video found for Spot the Differences!  PSP
No video found for Spy Bros  Pipi & Bibi DX  Switch
No video found for Spy Chameleon  Wii U
No video found for Spy Chameleon  Vita
No video found for Spy Fox  Operation Ozone  PC
No video found for Spy Hunter  Nowhere to Run  PS2
No video found for Spy Hunter  Nowhere to Run  Xbox
No video found for Spy Hunter  Nowhere to Run  PC
No video found for Spy Kids  All the Time in the World   DS
No video found for Spy vs Spy  Mobile
No video found for Spyborgs  Wii
No video found for Spyro  A Hero's Tail  PS2
No video found for Spyro  A Hero's Tail  GameCube
No video found for Spyro  Enter the Dragonfly  GameCube
No video found for Spyro Reignited Trilogy  Switch
No video found for Spyro Reignited Trilogy  PC
No video found for Squadron Sky Guardians  PC
No video found for SquareCells  PC
No video found for Squareboy vs Bullies  Arena Edition  Vita
No video found for Squares  Vita
No video found for Squidgies Takeover  Switch
No video found for Squidlit  PC
No video found for Squidlit  Switch
No video found for Squids Odyssey  Wii U
No video found for Squids Odyssey  PC
No video found for Squids Odyssey   3DS
No video found for Squish  Switch
No video found for Staar Mazer  DSP  PC
No video found for Stack 'em High  3DS
No video found for Stacked with Daniel Negreanu  PSP
No video found for Stacking  Xbox 360
No video found for Stakes Winner  G1 Kanzen Seiha he no Michi  Neo Geo CD
No video found for Stakes Winner  GI Kanzen Seiha he no Michi  Saturn
No video found for Stakes Winner 2  Saikyouba Densetsu  Saturn
No video found for Star Blitz  Mobile
No video found for Star Drift  PC
No video found for Star Fighter   Saturn
No video found for Star Fox Assault  GameCube
No video found for Star Fox Zero  Wii U
No video found for Star Gagnant  Switch
No video found for Star Ghost  Wii U
No video found for Star Ghost  Switch
No video found for Star Hammer  The Vanguard Prophecy  PC
No video found for Star Horizon  Mobile
No video found for Star Hunter VR  PC
No video found for Star Melody  Yumei Dreamer  Switch
No video found for Star Ocean  First Departure R  Switch
No video found for Star Ocean  Second Evolution  PSP
No video found for Star Ocean  Second Evolution  Vita
No video found for Star Ocean  The Second Story R  Switch
No video found for Star Ocean  The Second Story R Demo  Switch
No video found for Star Ocean 5  Integrity and Faithlessness  PS4
No video found for Star Ocean 5  Integrity and Faithlessness  PS3
No video found for Star Ocean 6  The Divine Force  PC
No video found for Star Prospector  PC
No video found for Star Rage VR  PC
No video found for Star Singularity  PC
No video found for Star Sky  Wii U
No video found for Star Splash  Shattered Star  Wii U
No video found for Star Vikings Forever  PC
No video found for Star Wars  Bounty Hunter  GameCube
No video found for Star Wars  Bounty Hunter  GameCube
No video found for Star Wars  Bounty Hunter   PS2
No video found for Star Wars  Dark Forces  PS1
No video found for Star Wars  Demolition  Dreamcast
No video found for Star Wars  Galactic Battlegrounds  Clone Campaigns  PC
No video found for Star Wars  Knights Of The Old Republic II  The Sith Lords  Xbox
No video found for Star Wars  Knights Of The Old Republic II  The Sith Lords  Mobile
No video found for Star Wars  Knights of the Old Republic  Xbox
No video found for Star Wars  Lethal Alliance  PSP
No video found for Star Wars  Lethal Alliance  PSP
No video found for Star Wars  The Clone Wars  Lightsaber Duels  Wii
No video found for Star Wars  The Force Unleashed  Wii
No video found for Star Wars Jedi  Fallen Order  PC
No video found for Star Wars Jedi Knight II  Jedi Outcast  PC
No video found for Star Wars Journeys  The Phantom Menace  Mobile
No video found for Star Wars the Clone Wars  Republic Heroes  PS2
No video found for Star Wars the Clone Wars  Republic Heroes  Wii
No video found for Star Wolves  PC
No video found for Star Wolves 3  Civil War  PC
No video found for StarCrossed Myth  Switch
No video found for StarCrawlers  PC
No video found for StarForge  PC
No video found for Starblood Arena  PS4
No video found for Starbound  PC
No video found for Stardancer  DS
No video found for Stardrift Nomads  PC
No video found for Stardrop  PC
No video found for Stardust Vanguards  PC
No video found for Starfield Wars  PC
No video found for Starfighter Origins  PC
No video found for Starfront  Collision HD  Mobile
No video found for Starfront Collision  Mobile
No video found for Stargate Command  Teal'c's Revenge  Mobile
No video found for Stargate SG1 Unleased Episode 1  Mobile
No video found for Stargrove Scramble  PC
No video found for Starlight Alliance  PC
No video found for Starlight Drifter  PC
No video found for Starlight Inception  Vita
No video found for Starlight Vega  PC
No video found for Starlink  Battle for Atlas  Switch
No video found for Starlit Adventures  Golden Stars  Switch
No video found for Starpoint Gemini  PC
No video found for Starpoint Gemini 2  PC
No video found for Starpoint Gemini 3  PC
No video found for Starr Mazer  DSP  PC
No video found for Starry Sky  After Autumn Portable  PSP
No video found for Starry Sky  After Spring Portable  PSP
No video found for Starry Sky  After Summer Portable  PSP
No video found for Starry Sky  After Winter Portable  PSP
No video found for Starry Sky  Autumn Stories  Vita
No video found for Starry Sky  In Spring 3D  3DS
No video found for Starry Sky  In Summer 3D  3DS
No video found for Starry Sky  In Winter 3D  3DS
No video found for Starry Sky  Spring Stories  Vita
No video found for Starry Sky  Summer Stories  Vita
No video found for Starry Sky  Winter Stories  Vita
No video found for Starship Titanic  PC
No video found for Starship Troopers  PC
No video found for Starship Troopers  Terran Ascendancy  PC
No video found for Starshot  Space Circus Fever  PC
No video found for Starsiege Tribes  PC
No video found for Starsky & Hutch  PC
No video found for Starsky & Hutch  GameCube
No video found for Start the Party!  PS3
No video found for Start the Party! Save the World  PS3
No video found for Startide  PC
No video found for Startling Odyssey II  Maryuu Sensou  PC Engine
No video found for Starwalker  PC
No video found for State of Decay  Xbox 360
No video found for State of Decay  PC
No video found for State of Emergency  PS2
No video found for State of Emergency  PC
No video found for Static Cling  PC
No video found for Stay! Stay! Democratic People’s Republic of Korea!  PC
No video found for Stealth Bastard Deluxe  Tactical Espionage Arsehole  PC
No video found for Stealth Inc  A Clone in the Dark  Vita
No video found for Stealth Inc 2  A Game of Clones  PS4
No video found for Stealth Inc 2  A Game of Clones  Vita
No video found for Steam Hammer  PC
No video found for Steam Prison  Nanatsu no Bitoku  Vita
No video found for Steam Prison Trial Version  Switch
No video found for Steam Tactics  Switch
No video found for SteamWorld Dig  Wii U
No video found for SteamWorld Heist  Wii U
No video found for Steambot Chronicles   PS2
No video found for Steamburg  PC
No video found for Steel Fury Kharkov 1942  PC
No video found for Steel Harbinger  PS1
No video found for Steel Rain  Switch
No video found for Steel Rain  Expeditions  PC
No video found for Steel Rats  PC
No video found for Steel Reign  PS1
No video found for Steel Saviour Reloaded  PC
No video found for Steel Strider  PC
No video found for Steep Slope Sliders  Saturn
No video found for Steins;Gate  PSP
No video found for Steins;Gate  Mobile
No video found for Steins;Gate  Vita
No video found for Steins;Gate  Vita
No video found for Steins;Gate  Hiyoku Renri no Darling  Xbox 360
No video found for Steins;Gate  Hiyoku Renri no Darling  PSP
No video found for Steins;Gate  Hiyoku Renri no Darling  PS3
No video found for Steins;Gate  Hiyoku Renri no Darling  Vita
No video found for Steins;Gate  Senkei Kousoku no Phenogram  Vita
No video found for Steins;Gate 0  PC
No video found for Steins;Gate 0   Vita
No video found for Steins;Gate 0   PS4
No video found for Steins;Gate Elite  Switch
No video found for Stellar Attack  PSP
No video found for Stellar Wanderer  Mobile
No video found for Stellaris  PC
No video found for Stellatum  PC
No video found for Steredenn  PS3
No video found for Stereo Aereo  PC
No video found for Steve Jackson's Sorcery!  Switch
No video found for Stick It To The Man  Wii U
No video found for Stick it to The Man!  Vita
No video found for Stickman Annihilation 2  PC
No video found for Stikbold! Dodgeball Adventure! Deluxe   Switch
No video found for Sting, The!  PC
No video found for Stinkoman 20X6  PC
No video found for Stoked  Xbox 360
No video found for Stoked Big Air Edition  PC
No video found for Stolen Steel VR  PC
No video found for Stone Shire  Wii U
No video found for Stone Story RPG  PC
No video found for Stonecutter, The  Wii U
No video found for Storm Guard, The  Darkness is Coming  PC
No video found for Storm Lover V  Vita
No video found for StormLover 2nd  PSP
No video found for StormLover Natsukoi!!  PSP
No video found for Stormrise  PC
No video found for Stormrise  PS3
No video found for Story of Noah's Ark, The  DS
No video found for Story of Seasons  A Wonderful Life   Switch
No video found for Story of Seasons  Friends of Mineral Town   Switch
No video found for Story of Seasons  Pioneers of Olive Town   Switch
No video found for Straimium Immortaly  PC
No video found for Strain Tactics  Mobile
No video found for Stranded  A Mars Adventure  Vita
No video found for Stranger Things 3  The Game  Switch
No video found for Stranger of Sword City  PC
No video found for Stranger of Sword City Revisited  PC
No video found for Stranger of Sword City Revisited   Vita
No video found for Stranger of Sword City   Vita
No video found for Stranglehold  PC
No video found for Stratos  PC
No video found for Strawberry Nauts  Vita
No video found for Strawberry Nauts  Switch
No video found for Strawberry Panic!  PS2
No video found for Strawberry Shortcake  The Sweet Dreams Game  PS2
No video found for Strawberry Vinegar  Switch
No video found for Streak  Hoverboard Racing  PS1
No video found for Street Cat's Tale, A   Switch
No video found for Street Cleaner  The Video Game  Switch
No video found for Street Fighter 30th Anniversary Collection  PC
No video found for Street Fighter 6 Closed Beta Test  PC
No video found for Street Fighter 6 Closed Beta Test  PC
No video found for Street Fighter Alpha 2   PS1
No video found for Street Fighter Alpha Anthology   PS2
No video found for Street Fighter Anniversary Collection  Xbox
No video found for Street Fighter EX3  PS2
No video found for Street Fighter III  Double Impact   Dreamcast
No video found for Street Fighter IV  PS3
No video found for Street Fighter IV  Xbox 360
No video found for Street Fighter IV Volt  Mobile
No video found for Street Fighter X Kashihara Sightseeing App  Mobile
No video found for Street Hoop   Neo Geo CD
No video found for Street Hoops  PS2
No video found for Street Legal Racing  Redline  PC
No video found for Street Racquetball   PS1
No video found for Street Sk8er 2    PS1
No video found for Street Sk8er     PS1
No video found for StreetKix Freestyle  PSP
No video found for Strife  PC
No video found for Strike Buster Prototype  Switch
No video found for Strike Force Heroes Extraction  Mobile
No video found for Strike Point   PS1
No video found for Strike Suit Zero  Directors Cut  PC
No video found for Strike Team Hydra  Mobile
No video found for Strikers Edge  PC
No video found for Strikey Sisters  PC
No video found for Strikey Sisters  Switch
No video found for Strong Bad's Cool Game for Attractive People  Episode 1  Homestar Ruiner  Wii
No video found for Strong Bad's Cool Game for Attractive People  Episode 2  Strong Badia the Free  Wii
No video found for Strong Bad's Cool Game for Attractive People  Episode 3  Baddest of the Bands  Wii
No video found for Strong Bad's Cool Game for Attractive People  Episode 4  Dangeresque 3  The Criminal Projective  Wii
No video found for Strong Bad's Cool Game for Attractive People  Episode 5  8Bit Is Enough  Wii
No video found for Stronghold  Warlords  PC
No video found for Stronghold 3  PC
No video found for Stuart Little 2  PS1
No video found for Stupid Invaders  PC
No video found for SturmFront  The Mutant War  Ubel Edition  Switch
No video found for Sturmwind EX  PC
No video found for Style Savvy  Fashion Forward    3DS
No video found for Style Savvy  Styling Star    3DS
No video found for Styx  Master of Shadows  PC
No video found for SubaraCity  3DS
No video found for Subdivision Infinity  Mobile
No video found for Sublevel Zero Redux  PS4
No video found for Subnautica  PC
No video found for Subway Surfers  Mobile
No video found for Subway Surfers Tag  PC
No video found for Sudden Strike 4  PS4
No video found for Sudoku Party  Wii U
No video found for Sudoku and Permudoku  Wii U
No video found for Sudoku und Kakuro  Welt Edition  PSP
No video found for Sugar Sugar Rune  Koimo Osharemo Pick Up!  PS2
No video found for Sugar+Spice! ~Ano Kono Suteki na Nanimokamo~  PS2
No video found for Sugoro Chronicle  Migite ni Ken wo Hidarite ni Saikoro wo  Wii
No video found for Suguri  PC
No video found for Suiei Kyoushitsu  Fuyu de mo School Mizugi  PC
No video found for Suigetsu  Mayoi Gokoro  Dreamcast
No video found for Suigetsu MayoiGokoro  PS2
No video found for Suiheisen made Nan Mile  Deep Blue Sky & Pure White Wings   PC
No video found for Suiheisenma de Nani Mile Original Flight  PSP
No video found for Suika AS+  PC
No video found for Suika AS+ Eternal Name  PS2
No video found for Suikoden  Tenmei no Chikai  PS1
No video found for Suikoden IV   PS2
No video found for Suikoden Tactics   PS2
No video found for Suikoden V   PS2
No video found for Suikoden V   PS2
No video found for Sukashikashipanman DS  Shokotan Koto Nakagawa Shouko Produce  DS
No video found for Sukeban Shachou Rena Wii  Wii
No video found for Suki Da yo!  PC
No video found for Suki na Mono wa Suki Dakara Shou ga Nai!! First Limit & Target Nights  Sukisyo! Episode 1 & 2  PS2
No video found for Sum of All Fears, The  GameCube
No video found for Sumikko Gurashi  Gakkou Seikatsu Hajimerun Desu  Switch
No video found for Sumikko Gurashi  Sumikko Park e Youkoso  Switch
No video found for Summer Catchers  PC
No video found for Summer Party Time  Switch
No video found for Summer Pockets  PC
No video found for Summer Pockets  Switch
No video found for Summer Pockets REFLECTION BLUE  Switch
No video found for Summer Sports  Paradise Island  Wii
No video found for Summer Sports 2  Island Sports Party  Wii
No video found for Summer in Mara  Switch
No video found for Summer with the Shiba Inu, A  Switch
No video found for Summerland  PC
No video found for Summoner  A Goddess Reborn  GameCube
No video found for Sun and Moon, The  Vita
No video found for Suna no Embrace  Eden no Sato no Never  PS1
No video found for Sunblast  PC
No video found for Sunless Sea  PC
No video found for Sunless Sea  Zubmariner Edition  Switch
No video found for Sunless Skies  Sovereign Edition  Switch
No video found for Sunrider  First Arrival  PC
No video found for Sunrider  Liberation Day  Captain's Edition  PC
No video found for Sunrider  Mask of Arcadius  PC
No video found for Sunsoft Collection  PS2
No video found for Sunwards  PC
No video found for Sunwards  Switch
No video found for Supaplex HARD  Switch
No video found for Supaplex SQUARES  Switch
No video found for Super 3D Noah's Ark  PC
No video found for Super Albatross  PC Engine
No video found for Super Alloy Ranger  Switch
No video found for Super Battle Cards  Switch
No video found for Super Beat Sports  Switch
No video found for Super Benbo Quest Turbo Deluxe  Switch
No video found for Super Blackout  Vita
No video found for Super Casino Special  Saturn
No video found for Super Collapse 3  PC
No video found for Super Collapse II  PC
No video found for Super ComboMan  Smash Edition  PC
No video found for Super Crazy Rhythm Castle  Switch
No video found for Super Daisenryaku  PC Engine
No video found for Super Destronaut  Wii U
No video found for Super Destronaut 2  Go Duck Yourself  Wii U
No video found for Super Destronaut DX  Vita
No video found for Super Dimension Neptune vs Sega Hard Girls  Vita
No video found for Super Dinoblasters  Switch
No video found for Super Dodgeball Beats  Switch
No video found for Super Dragon Ball Heroes  World Mission  Switch
No video found for Super Dropzone  Intergalactic Rescue Mission  GBA
No video found for Super Dungeon Tactics  PC
No video found for Super Euro Soccer 2000  Dreamcast
No video found for Super Galaxy Squadron EX Turbo  PC
No video found for Super Galdelic Hour  PS2
No video found for Super Gear Quest  PC
No video found for Super Glitch Dash  Switch
No video found for Super Glitter Rush  PC
No video found for Super Gunworld 2  PS4
No video found for Super Hero Flying School  Switch
No video found for Super Hero Generation  Vita
No video found for Super Heroine Chronicle  Chou Heroine Senki  PS3
No video found for Super Hexagon  PC
No video found for Super Holobunnies  Pause Cafe  Switch
No video found for Super Hydorah  PC
No video found for Super Hydorah  Vita
No video found for Super Hydorah  Switch
No video found for Super Impossible Road  Switch
No video found for Super Indie Karts  PC
No video found for Super Jagger Bomb  Switch
No video found for Super Jumpy Ball  Switch
No video found for Super Kickers League  Switch
No video found for Super Kirby Clash  Switch
No video found for Super Kiwi 64  Switch
No video found for Super Life of Pixel  Vita
No video found for Super Little Acorns 3D Turbo   3DS
No video found for Super Magnetic Neo   Dreamcast
No video found for Super Mahjong Taikai  PC Engine
No video found for Super Mario 3D World + Bowser's Fury  Switch
No video found for Super Mario Maker  Wii U
No video found for Super Mega Baseball  Extra Innings  PC
No video found for Super Mega Space Blaster Special Turbo  Switch
No video found for Super Metboy  Switch
No video found for Super Mike  Classic Adventure Game  Switch
No video found for Super Mombo Quest  Switch
No video found for Super Monkey Ball  Mobile
No video found for Super Monkey Ball  Banana Blitz HD   Switch
No video found for Super Monkey Ball  Banana Blitz   Wii
No video found for Super Monkey Ball  Banana Mania  Switch
No video found for Super Monkey Ball  Banana Splitz   Vita
No video found for Super Monkey Ball  Step & Roll  Wii
No video found for Super Monkey Ball 2  Mobile
No video found for Super Monkey Ball Banana Mania  PC
No video found for Super Mutant Alien Assault  Vita
No video found for Super Mutant Alien Assault  Switch
No video found for Super NES Classic Edition  SNES
No video found for Super NES Classic Edition  SNES
No video found for Super Nanaru  Switch
No video found for Super Neptunia RPG  Switch
No video found for Super Night Riders  Switch
No video found for Super PCEngine Fan Deluxe Special CDRom Volume 1  PC Engine
No video found for Super PCEngine Fan Deluxe Special CDRom Volume 2  PC Engine
No video found for Super Phantom Cat  Remake   Switch
No video found for Super Ping Pong Trick Shot  Switch
No video found for Super Planet Life  Switch
No video found for Super Producers  Mezasu Showbiz Kai  Dreamcast
No video found for Super Punch Patrol  Switch
No video found for Super Puzzle Fighter IIX for Matching Service  Dreamcast
No video found for Super Real Mahjong Graffiti  Saturn
No video found for Super Real Mahjong Love 2~7!  Switch
No video found for Super Real Mahjong P 7  Saturn
No video found for Super Real Mahjong P V  Saturn
No video found for Super Real Mahjong P VI  Saturn
No video found for Super Real Mahjong PII & PIII Custom  PC Engine
No video found for Super Real Mahjong PIV Custom  PC Engine
No video found for Super Real Mahjong PV Custom  PC Engine
No video found for Super Real Mahjong PV FX  PC Engine
No video found for Super Real Mahjong Special  PC Engine
No video found for Super Rebellion  Switch
No video found for Super Robot Taisen  Scramble Commander  PS2
No video found for Super Robot Taisen 1 HD Remake  Vita
No video found for Super Robot Taisen Alpha  Dreamcast
No video found for Super Robot Taisen NEO  Wii
No video found for Super Robot Taisen OG  Dark Prison  PS3
No video found for Super Robot Taisen OG  The Moon Dwellers  PS4
No video found for Super Robot Taisen OG  The Moon Dwellers  PS3
No video found for Super Robot Taisen OG Infinite Battle  PS3
No video found for Super Robot Taisen Scramble Commander the 2nd  PS2
No video found for Super Robot Taisen T  Switch
No video found for Super Robot Taisen V  PS4
No video found for Super Robot Taisen V  Switch
No video found for Super Robot Taisen X  PS4
No video found for Super Robot Taisen X  Switch
No video found for Super Robot Taisen XO  Xbox 360
No video found for Super Rock Blasters  Switch
No video found for Super Rocket Shootout  PC
No video found for Super Runabout  Dreamcast
No video found for Super Samurai Rampage  Mobile
No video found for Super Sanctum TD  PC
No video found for Super Saurio Fly  Switch
No video found for Super Schwarzschild 2  PC Engine
No video found for Super Sentai Battle  Ranger Cross  Wii
No video found for Super Shadow Break  Showdown! NINJA VS The Three KAIJUs   Switch
No video found for Super Shot Soccer   PS1
No video found for Super Sidekicks 2   Neo Geo CD
No video found for Super Sidekicks 3  The Next Glory   Neo Geo CD
No video found for Super Sidekicks   Neo Geo CD
No video found for Super Skelemania  PC
No video found for Super Skull Smash GO! 2 Turbo  Vita
No video found for Super Soviet Missile Mastar  Mobile
No video found for Super Splatters  PC
No video found for Super Spy, The  Neo Geo CD
No video found for Super Star Path  Switch
No video found for Super Stardust HD   PS3
No video found for Super Street Fighter II X for Matching Service  Dreamcast
No video found for Super Street Fighter IV  Xbox 360
No video found for Super Street Fighter IV  3D Edition  3DS
No video found for Super Street Fighter IV Arcade Edition  PS3
No video found for Super Street Fighter IV Pachislot Edition  Mobile
No video found for Super Tennis Blast  Switch
No video found for Super Time Force Ultra  PS4
No video found for Super Toy Cars  Wii U
No video found for Super Toy Cars 2  PC
No video found for Super Treasure Arena  PC
No video found for Super Turbo Demon Busters  PC
No video found for Super Ultra Star Shooter  Wii U
No video found for Super Volley Blast  PC
No video found for Super Weekend Mode  Switch
No video found for Super Wiloo Demake  Switch
No video found for SuperCross Circuit  PS1
No video found for SuperLite 1500 Series  Oekaki Puzzle 2  PS1
No video found for SuperLite 1500 Series  Oekaki Puzzle 3  PS1
No video found for SuperLite 1500 Series  Oekaki Puzzle 4  PS1
No video found for SuperLite 1500 Series  Oekaki Puzzle 5  PS1
No video found for SuperLite 1500 Series  Shanghai  Dynasty  PS1
No video found for Superbeat Xonic  Vita
No video found for Superbike 2000  PC
No video found for Superbike 2000  PS1
No video found for Superbike 2001  PC
No video found for Superbike World Championship  PC
No video found for Superbrothers Sword and Sworcery  Mobile
No video found for Supercar Street Challenge  PS2
No video found for Supercross  PS1
No video found for Superfighters Deluxe  PC
No video found for Superman Returns  Xbox 360
No video found for Superola Champion Edition  Switch
No video found for Supersonic Tank Cats  PC
No video found for Superstars V8 Racing  PS3
No video found for Superstatic  PC
No video found for Supper, The  PC
No video found for Supremacy MMA  Xbox 360
No video found for Supremacy MMA  Unrestricted  Vita
No video found for Supreme Commander 2  PC
No video found for Supreme League of Patriots Issue 1  A Patriot is Born  PC
No video found for Supreme League of Patriots Issue 2  Patriot Frames  PC
No video found for Supreme League of Patriots Issue 3  Ice Cold in Ellis  PC
No video found for Supreme Ruler Ultimate  PC
No video found for Suran digit  Vita
No video found for Surf Riders    PS1
No video found for Surf's Up  PSP
No video found for Surface Rush  Switch
No video found for Surfing H30   PS2
No video found for Surge, The  PS4
No video found for Surrogate  PC
No video found for Surviving Mars  PS4
No video found for Surviving Mars  Digital Deluxe Edition  PC
No video found for Survivor  Heroes  3DS
No video found for Susanoh  Japanese Mythology RPG  Switch
No video found for Sushi Striker  The Way Of Sushido Demo  Switch
No video found for Sushi Striker  The Way of Sushido  Switch
No video found for SushiParty  PC
No video found for Suzuki Alstare Extreme Racing   Dreamcast
No video found for Suzumiya Haruhi no Chokuretsu  DS
No video found for Suzumiya Haruhichan no Mahjong  PSP
No video found for Suzunone Seven  Rebirth Knot  PS2
No video found for Swagman  PS1
No video found for Swap Fire  Wii U
No video found for Swap Swap  PC
No video found for Swap Zap  PSP
No video found for SwapQuest  Vita
No video found for Swapper, The  PC
No video found for Swapper, The  Vita
No video found for Swapper, The  Vita
No video found for Swapper, The  Wii U
No video found for Swapperoo  Switch
No video found for Swarm Universe  PC
No video found for Swashbucklers  Blue vs Grey  PC
No video found for Sweet Clown  Gozen Sanji no Okashi na Doukeshi  Vita
No video found for Sweet Clown  Gozen Sanji no Okashi na Doukeshi  Switch
No video found for Sweet Fuse  At Your Side   PSP
No video found for Sweet Home ~H na Oneesan wa Suki Desu ka~  PC
No video found for Sweet Honey Coming DX Pack  PS2
No video found for Sweet Legacy ~Boku to Kanojo no Ama~i Kankei~   PC
No video found for Sweet Pool  Vita
No video found for Sweet Season  Dreamcast
No video found for Sweet Witches  Switch
No video found for Sweetest Thing  Wii U
No video found for Sweetheart  Mobile
No video found for Swindle, The  Vita
No video found for Swingerz Golf    GameCube
No video found for Switch 'N' Shoot  PC
No video found for Switch 'N' Shoot   PC
No video found for Switch Galaxy Ultra  Vita
No video found for Switchball  PS3
No video found for Switchy Road  Switch
No video found for Switchy Road DeluX  Switch
No video found for Sword & Sorcery   Saturn
No video found for Sword Art Online  Alicization Lycoris  PC
No video found for Sword Art Online  Fatal Bullet  PS4
No video found for Sword Art Online  Fatal Bullet  PC
No video found for Sword Art Online  Hollow Realization  Vita
No video found for Sword Art Online  Hollow Realization  PC
No video found for Sword Art Online  Integral Factor  Mobile
No video found for Sword Art Online  Lost Song  Vita
No video found for Sword Art Online  Lost Song  PS4
No video found for Sword Art Online  Lost Song  PC
No video found for Sword Art Online  Memory Defrag  Mobile
No video found for Sword and Fairy Inn 2  Switch
No video found for Sword of Convallaria Demo  PC
No video found for Sword of Elpisia  Switch
No video found for Sword of Etheria, The    PS2
No video found for Sword of Xolan  Mobile
No video found for Sword of the Berserk  Guts' Rage   Dreamcast
No video found for Sword of the Samurai   PS2
No video found for Sword of the Stars II  Lords of Winter  PC
No video found for Sword of the Vagrant  Switch
No video found for Swordbreaker The Game  PC
No video found for Swordigo  Mobile
No video found for Swords & Soldiers  Wii U
No video found for Swords & Soldiers 2  Wii U
No video found for Swords and Sandals Medieval  Mobile
No video found for Swords and Soldiers 2  Shawarmageddon  PC
No video found for Swords of Ditto, The  PC
No video found for Syberia  Switch
No video found for Syder Arcade  PC
No video found for Sydney 2000  PS1
No video found for Sydney 2000  Dreamcast
No video found for Sydney Hunter and the Curse of the Mayan  PC
No video found for Sydney Hunter and the Curse of the Mayan  Switch
No video found for Sympathy Kiss  Switch
No video found for Symphonic Rain  Switch
No video found for Symphonic Rain HD  PC
No video found for Symphony of Origin  Mobile
No video found for Symphony of Stars VR  PC
No video found for Synaptic Drive  Switch
No video found for Syphon Filter  Dark Mirror  PSP
No video found for Syphon Filter  Logan's Shadow  PSP
No video found for TAC Heroes  Big Red One  DS
No video found for TJ Lavin's Ultimate BMX  PS1
No video found for TABLETOP GALLERY  Wii U
No video found for TAISHO x ALICE ALL IN ONE  Switch
No video found for TAISHO x ALICE HEADS & TAILS  Switch
No video found for TAISHO x ALICE episode 1  PC
No video found for TAP TAP ARCADE  Wii U
No video found for TAP TAP ARCADE 2  Wii U
No video found for TAYAL  PC
No video found for TEMPLE OF YOG  Wii U
No video found for TERA ORIGIN  Mobile
No video found for TERROR SQUID  Switch
No video found for TERRORhythm TRRT  Switch
No video found for TETRA's Escape  Vita
No video found for TEVI  Switch
No video found for THE iDOLM@STER SideM  Mobile
No video found for THE iDOLM@STER SideM LIVE ON ST@GE!  Mobile
No video found for THEATRHYTHM FINAL FANTASY All Star Carnival  PC
No video found for TIMINGooo  Switch
No video found for TINCan Escape  DS
No video found for TITANS TOWER  Wii U
No video found for TNA iMPACT!  Xbox 360
No video found for TNN Motorsports  Hardcore Heat   Dreamcast
No video found for TOMOMI  Switch
No video found for TORINTO  Switch
No video found for TOSS N GO  Wii U
No video found for TOTAL WAR  Rome  Remastered  PC
No video found for TOUCH SELECTIONS  Wii U
No video found for TRON  Evolution  Xbox 360
No video found for TSIOQUE  PC
No video found for TabeOJa  Switch
No video found for Table Mini Golf   Vita
No video found for Table Soccer    Vita
No video found for Table Top Racing  Vita
No video found for Table Top Racing  World Tour  Nitro Edition  Switch
No video found for Tabletop Simulator  Mistfall  PC
No video found for Tachyon Project  PC
No video found for Tachyon Project  Wii U
No video found for Taco Master  Vita
No video found for Taco Tom 2  Switch
No video found for Tactics Ogre  Let Us Cling Together  Saturn
No video found for Tactics V  Obsidian Brigade  PC
No video found for Tadaima Yuusha Boshuuchuu  PC Engine
No video found for Tadpole Treble  PC
No video found for Tadpole Treble  Wii U
No video found for Taiheiki  PC Engine
No video found for Taiheiyou no Arashi  Koukoku no Kouhai Kokoniari, 1942 Senkan Yamato Hankou no Goujuu  Vita
No video found for Taiheiyou no Arashi  Shijousaidai no Gekisen Normandy Koubousen  Vita
No video found for Taiketsu! Rooms  3DO
No video found for Taiko no Tatsujin  Appare Sandaime  PS2
No video found for Taiko no Tatsujin  Atsumare! Matsuri da!! Yondaime  PS2
No video found for Taiko no Tatsujin  Doka! to Oomori Nanadaime  PS2
No video found for Taiko no Tatsujin  Don to Katsu no Jikuu Daibouken  3DS
No video found for Taiko no Tatsujin  Don! Don! Mystery Adventure  3DS
No video found for Taiko no Tatsujin  Go! Go! Godaime  PS2
No video found for Taiko no Tatsujin  Rhythm Festival   Switch
No video found for Taiko no Tatsujin  Taiko Drum Master  PS2
No video found for Taiko no Tatsujin  Tatacon de Dodon ga Don  PS2
No video found for Taiko no Tatsujin  Tobikkiri! Anime Special  PS2
No video found for Taiko no Tatsujin  Wai Wai Happy! Rokudaime  PS2
No video found for Taiko no Tatsujin  Waku Waku Anime Matsuri  PS2
No video found for Taiko no Tatsujin 7  PS2
No video found for Taiko no Tatsujin 9  PS2
No video found for Taiko no Tatsujin Wii  Ketteiban  Wii
No video found for Taiko no Tatsujin Wii Dodoon to 2 Daime!  Wii
No video found for Taikou Risshiden IV  PS2
No video found for Taikou Risshiden V  PS2
No video found for Tail Concerto  PS1
No video found for Tail of the Sun   PS1
No video found for Taima Miko Yuugi  PC
No video found for Tainted Grail  PC
No video found for Tainted Keep  Mobile
No video found for Taisen Net Gimmick Capcom & Psikyo All Stars  Dreamcast
No video found for Taisen!! Katochan no Kororonpe!  DS
No video found for Taishou Kitan  PSP
No video found for Taishou Mebiusline  Teito Bibouroku Hare  Vita
No video found for Taishou Mononoke Ibunroku  PS2
No video found for Taishou x Alice  All in One  Vita
No video found for Taishou x Alice  All in One  Switch
No video found for Taishou x Alice  Heads & Tails  Switch
No video found for Taiyou no Miyako  Mobile
No video found for Tak  The Great Juju Challenge  GameCube
No video found for Tak 2  The Staff of Dreams  GameCube
No video found for Tak 2  The Staff of Dreams  Xbox
No video found for Tak and the Guardians of Gross  Wii
No video found for Tak and the Power of Juju  GameCube
No video found for Taka no Tsume VS Hae no Hane Dan  Switch
No video found for Take a Break's Puzzle Bonanza   DS
No video found for Take a Break's Puzzle Master   DS
No video found for Take the Cake  PC
No video found for TakeOver, The  PC
No video found for Takedown  Red Sabre  PC
No video found for Takeout! DS Series 1  Tetsudou Data File  DS
No video found for Takeout! DS Series 2  Nippon no Yachou Daizukan  DS
No video found for Takeover, The  PC
No video found for Takeshi and Hiroshi  Switch
No video found for Takotan  Vita
No video found for Takt of Magic  Wii
No video found for Takuramakan  Tonkoudenki  Saturn
No video found for Tales from Candlekeep  Qawasha the Human Druid  PC
No video found for Tales from Candlekeep  Tomb of Annihalation  PC
No video found for Tales from Space  Mutant Blobs Attack  Switch
No video found for Tales from Space  Mutant Blobs Attack!!  Vita
No video found for Tales of Aravorn  Seasons of the Wolf  PC
No video found for Tales of Arise  PC
No video found for Tales of Arise  PS4
No video found for Tales of Asteria  Mobile
No video found for Tales of Crestoria  Mobile
No video found for Tales of Eternia Online  PC
No video found for Tales of Graces  Wii
No video found for Tales of Hearts R  Mobile
No video found for Tales of Hongyuan   PC
No video found for Tales of Innocence  DS
No video found for Tales of Legendia  PS2
No video found for Tales of Luminaria  Mobile
No video found for Tales of Maj'Eyal  PC
No video found for Tales of Symphonia  PS2
No video found for Tales of Symphonia  Dawn of the New World   Wii
No video found for Tales of Symphonia Remastered  Switch
No video found for Tales of Vesperia  Definitive Edition   PC
No video found for Tales of Vesperia  Definitive Edition   Switch
No video found for Tales of Wind  Mobile
No video found for Tales of the Abyss  PS2
No video found for Tales of the Neon Sea  PC
No video found for Tales of the Rays  Mobile
No video found for Tales of the Rays  Mobile
No video found for Tales of the Tempest  DS
No video found for Tales of the Tiny Planet  Switch
No video found for Tales of the World  Radiant Mythology 3  PSP
No video found for Talewind  PC
No video found for TalkMan  PSP
No video found for Tall Infinity   PS1
No video found for Tallowmere  Mobile
No video found for Tallowmere  Wii U
No video found for Talos Principle, The  PC
No video found for Talos Principle, The  Road To Gehenna  PC
No video found for Tamagotchi Party On!   Wii
No video found for Tamagotchi! Seishun no Dream School  3DS
No video found for Tamarin  PC
No video found for Tamayura  Mitama Okuri no Shi  PS2
No video found for Tamayura  Mitama Okuri no Shi  PSP
No video found for Tamayura ~Enkan no Kizuna~  PC
No video found for Tangled  The Video Game  Wii
No video found for Tango Fiesta  PC
No video found for TaniNani  Switch
No video found for Tanjou S  Debut  Saturn
No video found for Tank Battle  Blitzkrieg  PC
No video found for Tank Battle Heroes  Switch
No video found for Tank Beat   DS
No video found for Tank! Tank! Tank!  Wii U
No video found for Tantei Jinguuji Saburo  Mikan no Rupo  PS1
No video found for Tantei Jinguuji Saburo  Touka ga Kienu Aidani  PS1
No video found for Tantei Jinguuji Saburo  Yume no Owari ni  PS1
No video found for Tantei Jinguuji Saburo Early Collection  PS1
No video found for Tantei Jinguuji Saburou  Mikan no Rupo  Saturn
No video found for Tantei Jinguuji Saburou  Prism of Eyes  Switch
No video found for Tantei Jinguuji Saburou  Yume no Owari ni  Saturn
No video found for Tantei Kibukawa Ryosuke Jiken Tan  Kamen Genei Satsujin Jiken  DS
No video found for Tantei Shinshi DASH!  Dreamcast
No video found for Tanzia  PC
No video found for Tap My Katamari  Mobile
No video found for Tap! Tap! Faraway Kingdom  Mobile
No video found for Taqoban  Switch
No video found for Tarim Guardians  PC
No video found for Tarot Uranai  3DO
No video found for Tashika ni Kimi wa Koko ni Ita  You were certainly here  PC
No video found for Task Force Kampas  Switch
No video found for Tasogare Sakaba ~ Uwabami Breakers  PC
No video found for Tasogare no Gradsil  Mobile
No video found for Tasogaredoki  Kaidan Romance  PSP
No video found for Tawashi, The  PC
No video found for Tax Fugitive  Switch
No video found for Tayutama  Kiss on my Deity  Xbox 360
No video found for Tayutama 2  You're the only one  Vita
No video found for Taz Wanted  PS2
No video found for Taz Wanted  Xbox
No video found for Taz Wanted  PC
No video found for Taz Wanted  GameCube
No video found for Te to Te Try On! Tropical  PSP
No video found for Team Buddies  PS1
No video found for Team Losi RC Racer  PS1
No video found for Team Sonic Racing  PS4
No video found for Team Sonic Racing  PC
No video found for Team Sonic Racing  Switch
No video found for Team Unei Simulation  Formula Grand Prix  Saturn
No video found for Tearaway Unfolded  PS4
No video found for Tearaway   Vita
No video found for Tears Revolude  PC
No video found for Tears of Avia  PC
No video found for Tears to Tiara Gaiden  Avalon no Nazo  PS3
No video found for Tears to Tiara Gaiden  Avalon no Nazo Portable  PSP
No video found for Technic Beat  PS2
No video found for Techno BB  PS1
No video found for Technobabylon  PC
No video found for Technolites Episode 1  PC
No video found for Technomage  PC
No video found for Technomage  PS1
No video found for Technomancer, The  PC
No video found for Technosphere  Switch
No video found for Tecmo Stackers   PS1
No video found for Tee Off   Dreamcast
No video found for Teenage Mutant Ninja Turtles  PS2
No video found for Teenage Mutant Ninja Turtles  GameCube
No video found for Teenage Mutant Ninja Turtles  Danger of the Ooze  PS3
No video found for Teenage Mutant Ninja Turtles  Mutants in Manhattan  PS3
No video found for Teenage Mutant Ninja Turtles  Mutants in Manhattan  PS4
No video found for Teenage Mutant Ninja Turtles  Mutants in Manhattan  Xbox 360
No video found for Teenage Mutant Ninja Turtles  SmashUp  Wii
No video found for Teenage Mutant Ninja Turtles  The Cowabunga Collection  Switch
No video found for Teenage Mutant Ninja Turtles Splintered Fate  PC
No video found for Teenage Mutant Ninja Turtles 2  Battle Nexus  GameCube
No video found for Teenage Mutant Ninja Turtles 2  Battle Nexus  Xbox
No video found for Teikoku Sensenki  PS2
No video found for Tekipaki Working Love  Hataraku Shoujo  PC Engine
No video found for Tekken 6  PSP
No video found for Tekken 8  Closed Network Test  PC
No video found for Tekken Mobile  Mobile
No video found for Tekkouki Mikazuki   PS2
No video found for Telegraph Crosswords  PSP
No video found for Telegraph Sudoku & Kakuro  PSP
No video found for Telenet Shooting Collection  Switch
No video found for Tell Me Why  Chapter 1  Homecoming  PC
No video found for Tell Me Why  Chapter 2  Family Secrets  PC
No video found for Tempest 2000  Saturn
No video found for Tempest 4000  Switch
No video found for Tempest Citadel  PC
No video found for Tempest Pirate Action RPG  Mobile
No video found for Temple Run   Mobile
No video found for Temple Run  Puzzle Adventure  PC
No video found for Temple Run 2  Mobile
No video found for Temple Run+  PC
No video found for Temple of Spikes  PC
No video found for Temple of Spikes  The Legend  Mobile
No video found for Temporal Storm X  Hyperspace Dream  PC
No video found for Ten Pin Alley  PS1
No video found for Tenbu Mega CD Special  Mega Drive
No video found for Tenchi Muyou! Rensa Hitsuyou  Saturn
No video found for Tenchi Muyou! Ryououki  PC Engine
No video found for Tenchou no Igo  PS3
No video found for Tenchu Z   Xbox 360
No video found for Tenerezza  PC
No video found for Tengai Makyou  Ziria  PC Engine
No video found for Tengai Makyou 2  Manji Maru  PC Engine
No video found for Tengai Makyou 3  Fuun Kabuki Den  PC Engine
No video found for Tengai Makyou III  Namida  PS2
No video found for Tengai Makyou Ziria  Harukanaru Jipang  Xbox 360
No video found for Tengai ni Mau, Iki na Hana  Vita
No video found for Tengoku Struggle strayside  Switch
No video found for Tenka Fubu  Eiyuutachi no Houkou  Mega Drive
No video found for Tenkabito  PS2
No video found for Tenkaichi Sengoku Lovers DS  DS
No video found for Tenkiame  PC
No video found for Tenkuu no Craft Fleet  Mobile
No video found for Tennis 2K2    Dreamcast
No video found for Tennis Arena  Saturn
No video found for Tennis in the Face  Vita
No video found for Tenohira wo, Taiyou ni  Dreamcast
No video found for Tensei Hakkenshi  Fuumaroku  PS2
No video found for Tenshi no Hane wo Fumanaide  PC
No video found for Tenshi no Uta  PC Engine
No video found for Tenshi no Uta II  Datenshi no Sentaku  PC Engine
No video found for Tentama  1st Sunny Side  Dreamcast
No video found for Tentama  1st Sunny Side  PS2
No video found for Terasawa Takeichi no Takeru  3DO
No video found for Terminator  Resistance  PC
No video found for Terminator Salvation  PS3
No video found for Terminator, The  PSP
No video found for Terminator, The  Dawn of Fate  Xbox
No video found for Terra Alia  The Language Discovery RPG  Switch
No video found for Terra Battle  Mobile
No video found for Terra Battle 2  Mobile
No video found for Terra Feminarum  PC
No video found for Terra Flame  Switch
No video found for Terra Wars  Mobile
No video found for Terracon  PS1
No video found for Terrain of Magical Expertise  PC
No video found for Terraria  Mobile
No video found for Terraria  Switch
No video found for Terrorist Takedown 3  PC
No video found for Teslagrad  PC
No video found for Teslagrad  Wii U
No video found for Teslagrad  PS4
No video found for Teslagrad  Vita
No video found for Teslagrad  PS3
No video found for Teslapunk  Wii U
No video found for Teslapunk  PC
No video found for TesserAct  PC
No video found for Test Drive  Xbox
No video found for Test Drive  Eve of Destruction  Xbox
No video found for Test Drive  Ferrari Racing Legends  PS3
No video found for Test Drive  Ferrari Racing Legends  PC
No video found for Test Drive 4  PS1
No video found for Test Drive 6  PS1
No video found for Test Drive 6  Dreamcast
No video found for Test Your Mind  Wii U
No video found for Testament of Sherlock Holmes, The  Xbox 360
No video found for Tested with Robots!  Wii U
No video found for Tetjis  Switch
No video found for Tetraminos  Switch
No video found for Tetris  Mobile
No video found for Tetris  PSP
No video found for Tetris 4D  Dreamcast
No video found for Tetris Blitz  Mobile
No video found for Tetris Effect  PC
No video found for Tetris Effect  Connected  Switch
No video found for Tetris Friends  PC
No video found for Tetris Mind Bender  PC
No video found for Tetris Ultimate  Vita
No video found for Tetris Ultimate  PC
No video found for Tetris Worlds  PS2
No video found for Tetris Worlds  GameCube
No video found for Tetris Worlds   Xbox
No video found for Tetris  PS3
No video found for Tetris with Card Captor Sakura  Eternal Harvest  PS1
No video found for Tetrobot & Co  Wii U
No video found for Tetrobot and Co  PC
No video found for Tetsujin 28Gou  PS2
No video found for Tetsumo Party  Switch
No video found for Texthoth Ludo  Arcanum Senki  Saturn
No video found for The Alchemist Code   Mobile
No video found for The Big Adventure of Owata's Life   PC
No video found for The Big Adventure of Owata's Life   PC
No video found for The Coffin of Andy and Leyley  PC
No video found for The Eminence in shadow  Master of Garden  Mobile
No video found for The Game of Life, Yahtzee, Payday   GBA
No video found for The Good Life  Switch
No video found for The History Channel  Civil War  Great Battles  PC
No video found for The Irregular at Magic High School Reloaded Memory  Mobile
No video found for The King of Fighters  Survival City  Mobile
No video found for The King of Route 66  PS2
No video found for The Legend of Heroes  Akatsuki no Kiseki  Mobile
No video found for The Legend of Heroes  Kuro no Kiseki  PC
No video found for The Neverhood  PC
No video found for The Operation  Death Wing  PS1
No video found for The Pilgrims Progress  The Video Game  PC
No video found for The Shore  PC
No video found for The Sin Collector  Repentless  PC
No video found for The Suite Life of Zack & Cody  Circle of Spies  DS
No video found for The Wild Rings  Xbox
No video found for The World 2 Hunting BOSS  Mobile
No video found for TheDawn  PC
No video found for Thea  The Awakening  PC
No video found for Theatrhythm Final Bar Line  PS4
No video found for Theatrhythm Final Fantasy  Mobile
No video found for Them  The Summoning  PC
No video found for Them's Fightin' Herds  PS4
No video found for TheoTown  Mobile
No video found for Thief  PS3
No video found for Thief  Deadly Shadows  PC
No video found for Thief  Deadly Shadows  Xbox
No video found for Thief Simulator  PC
No video found for Third World War  Mega Drive
No video found for This Means Warp  PC
No video found for This War of Mine Anniversary  PC
No video found for Thomas & Friends  A Day at the Races  PS2
No video found for Thomas & Friends  Steaming around Sodor  3DS
No video found for Thor  Son of Asgard  Mobile
No video found for Thorne  Death Merchants  PC
No video found for Thousand Arms  PS1
No video found for Thousand Land  Xbox
No video found for Thread Colors  Sayonara no Mukougawa  PS2
No video found for Thread Colors  Sayonara no Mukougawa  PS2
No video found for Three Fourths Home  Extended Edition  Vita
No video found for Thrillville  Off the Rails  Wii
No video found for Throne Quest   Mobile
No video found for Throne Quest Deluxe  Switch
No video found for Throne of Lies  The Online Game of Deceit  PC
No video found for Thrust, Twist + Turn  PC
No video found for Thunder Assault  Raiden Striker  Mobile
No video found for Thunder Kid  Hunt for the Robot Emperor  Switch
No video found for Thunder Kid II  Null Mission  Switch
No video found for Thunder Paw  Switch
No video found for Thunder Wolves  PC
No video found for Thunderflash  Switch
No video found for Thy Sword  PC
No video found for Thy Sword  Switch
No video found for Tian Xing  Swords of Destiny  PS2
No video found for Tiestru  PC
No video found for Tiger Woods PGA Tour 09  PSP
No video found for Tiger Woods PGA Tour 2001   PC
No video found for Tiger Woods PGA Tour 2001  PS2
No video found for Tiger Woods PGA Tour 2001   PS2
No video found for Tiger Woods PGA Tour 2002   PC
No video found for Tiger Woods PGA Tour 2003  PC
No video found for Tiger Woods PGA Tour 2004   PC
No video found for Til Morning’s Light  Mobile
No video found for Tilt Pack  Switch
No video found for Timberman  The Big Adventure  Switch
No video found for Timberman VS  Switch
No video found for Time Blazer  Switch
No video found for Time Bokan Series  Bokan to Ippatsu! Doronbo Kanpekihen  Saturn
No video found for Time Bokan Series  Bokan to Ippatsu! Doronboo  PS1
No video found for Time Crisis  Razing Storm  PS3
No video found for Time Crisis 2nd Strike  Mobile
No video found for Time Crisis 4  PS3
No video found for Time Crisis Strike  Mobile
No video found for Time Recoil   Mobile
No video found for Time Recoil  PC
No video found for Time Recoil  Vita
No video found for Time Rifters  PC
No video found for Time Stalkers   Dreamcast
No video found for Time Tenshi 2  PC
No video found for Time Travelers  3DS
No video found for TimeShift  Xbox 360
No video found for TimeShift  PS3
No video found for TimeSplitters  Future Perfect  GameCube
No video found for Timeless Paradox VR  PC
No video found for Timelie  PC
No video found for Timely Intervention, A  PC
No video found for Timepiece Ensemble  Vita
No video found for Timingooo!  Switch
No video found for Timothy and the Mysterious Forest  Switch
No video found for Tinertia  PC
No video found for Tinkertown  PC
No video found for Tiny & Big  Grandpa's Leftovers  PC
No video found for Tiny Barbarian DX  Switch
No video found for Tiny Bullets  PS1
No video found for Tiny Hands Adventure  PC
No video found for Tiny Metal  PC
No video found for Tiny Rogue  Mobile
No video found for Tiny Tank  PS1
No video found for Tiny Thor  Switch
No video found for Tiny Troopers  PC
No video found for Tiny Troopers  Joint Ops  Vita
No video found for Tiny Troopers  Joint Ops  PS4
No video found for Tiny Wings  Mobile
No video found for TinyKeep  PC
No video found for TinyLegends Heroes  Mobile
No video found for Tinykin  PC
No video found for Tir Na Nog  Yuukyuu no Jin  PS2
No video found for Titan Attacks!  Vita
No video found for Titan Attacks!  3DS
No video found for Titan Quest  Switch
No video found for Titan Quest  Anniversary Edition   PC
No video found for Titan Slayer  PC
No video found for Titan Slayer II  PC
No video found for Titan Souls  PC
No video found for To Hell with the Ugly  Switch
No video found for To LoveRu  Doki Doki Rinkai Gakkouhen  PSP
No video found for To LoveRu Trouble Darkness  Battle Ecstasy  Vita
No video found for To LoveRu Trouble Darkness  True Princess  Vita
No video found for To the Top, Mammoth!  Switch
No video found for ToBi D+VINE  PC
No video found for ToHeart 2  Dungeon Travelers  PSP
No video found for ToHeart 2  Dungeon Travelers  Vita
No video found for Toaru Majutsu no VirtualOn  PS4
No video found for Toaru Majutsu no VirtualOn  Vita
No video found for Toaru Majutsu to Kagaku no Ensemble  PSP
No video found for Toast Time  Smash Up!  Switch
No video found for Toasted!  Switch
No video found for Tobal 2  PS1
No video found for Tobal No1  PS1
No video found for Togainu no Chi True Blood  PS2
No video found for Togges  Switch
No video found for Toji no Miko  Kizamishi Issen no Tomoshibi  Mobile
No video found for Tokei Jikake no Apocalypse  Switch
No video found for Tokeijikake no Ley Line  Kagerou ni Samayou Majo  Vita
No video found for Tokeijikake no Ley Line  Kagerou ni Samayou Majo  Switch
No video found for Toki Tori  Wii U
No video found for Toki Tori 2+  Wii U
No video found for Toki Tori 2+  PC
No video found for Toki Tori 3D  3DS
No video found for Toki o Tsumugu Yakusoku  PC
No video found for Toki to Eien  Tokitowa  PS3
No video found for Toki wo Koeta Tegami  3DO
No video found for Tokimeki Card Paradise  Koi no Royal Straight Flush  PC Engine
No video found for Tokimeki Idol  Mobile
No video found for Tokimeki Mahjong Graffiti  Toshishita no Tenshitachi  Saturn
No video found for Tokimeki Memorial  PC Engine
No video found for Tokimeki Memorial  Forever With You  Saturn
No video found for Tokimeki Memorial  Girl's Side 4th Heart  Switch
No video found for Tokimeki Memorial  Taisen Puzzledama  PS1
No video found for Tokimeki Memorial  Taisen Puzzledama  Saturn
No video found for Tokimeki Memorial  Taisen Tokkaedama  PS1
No video found for Tokimeki Memorial  Taisen Tokkaedama  Saturn
No video found for Tokimeki Memorial 3  Yakusoku no Ano Basho de  PS2
No video found for Tokobot   PSP
No video found for Tokoyo  The Tower of Perpetuity   Switch
No video found for Tokumei Sentai Go Busters  DS
No video found for Tokusatsu Bouken Katsugeki  Super Hero Retsuden  Dreamcast
No video found for Tokuten Ryoku Gakushuu DS  Chuugaku Jitsugi 4 Kyouka  DS
No video found for Tokyo 24Ku  Inoru  Switch
No video found for Tokyo 42  PC
No video found for Tokyo 42  Smaceshi's Castles  PC
No video found for Tokyo 7th Sisters  Mobile
No video found for Tokyo Babel  PC
No video found for Tokyo Bus Annai  Dreamcast
No video found for Tokyo Chronos  PC
No video found for Tokyo Clanpool  Vita
No video found for Tokyo Dark Remembrance  Switch
No video found for Tokyo Ghoul  Jail  Vita
No video found for Tokyo Jungle  PS3
No video found for Tokyo Jungle  Vita
No video found for Tokyo Mono Harashi  Karasu no Mori Gakuen Kitan  PSP
No video found for Tokyo NECRO  PC
No video found for Tokyo Nyoshuu Shuukanjo  PC
No video found for Tokyo Onmyouji  Tengen Jibashi  Rei no Baai  V Edition  Vita
No video found for Tokyo Tattoo Girls   Vita
No video found for Tokyo Twilight Ghost Hunters  Daybreak Special Gigs   PS4
No video found for Tokyo Twilight Ghost Hunters  Daybreak Special Gigs   Vita
No video found for Tokyo Xanadu  Vita
No video found for Tokyo Xanadu eX+  PS4
No video found for Tokyo Xanadu eX+ for Nintendo Switch  Switch
No video found for Tokyo Xtreme Racer 2    Dreamcast
No video found for Tokyo Xtreme Racer DRIFT 2    PS2
No video found for Tokyo Xtreme Racer    Dreamcast
No video found for Tom Clancy's EndWar  DS
No video found for Tom Clancy's Ghost Recon  GameCube
No video found for Tom Clancy's Ghost Recon Advanced Warfighter  PS2
No video found for Tom Clancy's HAWX  PC
No video found for Tom Clancy's HAWX 2   Xbox 360
No video found for Tom Clancy's HAWX 2   PC
No video found for Tom Clancy's Rainbow Six  Lockdown  PS2
No video found for Tom Clancy's Rainbow Six  Lockdown  Xbox
No video found for Tom Clancy's Rainbow Six  Lockdown  PC
No video found for Tom Clancy's Rainbow Six 3  GameCube
No video found for Tom Clancy's Rainbow Six Vegas  PSP
No video found for Tom Clancy's Splinter Cell  Conviction  Mobile
No video found for Tom Clancy's Splinter Cell  Essentials  PSP
No video found for Tom Clancy's Splinter Cell  Pandora Tomorrow  GameCube
No video found for Tom and Jerry in House Trap  PS1
No video found for Tomato Jones 2  PC
No video found for Tomoyo After  It's a Wonderful Life  PS2
No video found for Tomoyo After  It's a Wonderful Life  PSP
No video found for Tomoyo After  It's a Wonderful Life  CS Edition  Switch
No video found for Tonari ni Kanojo no Iru Shiawase  Two Farce  Vita
No video found for Tonic Trouble  PC
No video found for Tonic Trouble  Special Edition  PC
No video found for Tonic Trouble  Special Edition   PC
No video found for Tonight We Riot  PC
No video found for Tonka Rescue Patrol  GameCube
No video found for Tony Hawk's American Wasteland  GameCube
No video found for Tony Hawk's American Wasteland  PS2
No video found for Tony Hawk's Project 8 (Activision PS2
No video found for Tony Hawk's Project 8  PS3
No video found for Tony Hawk's Proving Ground  PS3
No video found for Tony Hawk's Proving Ground  PS2
No video found for Tony Hawk's Skate Jam  Mobile
No video found for Tony Hawk's Underground 2  PS2
No video found for Tony Hawk's Underground 2 Remix  PSP
No video found for Tony Hawk's Underground   PS2
No video found for Tonzurakun  PS1
No video found for Toon Shooters 2  The Freelancers  Switch
No video found for Toon Tanks  Wii U
No video found for Top Angler  Real Bass Fishing  GameCube
No video found for Top Angler  Real Bass Fishing  PS2
No video found for Top Anglers  Super Fishing Big Fight 2  Saturn
No video found for Top Gear Rally   GBA
No video found for Top Gun  Combat Zones  PS2
No video found for Top Gun  Combat Zones   GameCube
No video found for Top Hunter  Roddy & Kathy  Neo Geo CD
No video found for Top Speed  Drag & Fast Racing  Switch
No video found for Top Spin 3  PS3
No video found for Top Trumps  Dogs & Dinosaurs  DS
No video found for Top Trumps  Dr Who  Wii
No video found for Top Trumps  Horror & Predators  DS
No video found for Top wo Nerae!  GunBuster Vol 1  PC Engine
No video found for Top wo Nerae!  GunBuster Vol 2  PC Engine
No video found for Topple  Mobile
No video found for Topple 2  Mobile
No video found for Torakapuu! Dash!!  PS2
No video found for Torch Cave 2  PC
No video found for Torchlight  PC
No video found for Torchlight  PC
No video found for Torchlight  Infinite Playtest  PC
No video found for Torchlight II  PC
No video found for Torchlight II  PC
No video found for Torchlight III  PC
No video found for Torchlight  Xbox 360
No video found for Tori no Hoshi  Aerial Planet  PS2
No video found for Torikago no Mukougawa  PS2
No video found for Toriko  Gourmet Monsters!  3DS
No video found for Tormentor X Punisher  PC
No video found for Torn Tales  PC
No video found for Torneko  The Last Hope   PS1
No video found for Toro and Friends  Onsen Town   Mobile
No video found for TorqueL  Vita
No video found for TorqueL Physics Modified Edition  Switch
No video found for Total Annihilation  PC
No video found for Total Annihilation  Kingdoms + Iron Plague Expansion  PC
No video found for Total Overdose  A Gunslinger's Tale in Mexico  PC
No video found for Total War  Shogun 2  Fall of the Samurai  PC
No video found for Total War Battles  Shogun  PC
No video found for Totaled!  Xbox
No video found for Toto Temple Deluxe  Wii U
No video found for Totome  Mobile
No video found for Totsugeki Kikan  Megadasu!!  3DO
No video found for TouHou Pants Contest  PC
No video found for Touch Mechanic  DS
No video found for TouchBattleTankSP   Switch
No video found for Touge R  Xbox
No video found for Tough Law  Switch
No video found for Tough Trucks  Modified Monsters  PC
No video found for Touhou  New World   Switch
No video found for Touhou 07 Youyoumu ~ Perfect Cherry Blossom  PC
No video found for Touhou 07 Youyoumu ~ Perfect Cherry Blossom   PC
No video found for Touhou 08 Eiyashou ~ Imperishable Night  PC
No video found for Touhou 09 Kaeidzuka ~ Phantasmagoria of Flower View  PC
No video found for Touhou 095 Bunkachou ~ Shoot the Bullet  PC
No video found for Touhou 10 Fuujinroku ~ Mountain of Faith  PC
No video found for Touhou 11 Chireiden ~ Subterranean Animism  PC
No video found for Touhou 12 Seirensen ~ Undefined Fantastic Object  PC
No video found for Touhou 125 Double Spoiler ~ Touhou Bunkachou  PC
No video found for Touhou 128 Yousei Daisensou ~ Touhou Sangetsusei  PC
No video found for Touhou 13 Shinreibyou ~ Ten Desires  PC
No video found for Touhou 14 Kishinjou ~ Double Dealing Character  PC
No video found for Touhou 143 Danmaku Amanojaku ~ Impossible Spell Card  PC
No video found for Touhou 15 Kanjuden ~ Legacy of Lunatic Kingdom  PC
No video found for Touhou 155 Hyouibana ~ Antinomy of Common Flowers  PC
No video found for Touhou 16 Tenkuushou ~ Hidden Star in Four Seasons  PC
No video found for Touhou 165 Hifuu Nightmare Diary ~ Violet Detector  PC
No video found for Touhou 17 Kikeijuu ~ Wily Beast and Weakest Creature  PC
No video found for Touhou 175 Gouyoku Ibun ~ Submerged Hell of Sunken Sorrow  PC
No video found for Touhou 18 Kouryuudou ~ Unconnected Marketeers  PC
No video found for Touhou 185 Black Market of Bulletphilia ~ 100th Black Market  PC
No video found for Touhou 19 Juuouen ~ Unfinished Dream of All Living Ghost  PC
No video found for Touhou 19 Juuouen ~ Unfinished Dream of All Living Ghost   PC
No video found for Touhou Cannonball  Mobile
No video found for Touhou Daifugou  Mobile
No video found for Touhou Double Focus  PS4
No video found for Touhou Fan of Destiny  PC
No video found for Touhou Fanmade Virtual Autography   Switch
No video found for Touhou Fantasia  PC
No video found for Touhou Genso Maroku W  The Devil of Decline  Vita
No video found for Touhou Genso Rondo  Bullet Ballet  PS4
No video found for Touhou Genso Wanderer  PS4
No video found for Touhou Gensou Mahjong  Switch
No video found for Touhou Sky Arena  Gensoukyou Kuusen Hime Matsuri Climax  Vita
No video found for Touhou Sky Arena  Matsuri Climax  Switch
No video found for Touhou Soujinengi V  Vita
No video found for Touhou Spell Bubble  Switch
No video found for Touhou Unreal Mahjong  PC
No video found for Touken Ranbu Warriors   Switch
No video found for Touki Denshou  Angel Eyes  PS1
No video found for Toukiden  Kiwami  PS4
No video found for Toukiden 2  PC
No video found for Tour de France 2012, Le  Xbox 360
No video found for Tour de France, Le  Xbox 360
No video found for Touring Karts  PC
No video found for Touryuu Densetsu  Elan Doree  Saturn
No video found for Tower Climb  Switch
No video found for Tower Fortress  PC
No video found for Tower Hunter  Erza's Trial  PC
No video found for Tower Of Babel  Switch
No video found for Tower Wars  PC
No video found for Tower of Babel  no mercy  Switch
No video found for Tower of Guns  PC
No video found for Towertale  PC
No video found for Toxic Grind  Xbox
No video found for Toy Commander   Dreamcast
No video found for Toy Odyssey  The Lost and Found  PC
No video found for Toy Story 2  Buzz Lightyear to the Rescue!  PS1
No video found for Toy Story 2  Buzz Lightyear to the Rescue!  Dreamcast
No video found for Toy Story 3  Xbox 360
No video found for Toy Story 3  The Video Game  Wii
No video found for Toy Story Racer  PS1
No video found for Toybox Turbos  PC
No video found for Toziuha Night  Dracula's Revenge  PC
No video found for Toziuha Night  Dracula's Revenge  Switch
No video found for TrackMania  PC
No video found for TrackMania  Build to Race  Wii
No video found for TrackMania Nations Forever  PC
No video found for TrackMania Wii  Wii
No video found for Tradewinds 2  PC
No video found for Trail Of Destruction  PC
No video found for Trailblazer  Other systems
No video found for Train Simulator + Densha de GO  Tokyo Kyuukouhen  PS2
No video found for Train Simulator  Midousujisen  PS2
No video found for Train Valley 2  PC
No video found for Train Valley 2  PC
No video found for TransWorld Snowboarding  Xbox
No video found for Transcend  PC
No video found for Transcendence  PC
No video found for Transformers  PS2
No video found for Transformers  Beast Wars Transmetals   PS1
No video found for Transformers  Dark of the Moon  Stealth Force Edition  3DS
No video found for Transformers  Devastation  PS4
No video found for Transformers  Revenge of the Fallen  Wii
No video found for Transformers  Revenge of the Fallen  Xbox 360
No video found for Transformers, The  PS2
No video found for Transiruby  Switch
No video found for Transistor  Switch
No video found for Transport Tycoon  Saturn
No video found for Transport Tycoon  Mobile
No video found for Trap Gunner  Countdown to Oblivion    PS1
No video found for Trapt   PS2
No video found for Trash Punk  Switch
No video found for Trash Quest   Switch
No video found for Travelers! Densetsu wo Buttobase  PC Engine
No video found for Treachery In Beatdown City  Switch
No video found for Treasure Planet  PS1
No video found for Treasure Planet  Battle at Procyon  PC
No video found for Treasure Story  Mobile
No video found for Treasure Strike  Dreamcast
No video found for Treasures of Montezuma 4, The  Mobile
No video found for Treasures of Montezuma Blitz  Vita
No video found for Treasures of Montezuma, The  PSP
No video found for Treasures of the Deep  PS1
No video found for Trench Run VR  PC
No video found for TresBashers  PC
No video found for Tri6 Infinite  Switch
No video found for Trials Evolution  Xbox 360
No video found for Trials Evolution  Gold Edition  PC
No video found for Trials Fusion  PS4
No video found for Trials of Mana   PC
No video found for Triangle Again 2  Xbox
No video found for Triangle Again 2 ) PS2
No video found for Triangle Strategy  Switch
No video found for Triangle Strategy Prologue Demo  Switch
No video found for Tribe Cool Crew  The G@me  3DS
No video found for Tribes  Vengeance  PC
No video found for Tribes Ascend  PC
No video found for Trick'N Snowboarder   PS1
No video found for TrickStyle  Dreamcast
No video found for TrickStyle  PC
No video found for Tricky Towers  PC
No video found for Trifox  Switch
No video found for Trigger Runners  PC
No video found for Trillion  God of Destruction  Vita
No video found for Trillion  God of Destruction ~Deluxe~  PC
No video found for Trillion God of Destruction   PC
No video found for Trine 3  The Artifacts of Power  Switch
No video found for Trine 4  The Nightmare Prince  Switch
No video found for Trine   PS3
No video found for Trinity  Souls of Zill O'll   PS3
No video found for Trinity Trigger  Switch
No video found for Trinity Universe  PS3
No video found for Trip World DX  Switch
No video found for Triple Breakout  3DS
No video found for Triple Breakout  Wii U
No video found for Tristia  Legacy  Switch
No video found for Tristia  Restore  Switch
No video found for Trizeal  Dreamcast
No video found for Troll and I  PC
No video found for Troll and I  Switch
No video found for Trombone Champ  PC
No video found for Trombone Champ   PC
No video found for Tron  Evolution  PS3
No video found for Tropical Liquor  PC
No video found for Tropico 4  Xbox 360
No video found for Tropico 5  PC
No video found for Trouble Fortune Company  Happy Cure  PS2
No video found for Trouble Witches Origin  Episode 1 Daughters of Amalgam  PC
No video found for TroubleDays  Switch
No video found for Trouserheart  Switch
No video found for True Blades  PC
No video found for True Crime  New York City  Xbox
No video found for True Crime  New York City  PS2
No video found for True Crime  New York City  GameCube
No video found for True Crime  Streets of LA  GameCube
No video found for True Crime  Streets of LA  PS2
No video found for True Tears  PC
No video found for Tryrush Deppy  Saturn
No video found for Tryst  PC
No video found for Tsugi no Giseisha wo Oshirase Shimasu  Shi to Zetsubou wo Nori Koeru  PSP
No video found for Tsugunai  Atonement  PS2
No video found for Tsui no Sora Remake  PC
No video found for Tsui no Stella  PC
No video found for Tsuihou Senkyo  Vita
No video found for Tsuki ni Yori Sou Otome no Sahou  Hidamari no Hibi  Vita
No video found for Tsuki ni Yorisou Otome no Sahou  PC
No video found for Tsuki no Kanata de Aimashou  PC
No video found for Tsuki no Kanata de Aimashou  Switch
No video found for Tsuki no Kanata de Aimashou  Sweet Summer Rainbow  PC
No video found for Tsuki no Michibiki Kumo Haruka  PC
No video found for Tsuki wa Azuma ni Hi wa Nichi  Operation Sanctuary  Dreamcast
No video found for Tsukihime A piece of blue glass moon  Switch
No video found for Tsukumo Onna Aoe  PC
No video found for Tsumikui  Sen no Noroi, Sen no Inori for V  Vita
No video found for Tsuri Baka Nisshi  PS1
No video found for Tsuri Spirits Nintendo Switch Version  Switch
No video found for Tsurupeta!  Chippai wa Seikou no Moto  PC
No video found for Tsuukai!! Slot Shooting  Saturn
No video found for Tsuukai!! Slot Shooting  PS1
No video found for Tsuyo Kiss 2 Gakki  Swift Love  PS2
No video found for Tube Slider  GameCube
No video found for Tukoni  PC
No video found for Tumble   PS3
No video found for TumbleSeed  PC
No video found for TumbleSeed  Switch
No video found for Tumblestone  Wii U
No video found for Tunnel B1   Saturn
No video found for Tunnel of Doom  Switch
No video found for Turbo  Super Stunt Squad  3DS
No video found for Turbo  Super Stunt Squad  DS
No video found for Turbo  Super Stunt Squad  Wii
No video found for Turbo Dismount  PC
No video found for Turbo Shot  Switch
No video found for Turbo Super Stunt Squad  PS3
No video found for Turbo Super Stunt Squad  Xbox 360
No video found for TurfWind '96  Saturn
No video found for Turing Test, The  PC
No video found for Turnabout   PS1
No video found for Turok  Dinosaur Hunter  PC
No video found for Turok  Evolution  PS2
No video found for Turok  Evolution  GameCube
No video found for Twilight Syndrome  Kyuumeihen  PS1
No video found for Twin Blades of the Three Kingdoms   Switch
No video found for Twin Mirror  PC
No video found for Twin Robots  Vita
No video found for Twin Way ~Ima o Dakishimete~ Regular Edition  PC
No video found for TwinBee Paradise in Donburi Shima  PC
No video found for Twinkle Crusaders GoGo!  PSP
No video found for Twinkle Crusaders Starlit Brave  PSP
No video found for Twinkle Knights  3DO
No video found for Twist&Bounce  Switch
No video found for Twisted Arrow VR  PC
No video found for Twisted Fusion  Wii U
No video found for Twisted Metal  Black ONLINE  PS2
No video found for Two Point Campus  PC
No video found for Two Worlds II  Xbox 360
No video found for Two Worlds II  PS3
No video found for Two Worlds II  PC
No video found for TwoTenkaku  PS1
No video found for Ty the Tasmanian Tiger  GameCube
No video found for Ty the Tasmanian Tiger  GameCube
No video found for Ty the Tasmanian Tiger 2  Bush Rescue  GameCube
No video found for Ty the Tasmanian Tiger 2  Bush Rescue HD  Switch
No video found for Ty the Tasmanian Tiger 3  Night of the Quinkan  GameCube
No video found for Ty the Tasmanian Tiger 4  Bush Rescue Returns  Switch
No video found for Ty the Tasmanian Tiger HD  Switch
No video found for Tyd wag vir Niemand   PC
No video found for Type Rider  Vita
No video found for Typing of the Date  Dreamcast
No video found for Tyranny  PC
No video found for Tyranny  PC
No video found for Tyranny  Gold Edition  PC
No video found for UBERMOSH  SANTICIDE  Switch
No video found for UBERMOSH Vol3  PC
No video found for UBERMOSH;OMEGA  Switch
No video found for UEFA Champions League 20042005  GameCube
No video found for UFC  Sudden Impact   PS2
No video found for UFC  Throwdown   GameCube
No video found for UFC Personal Trainer  The Ultimate Fitness System  Xbox 360
No video found for UFC Tapout 2  Xbox
No video found for UFC Undisputed 3  Xbox 360
No video found for UFO  Afterlight  PC
No video found for UFO  Unidentified Falling Objects  Switch
No video found for UFS LEAGUE  Switch
No video found for UHR Warlords  Mobile
No video found for UNDER NIGHT INBIRTH ExeLate  PC
No video found for UNDER NIGHT INBIRTH ExeLate  PC
No video found for URG  UTOPOS ROCKETSHIP GAME  PC
No video found for USA Today Puzzle Craze  DS
No video found for Uberich Advent Sinners Demo  PC
No video found for Uchi no Kishi Danchoo wa Dooyara  Mobile
No video found for Uchujintte Naani  PS2
No video found for Uchuu Keiji Tamashii  The Space Sheriff Spirits  PS2
No video found for Uchuu Seibutsu Furoponkun  3DO
No video found for Uchuu Senkan Yamato  PC Engine
No video found for Ufouria  The Saga 2   Switch
No video found for Ukiyo no Shishi  PS3
No video found for Ukrainian Ninja  PC
No video found for Uli Yaongiegen Jangaega Isseoyo  PC
No video found for Ultima IX  Ascension  PC
No video found for Ultima Underworld  The Stygian Abyss  PS1
No video found for Ultimate ADOM  Caverns of Chaos  PC
No video found for Ultimate ADOM  Caverns of Chaos ~ EARLY ACCESS ~  PC
No video found for Ultimate Admiral  Age of Sail  PC
No video found for Ultimate Fighting Championship  Dreamcast
No video found for Ultimate Fighting Championship  PS1
No video found for Ultimate General  Gettysburg  PC
No video found for Ultimate Hardbass Defence  PC
No video found for Ultimate Marvel vs Capcom 3  Vita
No video found for Ultimate Marvel vs Capcom 3  PS4
No video found for Ultimate Racing 2D  Switch
No video found for Ultimate Runner  Switch
No video found for Ultionus  A Tale of Petty Revenge  PC
No video found for Ultionus  A Tale of Petty Revenge  Switch
No video found for Ultra Hat Dimension  Switch
No video found for Ultra Hyperball   Switch
No video found for Ultra Kaiju Monster Rancher  Switch
No video found for Ultra Savage  PC
No video found for Ultra Space Battle Brawl  Switch
No video found for Ultra Space Battle Brawl  PC
No video found for Ultra Street Fighter IV  PS3
No video found for UltraGoodness  Switch
No video found for UltraVixen 2  Demon Seed  PC
No video found for Ultrabox 6 Go  PC Engine
No video found for Ultrabox Sohkan Go  PC Engine
No video found for Ultraman  PS2
No video found for Ultraman  Fighting Evolution  PS1
No video found for Ultraman AllStar Chronicle  PSP
No video found for Ultraman Powered  3DO
No video found for Ultraman Tiga & Ultraman Dyna  New Generations  PS1
No video found for Ultratron  PC
No video found for Ultratron  Vita
No video found for Ultraverse Prime  Mega Drive
No video found for Uma Musume Pretty Derby  PC
No video found for Umezawa Yukari no Yasashii Igo  DS
No video found for Umihara Kawase Portable  PSP
No video found for Umihara Kawase Shun  Second Edition  PS1
No video found for Umineko no Naku Koro ni Portable 1  PSP
No video found for Umineko no Naku Koro ni Portable 2  PSP
No video found for Umineko no Naku Koro ni Saku  PC
No video found for Umineko no Naku Koro ni Saku  Nekobako to Musou no Koukyoukyoku  Switch
No video found for Umiro  PC
No video found for Umisho  PS2
No video found for Umurangi Generation  Switch
No video found for Un BIRTHDAY SONG  Ai o Utau Shinigami  Another Record  Vita
No video found for UnENDing BloodyCall  PSP
No video found for UnHolY DisAsTeR  PC
No video found for Unaided 1939  PC
No video found for Unavowed  Switch
No video found for Unbound Saga  PSP
No video found for Unchained Blades   PSP
No video found for Unchained Blades   3DS
No video found for Uncharted  Fight for Fortune  Vita
No video found for Uncraft World  PC
No video found for Undead Horde  PC
No video found for Undead Overlord  PC
No video found for Undefeated  PC
No video found for Under Defeat  Dreamcast
No video found for Under Defeat HD  PS3
No video found for Under Defeat HD  Xbox 360
No video found for Under Night InBirth ExeLate  Vita
No video found for Under Night InBirth Exe;Late clr  Switch
No video found for Under Teyl  PC
No video found for UnderDread  PC
No video found for UnderGarden, The  PC
No video found for UnderRail  PC
No video found for Underground  Wii U
No video found for Underground Pool    DS
No video found for Undernauts  Labyrinth of Yomi   Switch
No video found for Undertale  Switch
No video found for Undertale Last Breath  Legacy Edition  PC
No video found for Undertale Yellow   PC
No video found for Underworld  The Eternal War  PS2
No video found for Underworld Ascendant  PC
No video found for Unearthed  Trail of Ibn Battuta  Episode 1   PS3
No video found for Unepic  Wii U
No video found for Unepic  PS4
No video found for Unhack  PC
No video found for Unholy Society, The  PC
No video found for Universal Combat CE  PC
No video found for Universal Studios Theme Parks Adventure   GameCube
No video found for Universe at War  Earth Assault  Xbox 360
No video found for Universim, The  PC
No video found for Unlimited Escape  PC
No video found for Unlimited Saga  PS2
No video found for Unlucky Mage  3DS
No video found for Unpacking  Switch
No video found for Unrailed!  PC
No video found for Unravel  PS4
No video found for Unravel Two  PC
No video found for Unreal Championship  Xbox
No video found for Unreal Championship 2  The Liandri Conflict  Xbox
No video found for Unreal II  The Awakening  PC
No video found for Unreal Tournament III  PS3
No video found for Unrest Indigo  PC
No video found for Unruly Heroes  PC
No video found for Unsouled  Switch
No video found for Unstoppable Misha  Mobile
No video found for Untold Legends  Dark Kingdom  PS3
No video found for Uoris DX  Switch
No video found for Uprising X  PS1
No video found for Uprising44  The Silent Shadows  PC
No video found for Upshift StrikeRacer  PC
No video found for Uragiri wa Boku no Namae wo Shitteiru  PS2
No video found for Urban Crime  Mobile
No video found for Urban Reign  PS2
No video found for Urbance Clans Card Battle!  PC
No video found for Urbanix  PSP
No video found for Urbanix  Wii
No video found for Urbz, The  Sims in the City  GameCube
No video found for Uriel's Chasm  PC
No video found for Usagi  Yasei no Touhai  The Arcade  PS2
No video found for Usagi  Yasei no Touhai  Yamashiro Mahjonghen  PS2
No video found for Usotsuki ShangriLa  Vita
No video found for Usurper  PC
No video found for Uta Kumi 575  Vita
No video found for Uta no PrinceSama  Repeat LOVE  Vita
No video found for Uta no Princesama  All Star for Nintendo Switch  Switch
No video found for Uta no Princesama  Amazing Aria & Sweet Serenade Love  Switch
No video found for Uta no Princesama  Debut for Nintendo Switch  Switch
No video found for Uta no Princesama  Music 3  Vita
No video found for Uta no Princesama  Repeat LOVE for Nintendo Switch  Switch
No video found for Utau  Tumbling Dice  Dreamcast
No video found for Utau  Tumbling Dice ~Watachi 3 nin Ageru~  PS2
No video found for Utawarerumono  Chiriyukumono e no Komoriuta  PS2
No video found for Utsusemi no Meguri  Vita
No video found for Utterly Threadful  PC
No video found for V Goal Soccer '96  3DO
No video found for VRacer Hoverbike  PC
No video found for VRally 3  GameCube
No video found for VA11 HallA  Vita
No video found for VA11 HallA  Cyberpunk Bartender Action  PC
No video found for VA11 HallA  Cyberpunk Bartender Action  Switch
No video found for VALKYRIE DRIVE BHIKKHUNI  PC
No video found for VECTROS  Mobile
No video found for VERLIES II  Verlies Origins  PC
No video found for VIDEOKID, The  PC
No video found for VM Japan  PC
No video found for VMX Racing  PS1
No video found for VOEZ  Switch
No video found for VOIDCRISIS  PC
No video found for VR Dungeon Knight  PC
No video found for VR Kanojo   PC
No video found for VR Karts  PS4
No video found for VR Sports Powerboat Racing  PS1
No video found for VT Tennis  PSP
No video found for VVVVVV  PC
No video found for VVVVVV  3DS
No video found for VVVVVV  Mobile
No video found for VVVVVV  Vita
No video found for Vaccine  Wii U
No video found for Vagrant Fury  PC
No video found for Valdis Story  Abyssal City  PC
No video found for ValeGuard  PC
No video found for Valfaris  Switch
No video found for Valhalla Knights  Eldar Saga   Wii
No video found for Valheim   PC
No video found for Valhollian  Saturn
No video found for Valiant Force 2  Mobile
No video found for Valiant Hearts  Switch
No video found for Valis  The Fantasm Soldier Collection  Switch
No video found for Valkyria Chronicles 2   PSP
No video found for Valkyria Chronicles Remastered   PS4
No video found for Valkyria Revolution   Vita
No video found for Valkyrie Anatomia  The Origin  Mobile
No video found for Valkyrie Anatomia  The Origin  Mobile
No video found for Valkyrie Connect  Mobile
No video found for Valkyrie Connect  PC
No video found for Valkyrie Crusade  Mobile
No video found for Valkyrie Elysium  PS4
No video found for Valkyrius Prime  PC
No video found for Valthirian Arc  Hero School Story  PC
No video found for Valthirian Arc  Hero School Story 2  Switch
No video found for Valthirian Arc Hero School Story  PS2
No video found for Vampire Chronicle for Matching Service  Dreamcast
No video found for Vampire Knight DS  DS
No video found for Vampire Legends  Power of Three   DS
No video found for Vampire Rain  Xbox 360
No video found for Vampire Rain  Altered Species  PS3
No video found for Vampire Survivors  Switch
No video found for Vampire The Masquerade  Redemption  PC
No video found for Vamwolf Cross  Vita
No video found for Vandal Hearts   PS1
No video found for Vandal Hearts   Saturn
No video found for Vanguard Bandits   PS1
No video found for Vanishing Point  Dreamcast
No video found for Vanishing Point  PS1
No video found for Vanishing Realms  PC
No video found for Vanquish  PS3
No video found for Vanquish  PC
No video found for Vanquisher Global Meltdown  Mobile
No video found for Variable Barricade  Vita
No video found for Variable Barricade  New Stage  Switch
No video found for Various Daylife  Mobile
No video found for Various Daylife  Switch
No video found for Varmintz Deluxe  PC
No video found for Vasara Collection  Vita
No video found for Vasara Collection  Switch
No video found for Vatlva  Saturn
No video found for Vector Strain  PC
No video found for Vector TD  PSP
No video found for VectorWars  PC
No video found for Veggy World  Wii
No video found for Vektor Wars  Wii U
No video found for Velldeselba Senki  Tsubasa no Kunshou  PS1
No video found for Velocibox  PC
No video found for Velocibox  Vita
No video found for Velocity  PSP
No video found for Velvet Assassin  PC
No video found for Venetica Gold Edition  PC
No video found for Vengeful Guardian  Moonrider  PC
No video found for Vengeful Guardian  Moonrider  Switch
No video found for Vengeful Heart  PC
No video found for Vengeful Heart  Switch
No video found for Venineth  PC
No video found for Venture Kid  Mobile
No video found for Venus & Braves ~Majo to Megami to Horobi no Yogen~  PSP
No video found for Venus Scramble   Mobile
No video found for Vera Swings (Brett Yeager PC
No video found for Verdict Guilty  Switch
No video found for Verlet Swing  PC
No video found for Verlet Swing  PC
No video found for Vernal Edge  Switch
No video found for Vertical Drop Heroes HD  Vita
No video found for Vertical Strike Endless Challenge  PC
No video found for Vertigo  PC
No video found for Very Little Nightmares  Mobile
No video found for Vessel  PC
No video found for Vesta  PC
No video found for Vestaria Saga I  War of the Scions  PC
No video found for VibRipple   PS2
No video found for Vicious Attack Llama Apocalypse  LTD) PC
No video found for Victor Vran  Overkill Edition  PC
No video found for Victorious  Time To Shine  Xbox 360
No video found for Victorious Boxers  Ippo's Road to Glory   PS2
No video found for Victorious Boxers  Revolution   Wii
No video found for Vidar  PC
No video found for VideoKid, The  Switch
No video found for Vietcong  PC
No video found for Vietcong 2  PC
No video found for Viewpoint  Neo Geo CD
No video found for Viewtiful Joe  Red Hot Rumble   GameCube
No video found for Viewtiful Joe  Red Hot Rumble   PSP
No video found for Viewtiful Joe 2   GameCube
No video found for Vigilance  PC
No video found for Vigilante 8  PS1
No video found for Vigilante 8  2nd Offense   Dreamcast
No video found for Vigilante 8  Second Offense   PS1
No video found for Viking  Battle for Asgard  PS3
No video found for Viking  Battle for Asgard  Xbox 360
No video found for Viking Squad  PC
No video found for Vikings  Wolves of Midgard  PC
No video found for Vikings of Midgard  PC
No video found for Vilmonic  PC
No video found for Violet Haunted  PC
No video found for Virgo Versus The Zodiac  Switch
No video found for Viridi  PC
No video found for Virtua Athlete 2000  Dreamcast
No video found for Virtua Fighter 3tb  Dreamcast
No video found for Virtua Fighter 4  Evolution  PS2
No video found for Virtua Fighter 5  PS3
No video found for Virtua Fighter 5  Xbox 360
No video found for Virtua Fighter 5  Final Showdown  PS3
No video found for Virtua Fighter 5 Final Showdown  Xbox 360
No video found for Virtua Fighter CG Portrait Series Vol1  Sarah Bryant  Saturn
No video found for Virtua Fighter CG Portrait Series Vol10  Jeffry McWild  Saturn
No video found for Virtua Fighter CG Portrait Series Vol2  Jacky Bryant  Saturn
No video found for Virtua Fighter CG Portrait Series Vol3  Akira Yuki  Saturn
No video found for Virtua Fighter CG Portrait Series Vol4  Pai Chan  Saturn
No video found for Virtua Fighter CG Portrait Series Vol5  Wolf Hawkfield  Saturn
No video found for Virtua Fighter CG Portrait Series Vol6  Lau Chan  Saturn
No video found for Virtua Fighter CG Portrait Series Vol7  Shun Di  Saturn
No video found for Virtua Fighter CG Portrait Series Vol8  Lion Rafale  Saturn
No video found for Virtua Fighter CG Portrait Series Vol9  Kage Maru  Saturn
No video found for Virtua Quest   GameCube
No video found for Virtua Quest   PS2
No video found for Virtua Striker 2002   GameCube
No video found for Virtua Tennis 3  PC
No video found for Virtua Tennis 4   PS3
No video found for Virtua Tennis   Dreamcast
No video found for Virtual Casino  Saturn
No video found for Virtual Gallop  Kishudou  PS1
No video found for Virtual Golf   Saturn
No video found for Virtual Hydlide  Saturn
No video found for Virtual Kasparov  PS1
No video found for Virtual Mahjong  Saturn
No video found for Virtual On  Oratorio Tangram   Dreamcast
No video found for Virtual Pool  PS1
No video found for Virtual Pool 3  PS1
No video found for Virtual View  Megumi Eizou Play  PS2
No video found for Virtual Volleyball  Saturn
No video found for VirtualOn  Oratorio Tangran Ver566  Xbox 360
No video found for Virtuoso  3DO
No video found for Virus Named Tom, A  Vita
No video found for Visage  PC
No video found for Vision Soft Reset  PC
No video found for Vitamin Connection  Switch
No video found for Vitamin Girl  PC
No video found for Vitamin X  PS2
No video found for Vitamin X  Detective B6  PSP
No video found for Vitamin X Evolution  DS
No video found for Vitamin X Evolution Plus  PSP
No video found for Vitamin X Evolution Plus  3DS
No video found for Vitamin X to Z  PSP
No video found for Vitamin Z  Vita
No video found for Vitamin Z Graduation  PSP
No video found for Vitamin Z Revolution  PSP
No video found for Vitamin Z Revolution  3DS
No video found for Vitrum  PC
No video found for Viva Pinata  Xbox 360
No video found for Viva Pinata  Pocket Paradise  DS
No video found for Viva Pinata  Trouble in Paradise  Xbox 360
No video found for Vivid Knight  Switch
No video found for Viviette  PC
No video found for Viviette  Switch
No video found for Vivisector  Beast Within  PC
No video found for Vogue, the Explorer  PC
No video found for Voice Fantasy  Mobile
No video found for Voice Paradise  PC Engine
No video found for Void Prison  Switch
No video found for Void Source  Switch
No video found for Void Stranger  PC
No video found for Voidigo  PC
No video found for Voidship  The Long Journey  PC
No video found for Voidspire Tactics  PC
No video found for Volfoss  PS1
No video found for Volgarr the Viking  Vita
No video found for VoltaX  Switch
No video found for Voltage Fighter Gowcaizer   Neo Geo CD
No video found for Volzerk  Monsters and Lands Unknown  PC
No video found for Volzerk  Monsters and Lands Unknown   Mobile
No video found for Voodoo Dice  PS3
No video found for Voodoo Vince  Xbox
No video found for Voodoo Vince Remastered  PC
No video found for Vortex  Mobile
No video found for Vortex Attack EX  Switch
No video found for Vortex Attack EX  PC
No video found for Vortex Attack ボルテックスアタック  PC
No video found for Vostok Inc  Vita
No video found for Vostok Inc  Switch
No video found for Voxel Race  PC
No video found for VoxelMaker  Wii U
No video found for Voyeur II  Watching is not enough  PC
No video found for Vroom in the Night Sky  Switch
No video found for Vulgord's Tower  PC
No video found for Vulture  PC
No video found for Vulture Strike  PC
No video found for Vzerthos  The Heir of Thunder  PC
No video found for WLO Sekai Renai Kikousen  Xbox 360
No video found for WARSHIFT  PC
No video found for WE ARE DOOMED  Switch
No video found for WHAT THE GOLF Triband) Switch
No video found for WISGR  PC
No video found for WORLD END ECONOMiCA episode01  PC
No video found for WORLD END ECONOMiCA episode02  PC
No video found for WORLD END ECONOMiCA episode03  PC
No video found for WORLD END ECONOMiCA ~complete~  Switch
No video found for WORLD OF HORROR  ) PC
No video found for WOWOWOW KORONE BOX  PC
No video found for WRC  FIA World Rally Championship  PC
No video found for WRC  FIA World Rally Championship  Xbox 360
No video found for WRC  FIA World Rally Championship  PS3
No video found for WRC 2  FIA World Rally Championship 2011  PC
No video found for WRC 2  FIA World Rally Championship 2011  Xbox 360
No video found for WRC 3  FIA World Rally Championship  Vita
No video found for WSC Real 09  World Snooker Championship  PC
No video found for WTA Tour Tennis    GameCube
No video found for WTF  Work Time Fun  PSP
No video found for WWE '12  PS3
No video found for WWE 2K Battlegrounds  PC
No video found for WWE 2K14  Xbox 360
No video found for WWE All Stars  PSP
No video found for WWE Immortals  Mobile
No video found for WWE Raw 2  Xbox
No video found for WWE SmackDown vs Raw 2010  PS3
No video found for WWE SmackDown vs Raw 2011  PS3
No video found for WWE SmackDown vs Raw 2011  Xbox 360
No video found for WWE SmackDown! vs RAW 2008  Wii
No video found for WWE SmackDown! vs Raw 2010 featuring ECW  DS
No video found for WWE Smackdown vs Raw 2008  PS2
No video found for WWE Smackdown!  Here Comes the Pain   PS2
No video found for WWE Smackdown!  Shut Your Mouth   PS2
No video found for WWE Tap Mania  Mobile
No video found for WWF Attitude  PS1
No video found for WWF Attitude  Get it!  Dreamcast
No video found for WWF Raw  Xbox
No video found for WWF Royal Rumble  Dreamcast
No video found for WWF SmackDown! 2  Know Your Role   PS1
No video found for WWF SmackDown!   PS1
No video found for WWF Smackdown!  Just Bring It   PS2
No video found for Wacca Lily R  PC
No video found for Wacca Reverse  PC
No video found for Wachenroeder  Saturn
No video found for Wagamama High Spec  Vita
No video found for Waialae Country Club   3DO
No video found for Waifu Space Conquest   Switch
No video found for Waifu Uncovered  Switch
No video found for Wakabairo no Quartet  PC
No video found for Wakedas  3DS
No video found for Waking Violet  Vita
No video found for Waku Waku Doubutsu Land  Switch
No video found for Wakusei Koukitai Little Cats  PC Engine
No video found for Wakusei Woodstock  Funky Horror Band  Mega Drive
No video found for Walden  PC
No video found for Walking Dead, The  A Telltale Games Series  Vita
No video found for Walking Dead, The  No Man's Land  Mobile
No video found for Walking Mars  PC
No video found for Walking Mars  Mobile
No video found for WallE  Wii
No video found for WallE  Xbox 360
No video found for Wallace & Gromit in Project Zoo  PS2
No video found for Wallace & Gromit's Grand Adventures  Episode 4  The Bogey Man  Xbox 360
No video found for Walpurgis no Uta  Vita
No video found for Wand Wars  PC
No video found for Wand Wars  Switch
No video found for Wand of Fortune  Mirai he no Prologue Portable  PSP
No video found for Wand of Fortune 2  Jikuu ni Shizumu Mokushiroku  PSP
No video found for Wand of Fortune 2 FD  Kimi ni Sasageru Epilogue  PSP
No video found for Wand of Fortune R  Vita
No video found for Wand of Fortune R2  Jikuu ni Shizumu Mokushiroku  Vita
No video found for Wanda  A Beautiful Apocalypse  PC
No video found for Wandersong  PC
No video found for Wangan Dead Heat + Real Arrange  Saturn
No video found for Wangan Midnight  PS3
No video found for Wangan Midnight Maximum Tune 3DX+  PC
No video found for Wangan Trial Love  Saturn
No video found for Wanted  Weapons of Fate  PS3
No video found for Wanted  Weapons of Fate  Xbox 360
No video found for Wanted Corp  PS3
No video found for Wanted Corp  PC
No video found for War Chess  PC
No video found for War of Sonria  PSP
No video found for War of the Human Tanks  ALTeR  PC
No video found for War of the Human Tanks  Limited Operations  PC
No video found for War of the Monsters  PS2
No video found for War of the Visions  Final Fantasy Brave Exvius  Mobile
No video found for WarCraft II  The Dark Saga  PS1
No video found for Warau Arsnotoria  Mobile
No video found for Warbands Bushido  Mobile
No video found for Wargroove  PC
No video found for Wargroove  Switch
No video found for Warhammer 40,000  Armageddon  PC
No video found for Warhammer 40,000  Storm of Vengeance  PC
No video found for Warhammer Arcane Magic  Mobile
No video found for Warhammer Quest  PC
No video found for Warhammer Quest 2 The End Times  Mobile
No video found for Warhawk  PS3
No video found for Warlock 2  The Exiled  PC
No video found for Warlock of Firetop Mountain  PC
No video found for Warlock's Tower  PC
No video found for Warlords IV  Heroes of Etheria  PC
No video found for Warp Drive  Switch
No video found for Warp Drive   PC
No video found for Warp Shift  Switch
No video found for WarpGate  Mobile
No video found for Warpath  PC
No video found for Warriors  Legends of Troy   Xbox 360
No video found for Warriors Orochi 2   Xbox 360
No video found for Warriors Orochi 3  Xbox 360
No video found for Warriors Orochi 3 Hyper   Wii U
No video found for Warriors Orochi 3 Ultimate   PS4
No video found for Warriors Orochi   PS2
No video found for Warriors Orochi   Xbox 360
No video found for Warship Gunner 2   PS2
No video found for Warsow  PC
No video found for Warzone 2100  PS1
No video found for Was ist Was  Lost Treasures  The Adventure Game  DS
No video found for Was ist Was  The Earth Adventure  DS
No video found for Watashi, Nasu de Tobimasu I can fly with NASU  Mobile
No video found for Waterloo  Napoleon's Last Battle  PC
No video found for Wave Circles  Rhythm Dance Music  PC
No video found for Wave Magic VR  PC
No video found for Wave Race  Blue Storm  GameCube
No video found for Wave Rider  PC
No video found for Wave of Darkness  PC
No video found for Wavecade  Switch
No video found for Waves  PC
No video found for Waves2  PC
No video found for Wavetale  Switch
No video found for Wavey The Rocket  PC
No video found for Way of the Passive Fist  PC
No video found for Way of the Passive Fist  Switch
No video found for Way of the Samurai 3   PS3
No video found for Way of the Samurai 3   Xbox 360
No video found for Way of the Samurai 4   PS3
No video found for Way of the Warrior  3DO
No video found for Wayward  PC
No video found for Wayward Souls  Mobile
No video found for Wayward Souls  PC
No video found for We Love Golf!  Wii
No video found for We Love Katamari REROLL+ Royal Reverie   Switch
No video found for WeAreAsterisk  PS2
No video found for Weakness Hero Torauman DC  Dreamcast
No video found for Weapon of Choice DX  Switch
No video found for Web Mystery  Yochimy wo Miru Neko  Dreamcast
No video found for Weed Shop 2  PC
No video found for Welcome House  Saturn
No video found for Welcome Park  Vita
No video found for Welcome To Bummertown  PC
No video found for West of Loathing  PC
No video found for Western Outlaw  Wanted Dead or Alive  PC
No video found for Wet  PS3
No video found for Wetrix  PC
No video found for Wetrix+  Dreamcast
No video found for Whack first!  Fight the moles  Switch
No video found for Whacked!  Xbox
No video found for Wheel of Time, The  PC
No video found for Wheelman  PC
No video found for Wheelman  PS3
No video found for Wheelman  Xbox 360
No video found for When Vikings Attack!  Vita
No video found for When Vikings Attack!   PS3
No video found for Where in the World is Carmen Sandiego  PC Engine
No video found for Where's My Mickey  Mobile
No video found for Where's My Perry  Mobile
No video found for Where's My Water  Mobile
No video found for Where's My Water 2  Mobile
No video found for Where's My Water featuring XYY  Mobile
No video found for Whip! Whip!  Switch
No video found for Whiplash   PC
No video found for Whipseey and the Lost Atlas  Switch
No video found for Whirl Tour  GameCube
No video found for Whispering Willows  Vita
No video found for White Album  PC
No video found for White Album 2  Shiawase no Mukougawa  Vita
No video found for White Breath  Kizuna  PS2
No video found for White Chamber, The  PC
No video found for White Clarity  And, the Tears Became You  PS2
No video found for White Princess the Second  PS2
No video found for Who Wants To Be A Millionaire 2012 Edition  Xbox 360
No video found for Wicce  Switch
No video found for Wicked 18   3DO
No video found for Wicked Monsters BLAST! HD+  Wii U
No video found for Wicked Witches  PC
No video found for Wife Quest  Switch
No video found for Wii Fit  Wii
No video found for Wii Fit U  Wii U
No video found for Wii Music  Wii
No video found for Wii Party U  Wii U
No video found for Wii Sports Club  Wii U
No video found for Wii U Chat  Wii U
No video found for Wii de Asobu  ChibiRobo!  Wii
No video found for Wik And The Fable Of Souls  PC
No video found for Wild Arms  Million Memories  Mobile
No video found for Wild Blood  Mobile
No video found for Wild Hearts  PC
No video found for Wild Metal  Dreamcast
No video found for Wild West Crops  Switch
No video found for Wildbus  Switch
No video found for Wildcat Gun Machine  Switch
No video found for Wildfire  PC
No video found for Wildfire  PC
No video found for Will Glow the Wisp  PC
No video found for Will O' Wisp  Easter no Kiseki  PS2
No video found for Will Rock  PC
No video found for Willy Jetman  Astromonkey's Revenge  Switch
No video found for Willy Wombat  Saturn
No video found for WillyNilly Knight  PC
No video found for Wilmot's Warehouse  Switch
No video found for WinBack  Covert Operations   PS2
No video found for WinBack 2  Project Poseidon  PS2
No video found for Wind & Water Puzzle Battles  Dreamcast
No video found for Wind a breath of heart  PS2
No video found for Windup Knight 2   3DS
No video found for Windlands  PC
No video found for Windmill Kings   Switch
No video found for Windscape  PC
No video found for Windshift  PC
No video found for Windward  PC
No video found for Wing Island  Wii
No video found for WingForce  Mobile
No video found for Winged Sakura  Endless Dream  PC
No video found for Winged Sakura  Mindy's Arc  PC
No video found for Winged Sakura  Mindy's Arc 2  PC
No video found for Wings of Bluestar  Switch
No video found for Wings of Glass   PC
No video found for Wings! Remastered  Mobile
No video found for Winnetoons  Die Legende vom Schatz im Silbersee  DS
No video found for Winning Eleven  Pro Evolution Soccer 2007   PS2
No video found for Winning Post  3DO
No video found for Winning Post 3  Saturn
No video found for Winning Post 4  Program 2000  Dreamcast
No video found for Winning Post 5 Maximum 2002  PS2
No video found for Winning Post 5 Maximum 2003  PS2
No video found for Winning Post 7 Maximum 2008  PS2
No video found for Winning Post 8 2015  Vita
No video found for Winning Post EX  Saturn
No video found for Winning Post World  PS2
No video found for Winning Post World 2010  Xbox 360
No video found for Winter Blast  9 Snow & Ice Games  Wii
No video found for Winter Sports 2008  The Ultimate Challenge  PS2
No video found for Winter Stars  Xbox 360
No video found for Winter Voices Prologue  Avalanche  PC
No video found for WipEout  Omega Collection  PS4
No video found for WipEout Fusion  PS2
No video found for WipEout HD Fury  PS3
No video found for Wipeout  Create & Crash  3DS
No video found for Wipeout  In the Zone  Xbox 360
No video found for Wipeout 3  3DS
No video found for Wipeout 3  Wii
No video found for Wipeout Pulse  PS2
No video found for Witch & Hero 2   3DS
No video found for Witch & Hero 3   3DS
No video found for Witch & Hero   3DS
No video found for Witch Explorer  PC
No video found for Witch Spring  Mobile
No video found for Witch Spring 2  Mobile
No video found for Witch Spring 3  Mobile
No video found for Witch Thief  PC
No video found for Witch Thief  PC
No video found for Witch Thief  Switch
No video found for Witch and Hero   Switch
No video found for Witch and the Hundred Knight, The   PS3
No video found for Witch of the Ice Kingdom Collection  PC
No video found for Witch's Love Diary, The  PC
No video found for Witch's Potion  Water Sort Puzzle  Switch
No video found for Witch's Weapon  Mobile
No video found for Witch's Wish   DS
No video found for Witchbot Meglilo  PC
No video found for WitchSpring R  PC
No video found for Witchblood  PC
No video found for Witchcrafty  Switch
No video found for Witcher 2, The  Assassins of Kings  Xbox 360
No video found for Witcher 3, The  Wild Hunt  PC
No video found for Witches & Vampires  The Secrets of Ashburry  DS
No video found for Witcheye  PC
No video found for Witcheye  Switch
No video found for Wizard Hunter  The End of the Magical World  Switch
No video found for Wizard of Legend  PC
No video found for Wizard's Harmony  Saturn
No video found for Wizard's Harmony 2  Saturn
No video found for Wizard's Symphony  Switch
No video found for Wizardry  Llylgamyn Saga  PS1
No video found for Wizardry  Llylgamyn Saga  Saturn
No video found for Wizardry  New Age of Llylgamyn  PS1
No video found for Wizardry  Tale of the Forsaken Land   PS2
No video found for Wizardry Empire  Ikoshie no Oujo  PS1
No video found for Wizardry I+II  PC Engine
No video found for Wizardry III+IV  PC Engine
No video found for Wizardry Perfect Pack  PS3
No video found for Wizardry Twin Pack  PS3
No video found for Wizardry V  Heart of the Maelstrom  PC Engine
No video found for Wizardry VI & VII Complete  Saturn
No video found for Wizards of Brandel   Switch
No video found for Wizodd  Switch
No video found for Wizorb  PC
No video found for Wizzley Presto and the Vampires Tomb  Mobile
No video found for Wo de Xiao Sha Yu  PC
No video found for Woah Dave!  Vita
No video found for Wolf Among Us, The  A Telltale Games Series  Vita
No video found for Wolf of the Battlefield  Commando 3  PS3
No video found for Wolfenstein  The New Order  PS3
No video found for Wolfenstein RPG  Mobile
No video found for Wonder Blade  Switch
No video found for Wonder Boy  Asha in Monster World  Switch
No video found for Wonder Boy  The Dragon's Trap  Switch
No video found for Wonder Boy Returns  PC
No video found for Wonder Boy Returns Remix  Switch
No video found for Wonder Dog  Mega Drive
No video found for Wonder Gravity  Pino to Juuryoku Tsukai  Mobile
No video found for Wonder Momo  Typhoon Booster  Mobile
No video found for Wonder World Amusement Park  Wii
No video found for Wonderful Everyday Diskontinueierliches Dasein  PC
No video found for Wonderful Everyday Down the RabbitHole   PC
No video found for Wonderland Adventures  Planet of the Z Bots  PC
No video found for Wooden Sen'SeY  Wii U
No video found for Woodleys  Summer Sports, The   DS
No video found for Worbital  PC
No video found for Word Search by POWGI  Vita
No video found for WordJong  DS
No video found for Work x Work  Switch
No video found for Working Days  Full Voice Edition  PC
No video found for World Advanced Daisenryaku  Sakusen File  Saturn
No video found for World Champion Paintball  PS2
No video found for World Cup France '98  Road to Win  Saturn
No video found for World Cup of Pool  DS
No video found for World End Heroes  Mobile
No video found for World End Syndrome  Vita
No video found for World Ends With You Final Remix, The   Switch
No video found for World Evolution Soccer  Saturn
No video found for World Gone Sour  PC
No video found for World Gone Sour  Xbox 360
No video found for World Heroes  Neo Geo CD
No video found for World Heroes 2 Jet  Neo Geo CD
No video found for World Heroes Anthology   PS2
No video found for World Ping Pong Championship  PSP
No video found for World Racing  GameCube
No video found for World Series Baseball 2K1  Dreamcast
No video found for World Series of Poker  GameCube
No video found for World Soccer Kid  Switch
No video found for World Soccer Winning Eleven 2014  3DS
No video found for World Soccer Winning Eleven 2014  Aoki Samurai no Chousen  3DS
No video found for World Soccer Winning Eleven 5   PS2
No video found for World Soccer Winning Eleven 6 International   PS2
No video found for World Soccer Winning Eleven 7 International    PS2
No video found for World Soccer Winning Eleven 8  Liveware Evolution  PS2
No video found for World Soccer Winning Eleven 8 International   PS2
No video found for World Soccer Winning Eleven 9   PS2
No video found for World Tank Museum For Game Toubu Sensen  PS2
No video found for World Tour Soccer 2003    PS2
No video found for World Trigger  Borderless Mission  Vita
No video found for World War II  Panzer Claws   PC
No video found for World War Z  PC
No video found for World of Aden  Entomorph  Plague of the Darkfall  PC
No video found for World of Demons  Mobile
No video found for World of Final Fantasy Maxima  Switch
No video found for World of Goo   Wii
No video found for World of Prandis  Mobile
No video found for World's Dawn  PC
No video found for World's End Club  Mobile
No video found for World's End Club  Mobile
No video found for WorldShift  PC
No video found for Worlds of Magic  Planar Conquest  PS4
No video found for Worldwide Soccer '98   Saturn
No video found for Worms  Saturn
No video found for Worms  A Space Oddity  Wii
No video found for Worms  Armageddon  Dreamcast
No video found for Worms  Clan Wars  PC
No video found for Worms  Ultimate Mayhem  PC
No video found for Worms  Ultimate Mayhem  Xbox 360
No video found for Worms 2  Armageddon  Mobile
No video found for Worms 2  Armageddon  Xbox 360
No video found for Worms 3  Mobile
No video found for Worms 3  Mobile
No video found for Worms 3D  GameCube
No video found for Worms 4  Mayhem  Xbox
No video found for Worms 4  Mayhem  PC
No video found for Worms Blast  GameCube
No video found for Worms Forts  Under Siege!  PS2
No video found for Worms Revolution Extreme  Vita
No video found for Worms Revolution  Xbox 360
No video found for Worms Ultimate Mayhem  Xbox 360
No video found for Worms World Party  Dreamcast
No video found for Worth Life  Switch
No video found for Wraithborne  Mobile
No video found for WreckIt Ralph  3DS
No video found for Wreckin' Ball Adventure  Switch
No video found for Wrestle Angels  Double Impact  PC Engine
No video found for Wrestle Angels  Survivor 2  PS2
No video found for Wrestle Kingdom  Xbox 360
No video found for Wrestle Kingdom  PS2
No video found for Wrestle Kingdom 2  Pro Wrestling Sekai Taisen  PS2
No video found for WrestleQuest  Switch
No video found for Wulverblade  PC
No video found for Wunderling  Switch
No video found for Wunderling   Switch
No video found for Wuppo  PC
No video found for Wurm Unlimited  PC
No video found for X  Beyond the Frontier  PC
No video found for X Rebirth  PC
No video found for XBladez  Inline Skater  PS1
No video found for XCOM  Enforcer  PC
No video found for XCOM  Interceptor  PC
No video found for XFiles, The  Resist or Serve  PS2
No video found for XForce Genesis  Switch
No video found for XMen  Next Dimension  Xbox
No video found for XMen  Next Dimension  GameCube
No video found for XMen Days of Future Past  Mobile
No video found for XMen Legends  Xbox
No video found for XMen Legends II  Rise of Apocalypse  GameCube
No video found for XMen Legends II  Rise of Apocalypse  PC
No video found for XMen Legends II  Rise of Apocalypse  PS2
No video found for XMen Legends II  Rise of Apocalypse  Xbox
No video found for XMen Origins  Wolverine  Wii
No video found for XMen Origins  Wolverine  Uncaged Edition  PS3
No video found for XMorph  Defense  PC
No video found for XMorph Defense  European Assault  PC
No video found for X3  Reunion  PC
No video found for X4 Foundations  PC
No video found for XBLAZE Code  Embryo  Vita
No video found for XBLAZE Lost  Memories  Vita
No video found for XCOM Enemy Within  Mobile
No video found for XCar Experimental Racing  PC
No video found for XELAN FORCE  Switch
No video found for XGIII  Extreme G Racing  GameCube
No video found for XGRA  ExtremeG Racing Association  Xbox
No video found for XGRA  ExtremeG Racing Association   PS2
No video found for XI  Jumbo  PS1
No video found for XII Stag  PS2
No video found for XIII  PS2
No video found for XIII  PS2
No video found for XIII  GameCube
No video found for XIII Century  Death or Glory  PC
No video found for XING  The Land Beyond  PC
No video found for XPOSED SWITCHED  Switch
No video found for XType Plus  Wii U
No video found for Xak III  The Eternal Recurrence  PC Engine
No video found for XanChuchamel  Switch
No video found for Xanadu Next  PC
No video found for XenoRaid  Vita
No video found for XenoRaptor  PC
No video found for XenoRaptor  Switch
No video found for Xenoblade Chronicles  Definitive Edition  Switch
No video found for Xenoblade Chronicles 3   Switch
No video found for Xenoblade Chronicles 3D   3DS
No video found for Xenocide  PC
No video found for Xenon Valkyrie+  Vita
No video found for Xenonauts  PC
No video found for Xenoraid  The First Space War  PC
No video found for Xenoslaive Overdrive  PC
No video found for Xeodrifter  PC
No video found for Xeodrifter  Wii U
No video found for Xeodrifter  Vita
No video found for Xion  PC
No video found for Xiyou Ji  Qitian Dasheng Pian  PC
No video found for Xpand Rally  PC
No video found for Xpand Rally Xtreme  PC
No video found for Xtreme Club Racing  Switch
No video found for Xtreme Sports   Dreamcast
No video found for XuanYuan Sword  The Gate of Firmament  PC
No video found for XuanYuan Sword 7   PS4
No video found for YAKARI  The Mystery of FourSeasons  3DS
No video found for YIIK  A Postmodern RPG  Switch
No video found for YIIK Nameless Psychosis  PC
No video found for YOHANE THE PARHELION NUMAZU in the MIRAGE  PC
No video found for YOU  The Untold Stories  PC
No video found for YUNO  A Girl Who Chants Love at the Bound of this World  PC
No video found for YUNO  Konoyo no Hate de Koi o Utau Shoujo  Switch
No video found for Yahari Game Demo Ore no Seishun LoveKome wa Machigatteiru  Vita
No video found for Yahari Game Demo Ore no Seishun LoveKome wa Machigatteiru Zoku  Vita
No video found for Yaken no Reodem  Vita
No video found for Yaku Tou  Noroi no Game  PS1
No video found for Yakuman Houou  Wii U
No video found for Yakusoku  PC
No video found for Yakuza  Dead Souls   PS3
No video found for Yakuza  Like a Dragon   PS4
No video found for Yakuza 0  PC
No video found for Yakuza 2   PS2
No video found for Yakuza 3   PS3
No video found for Yakuza 4   PS3
No video found for Yakuza 5   PS3
No video found for Yakuza 6  The Song of Life   PS4
No video found for Yakuza Kiwami 2   PS4
No video found for Yakuza   PS2
No video found for YamaYama  PC
No video found for Yamaha Supercross  PC
No video found for Yamamura Misa Suspense  Kinsenka Kyou Ezara Satsujin Jiken  PC Engine
No video found for Yamasa Digi Guide  Hyper Rush  PS1
No video found for Yamasa Digi Portable  Matsuri no Tatsujin  Winchan no Natsumatsuri  PSP
No video found for Yamasa Digi World SP  Bounty Killer  PS3
No video found for Yami no Ketsuzoku  Harukanaru Kioku  PC Engine
No video found for Yamiyo ni Sasayaku  Meitantei Kyouichirou Sagara  PS2
No video found for Yanya Caballista  City Skater   PS2
No video found for Yasei Shoujo  Mobile
No video found for Yawara!  PC Engine
No video found for Yawara! 2  PC Engine
No video found for Yeah Yeah Beebiss II  Switch
No video found for Yeah! Fighting Girl  Switch
No video found for Year Walk  PC
No video found for Year Walk  Wii U
No video found for Yggdra Union  Switch
No video found for Yggdra Union  We'll Never Fight Alone  PSP
No video found for Ylands  PC
No video found for YoJinBo  Unmei no Freude  PS2
No video found for YoKai Sangokushi  3DS
No video found for YoKai Watch 4  Bokura wa Onajikara o Miage Tale  Switch
No video found for Yokai Watch 1 for Nintendo Switch  Switch
No video found for Yokai Watch Jam  Yokai Academy Y  Waiwai Gakuen Seikatsu  Switch
No video found for Yoake Yori Ruriiro na  Brighter than Dawning Blue  PS2
No video found for Yogi Bear    DS
No video found for Yoiyo Mori no Hime  PSP
No video found for Yojouhan Princess  PC
No video found for Yokoyama Mitsuteru Shin Sangokushi  Tenka wa Ware ni  PC Engine
No video found for Yoku's Island Express  PC
No video found for Yomawari  Midnight Shadows   PC
No video found for YookaLaylee  Switch
No video found for YookaLaylee and the Impossible Lair  Switch
No video found for Yoru, Tomosu  Switch
No video found for Yoshi's Crafted World  Switch
No video found for Yoshi's Crafted World   Switch
No video found for Yoshimura Shougi  Saturn
No video found for Yoshitsune Eiyuuden  The Story of Hero Yoshitsune  PS2
No video found for Yoshitsuneki  PS2
No video found for Yoshiwara Higanbana  Kuon no Chigiri  Switch
No video found for Yoshiwara Higanbana Kuon no Chigiri  Vita
No video found for Yotsume God Reunion  Switch
No video found for Yotsunoha  A Journey of Sincerity  PS2
No video found for You Don't Know Jack  Xbox 360
No video found for Youjo Ranbu ~Yogosareta Seiiki~  PC
No video found for Youki Hime Den  PS2
No video found for Young Justice  Legacy  Xbox 360
No video found for Young Souls  Switch
No video found for Your Memories Off  Girls Style  PS2
No video found for Your Memories Off  Girls Style  PSP
No video found for Yozakura Wizard VR  PC
No video found for Ys IX  Monstrum Nox  PS4
No video found for Ys IX  Monstrum Nox  Switch
No video found for Ys Memoire  The Oath in Felghana  Switch
No video found for Ys Online  The Call of Solum  PC
No video found for Ys Strategy  DS
No video found for Ys VI Online  The Ark of Napishtim  Mobile
No video found for Ys X  Nordics  Switch
No video found for YuGiOh 5D's  Duel Transer   Wii
No video found for YuGiOh! 5D's  Wheelie Breakers  Wii
No video found for YuGiOh! ARCV Tag Force Special  PSP
No video found for YuGiOh! Cross Duel  Mobile
No video found for YuGiOh! Master Duel  Switch
No video found for YuGiOh! Online   PC
No video found for YuGiOh! RUSH DUEL  Dawn of the Battle Royale!!   Switch
No video found for YuGiOh! Rush Duel  Dawn of the Battle Royale!! Let's Go! Go Rush!!  Switch
No video found for Yukawa Senmu no Otakara Sagashi  Dreamcast
No video found for Yukigatari Renewal Edition  PS2
No video found for Yukikoi Melt  PC
No video found for Yume Nikki  PC
No video found for Yume Nikki  Dream Diary  PC
No video found for Yume no Tsubasa  Fate of Heart  Dreamcast
No video found for Yumekumi  PC
No video found for Yumeutsutsu ReAfter  Switch
No video found for Yumeutsutsu ReAfter  Vita
No video found for Yumeutsutsu ReMaster  Switch
No video found for Yumeutsutsu ReMaster  Vita
No video found for Yunohana SpRING!  Vita
No video found for Yunohana SpRING! Cherishing Time  Vita
No video found for Yuppie Psycho  Executive Edition  PC
No video found for Yuri  Switch
No video found for Yurikago yori Tenshi made   PC
No video found for Yuru Camp Sankaku Have a nice day!  Switch
No video found for Yuru Yuru Gekijou  Gekijouban  2 & 3  Switch
No video found for Yuru Yuru Gekijou  Gekijouban  Ichi  Switch
No video found for Yurukill  The Calumniation Games   Switch
No video found for Yuu Yuu Hakusho Forever  PS2
No video found for Yuuki Yuuna wa Yuusha de Aru  Jukai no Kioku  Vita
No video found for Yuukyuu Gensoukyoku  Saturn
No video found for Yuukyuu Gensoukyoku 2nd Album  Saturn
No video found for Yuukyuu Gensoukyoku 3  Perpetual Blue  Dreamcast
No video found for Yuukyuu Gensoukyoku Ensemble  Saturn
No video found for Yuukyuu Gensoukyoku Ensemble 2  Saturn
No video found for Yuukyuu no Kobako Official Collection  Saturn
No video found for Yuukyuu no Tierblade  Fragments of Memory  Vita
No video found for Yuukyuu no Tierblade  Lost Chronicle  Vita
No video found for Yuusha 30 Second  PSP
No video found for Yuusha no Kuse ni Konamaiki da  Yunama  The Puzzle  Vita
No video found for Z The Game  Mobile
No video found for ZExemplar  PC
No video found for ZExemplar  Mobile
No video found for ZAMB  Biomutant Extermination  PC
No video found for ZEN Pinball 2  Vita
No video found for ZHED  Switch
No video found for ZX Zillions of enemy X Zekkai no Crusade  PS3
No video found for ZaciSa's Last Stand  Wii U
No video found for Zamby and the Mystical Crystals  PC
No video found for Zan  Kagerou no Jidai  PC Engine
No video found for Zangeki Warp  PC
No video found for Zangeki no Reginleiv  Wii
No video found for Zanki Zero  Vita
No video found for Zansuu Driller  Switch
No video found for Zanzarah  The Hidden Portal  PC
No video found for Zap! Snowboarding Trix '98  Saturn
No video found for Zap! Snowboarding Trix  Saturn
No video found for Zapper  One Wicked Cricket  PC
No video found for Zapper  One Wicked Cricket!  PS2
No video found for Zapper  One Wicked Cricket!  Xbox
No video found for Zapper  One Wicked Cricket!  GameCube
No video found for Zapper  One Wicked Cricket!   PS2
No video found for Zapper  One Wicked Cricket!   Xbox
No video found for Zarah Gwoor's Castle  DS
No video found for Zarya and the Cursed Skull  PC
No video found for Zatch Bell Mamodo Battles   PS2
No video found for Zatch Bell!  Mamodo Fury   GameCube
No video found for Zax  The Alien Hunter  PC
No video found for Zegapain NOT  Xbox 360
No video found for Zegapain XOR  Xbox 360
No video found for Zelda  The Wand of Gamelon  Other systems
No video found for ZenNippon Bishoujou Grand Prix  Find Love  Saturn
No video found for Zenerchi  PC
No video found for Zenith  PC
No video found for Zenkoku Dekotora Matsuri  Wii
No video found for Zenless Zone Zero  PC
No video found for Zeno Clash  PC
No video found for Zenodyne R  PC
No video found for Zenonia  PSP
No video found for Zenonia 4  Return of the Legend  Mobile
No video found for Zenonia 5  Mobile
No video found for Zenzizenzic  PC
No video found for Zero Divide  PS1
No video found for Zero Divide  The Final Conflict  Saturn
No video found for Zero Divide 2  The Secret Wish  PS1
No video found for Zero Escape  The Nonary Games  PC
No video found for Zero Escape  Zero Time Dilemma  PC
No video found for Zero Escape  Zero Time Dilemma   Vita
No video found for Zero Escape  Zero Time Dilemma   PS4
No video found for Zero Gunner 2  Dreamcast
No video found for Zero Ranger  Switch
No video found for Zero Zero Zero Zero  Vita
No video found for ZeroG Gunfight  Switch
No video found for Zero4 Champ  DooZyJ TypeR  Saturn
No video found for Zero4 Champ II  PC Engine
No video found for ZeroRanger  PC
No video found for Zeroptian Invasion  Vita
No video found for Zettai Kaikyuu Gakuen  Eden with Roses and Phantasm  Vita
No video found for Zettai Meikyuu Grimm  Nanatsu no Kagi to Rakuen no Otome  PSP
No video found for ZiGGURAT  Mobile
No video found for Zidane Football Generation 2002  GBA
No video found for Zill O'll Infinite  PS2
No video found for Zodiac  PSP
No video found for Zodiac  Orcanon Oddysey  Mobile
No video found for Zoids Assault   Xbox 360
No video found for Zoids Infinity EX Neo  Xbox 360
No video found for Zoids Tactics  PS2
No video found for Zoids Wild  King of Blast  Switch
No video found for Zoku Gussun Oyoyo  Saturn
No video found for Zoku Segare Ijiri  Henchin Tama Segare  PS2
No video found for Zombie Apocalypse  Xbox 360
No video found for Zombie Attack   PS2
No video found for Zombie BowloRama  PC
No video found for Zombie Brigade  No Brain No Gain  Wii U
No video found for Zombie Defense  Wii U
No video found for Zombie Derby 2  PC
No video found for Zombie Driver  PC
No video found for Zombie Hunters   PS2
No video found for Zombie Panic in Wonderland DX  PC
No video found for Zombie Revenge  Dreamcast
No video found for Zombie Rollerz  Pinball Heroes  Switch
No video found for Zombie Shooter  PC
No video found for Zombie Shooter 2  PC
No video found for Zombie Wranglers  Xbox 360
No video found for Zombies  The Last Survivor  Vita
No video found for Zone of the Enders HD Collection  PS3
No video found for Zoo Hospital  DS
No video found for Zoo Hospital  Wii
No video found for Zoo Park  PC
No video found for Zoo Quest  Puzzle Fun  DS
No video found for Zoo Story  Mobile
No video found for Zoo Story 2  Mobile
No video found for Zoo Tycoon  PC
No video found for Zoo Tycoon  Xbox 360
No video found for Zoop  PS1
No video found for Zoop Hunters Grimm  PC
No video found for Zork I  The Great Underground Empire  Saturn
No video found for Zuma  Mobile
No video found for Zumba Fitness  Join the Party  Wii
No video found for Zumba Fitness  Join the Party  Xbox 360
No video found for Zusar Vasar  Dreamcast
No video found for Zutto Tsukushite Ageru no!  PC
No video found for aerofly RC 7  PC
No video found for art of rally  Switch
No video found for beatmania IIDX 10th style  PC
No video found for beatmania IIDX 12 HAPPY SKY  PC
No video found for beatmania IIDX 13 DistorteD  PC
No video found for beatmania IIDX 14 GOLD  PC
No video found for beatmania IIDX 15 DJ TROOPERS  PC
No video found for beatmania IIDX 16 EMPRESS  PC
No video found for beatmania IIDX 18 Resort Anthem  PC
No video found for beatmania IIDX 19 Lincle  PC
No video found for beatmania IIDX 20 tricoro  PC
No video found for beatmania IIDX 21 SPADA  PC
No video found for beatmania IIDX 22 PENDUAL  PC
No video found for beatmania IIDX 24 SINOBUZ  PC
No video found for beatmania IIDX 25 CANNON BALLERS  PC
No video found for beatmania IIDX 26 Rootage  PC
No video found for beatmania IIDX 27 HEROIC VERSE  PC
No video found for beatmania IIDX 28 BISTROVER  PC
No video found for beatmania IIDX 29 CastHour  PC
No video found for beatmania IIDX 2nd style  PC
No video found for beatmania IIDX 3rd style  PC
No video found for beatmania IIDX 4th style  PC
No video found for beatmania IIDX 5th style  PC
No video found for beatmania IIDX 9th style  PC
No video found for beatmania IIDX ULTIMATE MOBILE  Mobile
No video found for beatmania IIDX substream  PC
No video found for bit Dungeon Plus  PC
No video found for code_18  PSP
No video found for code_18  Xbox 360
No video found for cyubeVR  PC
No video found for de Blob  PC
No video found for de Blob 2  PS3
No video found for de Blob 2  Wii
No video found for de Blob 2  DS
No video found for de Blob 2  Switch
No video found for de Blob   Wii
No video found for deSpiria  Dreamcast
No video found for deep space waifu  FLAT JUSTICE  PC
No video found for dothack GU Vol1  Rebirth   PS2
No video found for dothack GU Vol2  Reminisce   PS2
No video found for dothack GU Vol3  Redemption   PS2
No video found for dothack Quarantine  PS2
No video found for dweeMIXED  Thwee Pack  Switch
No video found for eBaseball Powerful Pro Yakyuu 2020  Switch
No video found for eBaseball Powerful Pro Yakyuu 2022  Switch
No video found for eBaseball Professional Yakyuu Spirits 2021  Grand Slam  Switch
No video found for ef  A Fairy Tale of the Two  PS2
No video found for even if TEMPEST  Switch
No video found for eversion  PC
No video found for fault  milestone one  Switch
No video found for fault  milestone two side above  Switch
No video found for fault  milestone two sideabove  PC
No video found for forma8  Wii U
No video found for hackGU Last Recode  Switch
No video found for holedown  Switch
No video found for iDOLM@STER Platinum Stars, THE  PS4
No video found for iDOLM@STER SP, The  Perfect Sun    PSP
No video found for iDOLM@STER, THE  Xbox 360
No video found for iDOLM@STER, THE  Starlit Season  PC
No video found for iDOLM@STER, The  Music Clips  Vita
No video found for iHUGU  Switch
No video found for iZBOT  PC
No video found for id  RebirthSession  Vita
No video found for inFamous  PS3
No video found for jubeat  Mobile
No video found for jubeat plus  Mobile
No video found for klocki  PC
No video found for love clear  Vita
No video found for love clear  Switch
No video found for maimai DX  PC
No video found for maimai DX BUDDiES  PC
No video found for maimai DX FESTiVAL  PC
No video found for maimai DX FESTiVAL PLUS  PC
No video found for maimai DX PLUS  PC
No video found for maimai DX Splash  PC
No video found for maimai DX Splash PLUS  PC
No video found for maimai DX UNiVERSE  PC
No video found for maimai DX UNiVERSE PLUS  PC
No video found for net@versus  Dreamcast
No video found for niconico  Switch
No video found for oOo  Ascension  PC
No video found for pixelBOT EXTREME!  PC
No video found for pop'n music Best Hits!  PS2
No video found for pop'n rhythmin  Mobile
No video found for project OCTOPATH TRAVELER Demo  Switch
No video found for rooMaze  PC
No video found for shapez  PC
No video found for spaceBOUND  PC
No video found for tERRORbane  Switch
No video found for thinkSMART  Family!  Wii
No video found for uDraw Studio  Wii
No video found for uDraw Studio  Instant Artist  Xbox 360
No video found for your diary+  Vita
No video found for ~Azur Ring~virgin and slave's phylacteries  PC
No video found for 夏花的轨迹 ~ A Summer Promise to Forever  PC
